trip_id,date,city_id,passenger_type,distance_travelled(km),fare_amount,passenger_rating,driver_rating
TRPLUC25081220434388,2025-08-12,UP01,repeated,19,197,6,7
TRPJAI250812122988d2,2025-08-12,RJ01,new,17,241,8,9
TRPVIS250812b8a6fa9a,2025-08-12,AP01,new,18,189,8,8
TRPLUC250812fb5e8d05,2025-08-12,UP01,repeated,8,98,5,8
TRPSUR250812ca96c307,2025-08-12,GJ01,repeated,15,139,5,7
TRPSUR2508129bae76c8,2025-08-12,GJ01,repeated,10,99,7,6
TRPJAI250812bbd64580,2025-08-12,RJ01,new,22,301,9,9
TRPSUR250812ac86da8c,2025-08-12,GJ01,repeated,9,91,6,7
TRPIND2508121ad6f8a9,2025-08-12,MP01,new,25,223,10,7
TRPSUR2508120557b316,2025-08-12,GJ01,repeated,10,99,7,8
TRPMYS2508123d8dec88,2025-08-12,KA01,repeated,23,265,9,9
TRPLUC250812733e19a5,2025-08-12,UP01,new,17,179,7,6
TRPLUC2508128f0f9b85,2025-08-12,UP01,new,7,89,8,7
TRPSUR250812bd2729a4,2025-08-12,GJ01,new,7,75,8,6
TRPKOC2508121964ca6e,2025-08-12,KL01,new,17,218,9,9
TRPKOC250812d42531e6,2025-08-12,KL01,new,26,317,8,9
TRPJAI2508126d32ada6,2025-08-12,RJ01,new,28,373,10,10
TRPKOC25081272dd884a,2025-08-12,KL01,new,32,383,9,10
TRPIND2508128fb4cb2b,2025-08-12,MP01,new,12,119,8,9
TRPLUC250812432ef334,2025-08-12,UP01,repeated,18,188,5,8
TRPCHA250812d79c06a0,2025-08-12,CH01,new,29,287,9,9
TRPCOI250812c2cf8d33,2025-08-12,TN01,new,21,191,8,8
TRPJAI250812a9052748,2025-08-12,RJ01,repeated,17,241,9,10
TRPLUC250812a55bbd4b,2025-08-12,UP01,repeated,7,89,7,6
TRPKOC250812b8820e1f,2025-08-12,KL01,new,36,427,9,8
TRPSUR250812093943f4,2025-08-12,GJ01,repeated,11,107,7,5
TRPLUC2508120dc6e804,2025-08-12,UP01,repeated,12,134,6,6
TRPSUR25081214befe7e,2025-08-12,GJ01,repeated,17,155,7,5
TRPIND2508122808ff2e,2025-08-12,MP01,repeated,18,167,9,9
TRPCHA250812d60793da,2025-08-12,CH01,new,29,287,10,8
TRPLUC250812afe5639f,2025-08-12,UP01,repeated,16,170,5,6
TRPIND250812876500c3,2025-08-12,MP01,repeated,20,183,6,7
TRPJAI25081239ae5f67,2025-08-12,RJ01,repeated,29,385,9,9
TRPIND25081227095dcc,2025-08-12,MP01,repeated,14,135,6,7
TRPSUR25081248cfed07,2025-08-12,GJ01,repeated,13,123,6,7
TRPMYS25081256b81553,2025-08-12,KA01,new,8,115,8,9
TRPVAD250812c1a65823,2025-08-12,GJ02,new,14,130,7,8
TRPLUC2508122a3d86e6,2025-08-12,UP01,repeated,10,116,7,6
TRPVAD250812970c129c,2025-08-12,GJ02,repeated,17,154,7,5
TRPVIS25081251af15a6,2025-08-12,AP01,repeated,25,252,9,9
TRPVAD250812e2fb786e,2025-08-12,GJ02,repeated,7,74,6,6
TRPSUR250812cdad351e,2025-08-12,GJ01,new,15,139,8,8
TRPSUR250812a1f39aae,2025-08-12,GJ01,repeated,16,147,7,6
TRPMYS25081297c3b3ed,2025-08-12,KA01,new,18,215,9,8
TRPIND250812e7780f99,2025-08-12,MP01,new,20,183,9,9
TRPLUC250812824a9690,2025-08-12,UP01,new,15,161,9,6
TRPKOC250812c7a79f6f,2025-08-12,KL01,new,32,383,10,8
TRPJAI250812a907b72a,2025-08-12,RJ01,repeated,25,337,8,9
TRPJAI2508128bc1faf9,2025-08-12,RJ01,repeated,21,289,7,9
TRPSUR250812c237c5fb,2025-08-12,GJ01,repeated,8,83,6,6
TRPKOC250812c6e894c3,2025-08-12,KL01,repeated,38,449,7,9
TRPLUC250812caebd137,2025-08-12,UP01,repeated,16,170,5,5
TRPJAI250812897a6cad,2025-08-12,RJ01,new,42,541,8,9
TRPCHA250812741c0254,2025-08-12,CH01,new,21,215,9,9
TRPKOC250812edd8f8b3,2025-08-12,KL01,new,16,207,10,10
TRPLUC2508125caef8a9,2025-08-12,UP01,repeated,11,125,6,8
TRPLUC2508123d1d9479,2025-08-12,UP01,repeated,7,89,6,8
TRPJAI250812d85f844b,2025-08-12,RJ01,new,15,217,9,8
TRPMYS2508122e3958ec,2025-08-12,KA01,new,22,255,10,8
TRPSUR2508124f376aeb,2025-08-12,GJ01,repeated,8,83,7,5
TRPVIS25081242208b73,2025-08-12,AP01,repeated,12,135,9,9
TRPVAD2508128e74ba19,2025-08-12,GJ02,new,11,106,7,7
TRPSUR250812f25b54f6,2025-08-12,GJ01,repeated,12,115,7,6
TRPLUC2508123e735b07,2025-08-12,UP01,repeated,20,206,7,7
TRPLUC2508128e9ddd22,2025-08-12,UP01,repeated,16,170,5,7
TRPLUC2508127c0b390a,2025-08-12,UP01,new,17,179,7,6
TRPVAD250812fca8699e,2025-08-12,GJ02,repeated,16,146,6,6
TRPVIS25081233ff651e,2025-08-12,AP01,repeated,20,207,7,10
TRPKOC2508120fb5e539,2025-08-12,KL01,repeated,36,427,8,10
TRPCHA250812aa122435,2025-08-12,CH01,repeated,20,206,7,7
TRPCOI2508124fcebf80,2025-08-12,TN01,repeated,16,151,9,8
TRPJAI25081211a5bbfb,2025-08-12,RJ01,new,31,409,8,10
TRPLUC2508123e1a7bea,2025-08-12,UP01,repeated,9,107,7,6
TRPKOC2508127f6bd757,2025-08-12,KL01,new,17,218,10,8
TRPSUR250812dc7f6886,2025-08-12,GJ01,repeated,6,67,7,8
TRPCOI250812efd0518d,2025-08-12,TN01,repeated,20,183,9,6
TRPJAI250812aaf30dbe,2025-08-12,RJ01,repeated,30,397,8,8
TRPJAI250812702ff009,2025-08-12,RJ01,repeated,33,433,8,9
TRPLUC2508125e07387a,2025-08-12,UP01,repeated,20,206,5,6
TRPVAD250812bb83818f,2025-08-12,GJ02,repeated,13,122,7,8
TRPCOI250812d6506e2a,2025-08-12,TN01,repeated,8,87,9,8
TRPSUR250812485f10f4,2025-08-12,GJ01,repeated,5,59,7,5
TRPJAI2508129c50ea17,2025-08-12,RJ01,new,32,421,9,10
TRPCHA250812fa1953c0,2025-08-12,CH01,repeated,20,206,7,9
TRPCHA250812739c2acb,2025-08-12,CH01,new,18,188,8,7
TRPCHA250812131108e4,2025-08-12,CH01,repeated,25,251,7,9
TRPVIS250812b6f49c53,2025-08-12,AP01,new,12,135,10,9
TRPVIS2508128674c7b5,2025-08-12,AP01,repeated,14,153,8,8
TRPIND250812c8f1fc23,2025-08-12,MP01,repeated,11,111,8,6
TRPMYS2508129a081177,2025-08-12,KA01,new,20,235,8,9
TRPCHA2508120286a3fa,2025-08-12,CH01,new,27,269,9,7
TRPIND250812aa48fd28,2025-08-12,MP01,repeated,20,183,6,6
TRPLUC250812743d9577,2025-08-12,UP01,repeated,11,125,7,7
TRPCOI250812139bbede,2025-08-12,TN01,repeated,17,159,6,6
TRPLUC250812ac0943e1,2025-08-12,UP01,repeated,19,197,6,6
TRPLUC250812803de0d0,2025-08-12,UP01,repeated,12,134,5,7
TRPVIS2508125b9187a8,2025-08-12,AP01,new,24,243,9,9
TRPIND2508121a58607d,2025-08-12,MP01,repeated,25,223,9,7
TRPVAD250812d4362ef3,2025-08-12,GJ02,new,5,58,8,8
TRPKOC2508122adcf2d8,2025-08-12,KL01,new,24,295,8,8
TRPVIS250812d3ef569f,2025-08-12,AP01,new,32,315,9,9
TRPIND2508126b2ae993,2025-08-12,MP01,repeated,16,151,7,6
TRPCHA250812424254e4,2025-08-12,CH01,repeated,14,152,7,7
TRPLUC250812d6be8305,2025-08-12,UP01,new,20,206,9,7
TRPKOC250812c93fd0b9,2025-08-12,KL01,new,28,339,10,10
TRPJAI250812356e9c78,2025-08-12,RJ01,new,26,349,10,10
TRPIND250812768ae2fb,2025-08-12,MP01,new,19,175,7,8
TRPIND2508126becc8c6,2025-08-12,MP01,repeated,14,135,7,8
TRPKOC2508127f091b30,2025-08-12,KL01,new,19,240,9,10
TRPKOC2508120ca55e68,2025-08-12,KL01,new,11,152,9,9
TRPMYS250812104e5497,2025-08-12,KA01,new,12,155,9,8
TRPIND2508124857a411,2025-08-12,MP01,repeated,16,151,8,6
TRPMYS250812e2489eb2,2025-08-12,KA01,repeated,16,195,7,8
TRPJAI2508123dd1357e,2025-08-12,RJ01,repeated,23,313,9,8
TRPVIS2508120f1d18a4,2025-08-12,AP01,repeated,35,342,8,9
TRPVAD250812f96d52f7,2025-08-12,GJ02,new,14,130,7,6
TRPIND25081246eebf1e,2025-08-12,MP01,new,13,127,9,7
TRPSUR25081232b745f1,2025-08-12,GJ01,repeated,17,155,5,8
TRPLUC25081295c3f71d,2025-08-12,UP01,repeated,20,206,6,5
TRPVAD250812a4675db2,2025-08-12,GJ02,repeated,9,90,6,6
TRPLUC2508127b883950,2025-08-12,UP01,repeated,9,107,7,6
TRPSUR250812d4972342,2025-08-12,GJ01,repeated,14,131,6,5
TRPVAD2508123f503ae2,2025-08-12,GJ02,repeated,14,130,5,6
TRPCOI25081252340f69,2025-08-12,TN01,repeated,14,135,7,8
TRPLUC2508124eb57173,2025-08-12,UP01,repeated,8,98,7,7
TRPVIS250812d3503f84,2025-08-12,AP01,repeated,16,171,7,9
TRPJAI2508122a45b32b,2025-08-12,RJ01,new,32,421,9,10
TRPLUC250812fbad31ab,2025-08-12,UP01,repeated,15,161,5,7
TRPCHA25081233997817,2025-08-12,CH01,new,23,233,7,8
TRPLUC2508128aa67847,2025-08-12,UP01,repeated,17,179,5,8
TRPLUC25081258894ef8,2025-08-12,UP01,repeated,19,197,7,7
TRPVIS2508129908ae8b,2025-08-12,AP01,repeated,31,306,7,9
TRPLUC250812f7b1c201,2025-08-12,UP01,repeated,12,134,6,7
TRPCOI2508121039aceb,2025-08-12,TN01,repeated,12,119,8,7
TRPLUC250812b9b4cb4f,2025-08-12,UP01,repeated,7,89,7,8
TRPSUR25081297839f08,2025-08-12,GJ01,repeated,11,107,7,7
TRPLUC2508121509c1d6,2025-08-12,UP01,repeated,9,107,7,6
TRPSUR250812c0211165,2025-08-12,GJ01,new,13,123,7,7
TRPVAD2508125edfa64e,2025-08-12,GJ02,repeated,18,162,5,8
TRPSUR2508128eb4ba6e,2025-08-12,GJ01,repeated,12,115,7,6
TRPCHA2508120b686398,2025-08-12,CH01,repeated,22,224,9,6
TRPVAD2508126de42c8d,2025-08-12,GJ02,new,12,114,8,7
TRPLUC2508129a7b8fc8,2025-08-12,UP01,repeated,7,89,5,7
TRPKOC2508120c511a6a,2025-08-12,KL01,new,16,207,9,9
TRPJAI25081263ba137c,2025-08-12,RJ01,new,29,385,10,8
TRPLUC250812ef8e7c36,2025-08-12,UP01,repeated,14,152,6,8
TRPIND25081218403f90,2025-08-12,MP01,repeated,15,143,8,9
TRPCHA25081229a4fd28,2025-08-12,CH01,new,21,215,10,8
TRPVAD2508126ad72581,2025-08-12,GJ02,repeated,5,58,5,7
TRPMYS250812dee4125e,2025-08-12,KA01,new,18,215,10,9
TRPLUC25081260380076,2025-08-12,UP01,repeated,12,134,6,8
TRPLUC250812f7c9d9e8,2025-08-12,UP01,repeated,14,152,7,8
TRPSUR2508121e1bc492,2025-08-12,GJ01,repeated,16,147,5,8
TRPIND250812f9965307,2025-08-12,MP01,new,22,199,7,9
TRPIND2508123bb07006,2025-08-12,MP01,repeated,19,175,6,7
TRPSUR250812078bbe8e,2025-08-12,GJ01,repeated,7,75,7,5
TRPIND250812a4127f4d,2025-08-12,MP01,new,22,199,7,9
TRPJAI250812c6171e94,2025-08-12,RJ01,new,19,265,10,9
TRPKOC2508125afc95b6,2025-08-12,KL01,new,15,196,9,10
TRPCHA250812fdc27d06,2025-08-12,CH01,new,24,242,9,9
TRPJAI250812794e0f1f,2025-08-12,RJ01,new,34,445,8,8
TRPLUC250812a80c657a,2025-08-12,UP01,repeated,10,116,5,8
TRPVIS25081202ede133,2025-08-12,AP01,repeated,33,324,9,10
TRPIND250812786ded19,2025-08-12,MP01,repeated,8,87,7,9
TRPIND250812e8eb7490,2025-08-12,MP01,repeated,17,159,8,6
TRPJAI2508124df0e9d4,2025-08-12,RJ01,repeated,20,277,8,8
TRPSUR250812dc2b11fa,2025-08-12,GJ01,repeated,9,91,6,5
TRPMYS250812cab64a9f,2025-08-12,KA01,new,16,195,8,9
TRPKOC250812ec22d030,2025-08-12,KL01,new,11,152,8,9
TRPKOC2508124f91b62e,2025-08-12,KL01,new,20,251,8,8
TRPCHA2508122db8e92a,2025-08-12,CH01,new,28,278,8,9
TRPKOC25081207f344ea,2025-08-12,KL01,new,12,163,10,8
TRPVAD2508125f4a7c5f,2025-08-12,GJ02,new,17,154,9,8
TRPLUC250812bfa0e61c,2025-08-12,UP01,repeated,13,143,6,5
TRPLUC250812fcfd5305,2025-08-12,UP01,new,15,161,8,8
TRPCHA2508129ca05477,2025-08-12,CH01,new,35,341,9,7
TRPIND250812d1fbcb6c,2025-08-12,MP01,new,18,167,10,8
TRPVAD25081290b3c8a7,2025-08-12,GJ02,repeated,8,82,5,7
TRPJAI25081201681acc,2025-08-12,RJ01,repeated,34,445,8,9
TRPVAD2508120b6db93c,2025-08-12,GJ02,repeated,7,74,5,7
TRPVAD250812a163f22a,2025-08-12,GJ02,repeated,8,82,6,5
TRPLUC250812c9baae82,2025-08-12,UP01,new,9,107,8,8
TRPSUR2508125a4730ef,2025-08-12,GJ01,repeated,5,59,5,7
TRPSUR25081260a36250,2025-08-12,GJ01,repeated,12,115,7,8
TRPLUC2508126cbaac4e,2025-08-12,UP01,repeated,18,188,6,6
TRPJAI25081228cac734,2025-08-12,RJ01,new,19,265,10,8
TRPKOC2508121be95977,2025-08-12,KL01,repeated,12,163,9,8
TRPCHA25081283f0b01c,2025-08-12,CH01,new,15,161,8,7
TRPJAI250812943d1175,2025-08-12,RJ01,new,30,397,8,8
TRPKOC250812b0799c8b,2025-08-12,KL01,repeated,36,427,9,10
TRPLUC250812b6078bb9,2025-08-12,UP01,new,18,188,8,7
TRPLUC2508121769eafc,2025-08-12,UP01,new,20,206,8,7
TRPLUC25081231b9b5c5,2025-08-12,UP01,repeated,20,206,6,6
TRPSUR2508122c9a3296,2025-08-12,GJ01,repeated,8,83,6,6
TRPCHA2508122dbb66e7,2025-08-12,CH01,repeated,26,260,7,8
TRPCHA250812d1ed9bb3,2025-08-12,CH01,repeated,31,305,7,6
TRPCHA2508129370ba41,2025-08-12,CH01,new,14,152,9,8
TRPKOC250812e0094ab7,2025-08-12,KL01,new,24,295,10,10
TRPJAI2508129868f4c9,2025-08-12,RJ01,new,43,553,9,10
TRPJAI25081294055eca,2025-08-12,RJ01,repeated,29,385,8,9
TRPCHA25081291ccc17b,2025-08-12,CH01,repeated,28,278,7,7
TRPJAI250812c4eafce7,2025-08-12,RJ01,repeated,35,457,7,9
TRPSUR250812d2d89b91,2025-08-12,GJ01,repeated,8,83,5,5
TRPIND250812f3c94b52,2025-08-12,MP01,repeated,12,119,9,9
TRPJAI250812321b94b7,2025-08-12,RJ01,new,21,289,8,10
TRPIND2508129fe2a727,2025-08-12,MP01,repeated,9,95,7,8
TRPCHA2508128cbce964,2025-08-12,CH01,repeated,34,332,7,6
TRPLUC250812f3939fb6,2025-08-12,UP01,repeated,9,107,5,5
TRPVAD2508120cdc27ea,2025-08-12,GJ02,repeated,16,146,5,6
TRPVIS250812948140e8,2025-08-12,AP01,repeated,19,198,9,8
TRPJAI25081251302de1,2025-08-12,RJ01,repeated,21,289,9,9
TRPVIS2508123a011853,2025-08-12,AP01,repeated,33,324,9,9
TRPJAI2508126f800fea,2025-08-12,RJ01,new,22,301,10,8
TRPJAI250812a784b270,2025-08-12,RJ01,new,20,277,9,10
TRPKOC2508120bf5ead7,2025-08-12,KL01,repeated,17,218,8,9
TRPLUC2508125f67391c,2025-08-12,UP01,new,8,98,9,7
TRPIND250812d84e9de8,2025-08-12,MP01,repeated,25,223,7,7
TRPSUR25081286309975,2025-08-12,GJ01,repeated,14,131,5,7
TRPIND2508129758e0f5,2025-08-12,MP01,repeated,17,159,7,9
TRPKOC2508126fe0ecc6,2025-08-12,KL01,new,34,405,9,10
TRPCOI250812eba069b7,2025-08-12,TN01,repeated,17,159,6,7
TRPJAI250812ec595ae3,2025-08-12,RJ01,new,29,385,9,10
TRPSUR250812b0923004,2025-08-12,GJ01,new,10,99,9,7
TRPIND2508123d9d79d8,2025-08-12,MP01,new,12,119,7,7
TRPVAD250812f5c3bb3d,2025-08-12,GJ02,new,18,162,9,7
TRPJAI250812a232913b,2025-08-12,RJ01,repeated,30,397,7,10
TRPJAI250812a5e16174,2025-08-12,RJ01,repeated,36,469,9,9
TRPLUC250812b52496f4,2025-08-12,UP01,repeated,17,179,5,5
TRPJAI2508120f166ef2,2025-08-12,RJ01,new,32,421,8,10
TRPJAI250812069823c5,2025-08-12,RJ01,new,20,277,10,10
TRPKOC2508122971d1be,2025-08-12,KL01,repeated,16,207,9,10
TRPJAI2508122f54c113,2025-08-12,RJ01,new,22,301,8,10
TRPKOC250812f02c7a20,2025-08-12,KL01,repeated,25,306,7,10
TRPSUR2508128dab9d9a,2025-08-12,GJ01,repeated,17,155,6,8
TRPKOC250812b18b9e56,2025-08-12,KL01,repeated,12,163,9,10
TRPSUR2508127301939e,2025-08-12,GJ01,repeated,6,67,5,6
TRPKOC250812a142ba85,2025-08-12,KL01,new,36,427,9,9
TRPVAD250812767c1bea,2025-08-12,GJ02,new,14,130,7,8
TRPLUC250812d5703d68,2025-08-12,UP01,new,13,143,8,7
TRPIND250812a7a39074,2025-08-12,MP01,new,10,103,8,7
TRPLUC250812144535f8,2025-08-12,UP01,new,17,179,7,8
TRPCHA250812c0a1f10b,2025-08-12,CH01,repeated,26,260,8,7
TRPJAI2508123eb01429,2025-08-12,RJ01,new,19,265,9,9
TRPSUR250812f2f5353b,2025-08-12,GJ01,repeated,17,155,5,6
TRPIND250812bf5127ec,2025-08-12,MP01,new,12,119,9,9
TRPCHA250812c4276216,2025-08-12,CH01,new,17,179,8,8
TRPLUC250812d20dc7eb,2025-08-12,UP01,new,6,80,9,7
TRPSUR250812b5e948f0,2025-08-12,GJ01,new,8,83,7,7
TRPCOI250812a4ccef93,2025-08-12,TN01,new,10,103,7,8
TRPCOI250812e379addd,2025-08-12,TN01,new,13,127,7,9
TRPVIS250812fb24eaf1,2025-08-12,AP01,repeated,33,324,8,10
TRPMYS250812b3f1768f,2025-08-12,KA01,new,14,175,9,10
TRPIND2508125ac73e3c,2025-08-12,MP01,new,14,135,10,9
TRPJAI25081241ca65ca,2025-08-12,RJ01,repeated,26,349,7,10
TRPSUR25081281cc486a,2025-08-12,GJ01,repeated,14,131,7,7
TRPSUR25081239a5fdb5,2025-08-12,GJ01,repeated,14,131,6,5
TRPCHA2508122f9b7d89,2025-08-12,CH01,repeated,17,179,9,9
TRPLUC250812bfa9f5f2,2025-08-12,UP01,new,14,152,9,8
TRPJAI2508129557b773,2025-08-12,RJ01,repeated,15,217,9,10
TRPMYS250812b77f44af,2025-08-12,KA01,new,12,155,10,9
TRPCOI25081286476b09,2025-08-12,TN01,new,9,95,8,8
TRPSUR25081280f2ca13,2025-08-12,GJ01,new,6,67,7,8
TRPJAI250812fb6e7cd5,2025-08-12,RJ01,repeated,31,409,8,9
TRPVAD25081260d5536a,2025-08-12,GJ02,repeated,8,82,7,6
TRPCHA250812144fa41c,2025-08-12,CH01,repeated,21,215,7,8
TRPCHA250812b8e90e44,2025-08-12,CH01,repeated,32,314,6,7
TRPKOC25081281a043f8,2025-08-12,KL01,new,23,284,8,9
TRPLUC2508121374ded0,2025-08-12,UP01,repeated,5,71,6,8
TRPSUR2508123bf02401,2025-08-12,GJ01,repeated,6,67,5,6
TRPCHA250812492f93fc,2025-08-12,CH01,repeated,20,206,8,7
TRPIND250812fe724515,2025-08-12,MP01,repeated,11,111,8,9
TRPJAI250812f4b3f60b,2025-08-12,RJ01,repeated,20,277,7,10
TRPCOI250812d3bf53fa,2025-08-12,TN01,new,8,87,8,8
TRPKOC2508124935562d,2025-08-12,KL01,repeated,19,240,8,8
TRPLUC250812a136d7b5,2025-08-12,UP01,new,5,71,8,8
TRPSUR2508122226081f,2025-08-12,GJ01,repeated,9,91,6,6
TRPCOI25081286bc4773,2025-08-12,TN01,repeated,17,159,6,6
TRPKOC25081288755ae4,2025-08-12,KL01,new,36,427,8,10
TRPLUC250812b242d884,2025-08-12,UP01,repeated,7,89,5,6
TRPKOC25081203b8a885,2025-08-12,KL01,new,14,185,8,9
TRPVAD2508121ba8e384,2025-08-12,GJ02,repeated,15,138,6,8
TRPJAI25081236757339,2025-08-12,RJ01,repeated,34,445,8,10
TRPSUR250812491239f3,2025-08-12,GJ01,repeated,10,99,7,6
TRPJAI250812e9137126,2025-08-12,RJ01,new,19,265,9,8
TRPVIS250812804b18cd,2025-08-12,AP01,repeated,12,135,7,9
TRPLUC250812b9f9b2c2,2025-08-12,UP01,repeated,18,188,6,8
TRPCHA250812879ced5c,2025-08-12,CH01,repeated,15,161,8,6
TRPKOC25081294995241,2025-08-12,KL01,new,18,229,9,8
TRPCOI2508129285abaa,2025-08-12,TN01,new,11,111,7,9
TRPCHA250812852ab786,2025-08-12,CH01,repeated,32,314,7,9
TRPJAI2508124a22146a,2025-08-12,RJ01,new,19,265,8,10
TRPLUC2508125589515f,2025-08-12,UP01,new,20,206,8,6
TRPLUC25081218baa5c2,2025-08-12,UP01,repeated,15,161,7,7
TRPJAI250812015cd65b,2025-08-12,RJ01,new,42,541,9,8
TRPSUR25081266cb3dd5,2025-08-12,GJ01,new,14,131,8,7
TRPLUC250812c3ee38b0,2025-08-12,UP01,repeated,20,206,6,7
TRPSUR2508128b466921,2025-08-12,GJ01,new,16,147,8,8
TRPJAI2508125e46959a,2025-08-12,RJ01,new,40,517,10,8
TRPIND25081264e1142e,2025-08-12,MP01,repeated,21,191,6,7
TRPKOC250812e5c3f8bc,2025-08-12,KL01,new,12,163,8,10
TRPVIS250812f4bf52fb,2025-08-12,AP01,repeated,17,180,8,9
TRPCHA2508122dd18c17,2025-08-12,CH01,new,22,224,10,9
TRPSUR2508127597e3db,2025-08-12,GJ01,repeated,12,115,5,5
TRPSUR250812a2e79670,2025-08-12,GJ01,repeated,5,59,7,6
TRPIND250812073a17c4,2025-08-12,MP01,repeated,22,199,9,6
TRPVAD250812a1d8879f,2025-08-12,GJ02,repeated,12,114,6,6
TRPCHA250812aef216ba,2025-08-12,CH01,new,14,152,9,7
TRPJAI25081254408dd0,2025-08-12,RJ01,new,25,337,10,10
TRPJAI2508123b8623db,2025-08-12,RJ01,repeated,42,541,9,10
TRPSUR250812f2603c48,2025-08-12,GJ01,repeated,8,83,5,6
TRPJAI250812b7d009f0,2025-08-12,RJ01,new,27,361,8,10
TRPIND2508125ed8db62,2025-08-12,MP01,new,20,183,8,8
TRPVIS25081216ee6d2b,2025-08-12,AP01,new,29,288,10,8
TRPJAI250812f0754dc1,2025-08-12,RJ01,repeated,16,229,8,8
TRPJAI25081220c963e5,2025-08-12,RJ01,new,25,337,10,8
TRPJAI2508125931a2a9,2025-08-12,RJ01,new,31,409,8,8
TRPIND25081226d70a9c,2025-08-12,MP01,repeated,13,127,6,6
TRPSUR250812be3d2b5e,2025-08-12,GJ01,repeated,9,91,5,8
TRPCHA2508121303db0d,2025-08-12,CH01,repeated,13,143,8,9
TRPSUR250812c4233b55,2025-08-12,GJ01,repeated,13,123,6,6
TRPVAD250812bed683d7,2025-08-12,GJ02,new,11,106,8,7
TRPCHA25081292c16ab3,2025-08-12,CH01,new,21,215,7,8
TRPLUC250812cfe9b6d5,2025-08-12,UP01,repeated,16,170,7,5
TRPSUR25081244921185,2025-08-12,GJ01,repeated,15,139,7,7
TRPIND25081244c52131,2025-08-12,MP01,repeated,15,143,6,9
TRPVIS250812e0a99a51,2025-08-12,AP01,new,26,261,10,9
TRPLUC2508129099d872,2025-08-12,UP01,repeated,13,143,6,5
TRPIND2508123539326b,2025-08-12,MP01,new,22,199,8,9
TRPCHA2508129c4bd23d,2025-08-12,CH01,repeated,27,269,9,7
TRPVAD2508121dc39e39,2025-08-12,GJ02,repeated,9,90,6,5
TRPKOC2508120a7c49ce,2025-08-12,KL01,new,23,284,9,10
TRPIND2508120be35d73,2025-08-12,MP01,repeated,21,191,7,7
TRPCHA250812fe504210,2025-08-12,CH01,repeated,32,314,8,9
TRPSUR250812ce1e45a2,2025-08-12,GJ01,new,12,115,8,6
TRPJAI250812a7d34072,2025-08-12,RJ01,repeated,27,361,8,9
TRPSUR250812701339a1,2025-08-12,GJ01,repeated,16,147,7,6
TRPCHA250812c57a1887,2025-08-12,CH01,repeated,15,161,6,7
TRPIND2508125fb477c5,2025-08-12,MP01,repeated,22,199,7,7
TRPVAD250812e460a0ae,2025-08-12,GJ02,new,17,154,8,7
TRPIND250812a800620e,2025-08-12,MP01,repeated,10,103,7,7
TRPSUR2508121ceebab9,2025-08-12,GJ01,repeated,17,155,7,8
TRPIND250812e34db14b,2025-08-12,MP01,repeated,21,191,8,8
TRPLUC25081286a51b84,2025-08-12,UP01,new,15,161,9,7
TRPLUC250812bbe22d5a,2025-08-12,UP01,repeated,20,206,7,8
TRPCHA250812f50108ea,2025-08-12,CH01,repeated,31,305,9,7
TRPSUR2508125a26ecdb,2025-08-12,GJ01,repeated,12,115,7,7
TRPIND2508125477bb0b,2025-08-12,MP01,repeated,10,103,6,8
TRPLUC250812f1100ac5,2025-08-12,UP01,new,5,71,7,7
TRPSUR250812a1ef3aca,2025-08-12,GJ01,repeated,14,131,6,6
TRPKOC250812ffc8f06c,2025-08-12,KL01,new,27,328,9,8
TRPCOI25081228d2b58f,2025-08-12,TN01,repeated,8,87,7,9
TRPLUC250812e896d45a,2025-08-12,UP01,new,17,179,9,7
TRPKOC25081271d997e8,2025-08-12,KL01,repeated,33,394,7,9
TRPJAI250812fca14321,2025-08-12,RJ01,repeated,25,337,9,8
TRPLUC2508125e69bcc4,2025-08-12,UP01,new,16,170,8,8
TRPVAD250812aaf599bf,2025-08-12,GJ02,repeated,17,154,5,7
TRPVIS250812f8eed247,2025-08-12,AP01,new,12,135,9,8
TRPIND2508120b16f4eb,2025-08-12,MP01,repeated,8,87,6,9
TRPJAI250812f28c05ba,2025-08-12,RJ01,new,31,409,8,8
TRPVIS25081234c31d7f,2025-08-12,AP01,new,30,297,10,9
TRPVAD2508123152cc39,2025-08-12,GJ02,repeated,14,130,7,8
TRPKOC250812af25e91e,2025-08-12,KL01,repeated,24,295,7,10
TRPSUR2508129ed693bf,2025-08-12,GJ01,repeated,8,83,5,6
TRPVAD2508127ca9ead2,2025-08-12,GJ02,repeated,18,162,7,5
TRPJAI250812665b31d6,2025-08-12,RJ01,new,18,253,10,10
TRPVIS2508126943b6da,2025-08-12,AP01,repeated,20,207,7,10
TRPLUC25081290642f08,2025-08-12,UP01,repeated,9,107,7,6
TRPJAI2508126f9b9d76,2025-08-12,RJ01,repeated,18,253,9,10
TRPJAI25081218dafe93,2025-08-12,RJ01,new,42,541,8,9
TRPLUC25081212f33064,2025-08-12,UP01,repeated,13,143,6,5
TRPKOC25081205bc107b,2025-08-12,KL01,new,21,262,10,8
TRPLUC250812e4b8553f,2025-08-12,UP01,repeated,19,197,7,8
TRPSUR2508120776696e,2025-08-12,GJ01,repeated,11,107,5,8
TRPJAI250812663e8433,2025-08-12,RJ01,repeated,32,421,7,8
TRPJAI25081245ac3fbf,2025-08-12,RJ01,new,31,409,8,9
TRPIND25081280f6e1b7,2025-08-12,MP01,new,23,207,9,9
TRPJAI250812e5a1e3ff,2025-08-12,RJ01,repeated,38,493,8,10
TRPLUC250812e68ad848,2025-08-12,UP01,repeated,19,197,6,7
TRPCHA250812a7abc29d,2025-08-12,CH01,repeated,35,341,8,9
TRPJAI25081273efdc29,2025-08-12,RJ01,new,37,481,8,9
TRPVIS250812b3a6a306,2025-08-12,AP01,new,13,144,8,10
TRPSUR25081291ba99b6,2025-08-12,GJ01,repeated,6,67,5,7
TRPCOI25081294479020,2025-08-12,TN01,repeated,15,143,6,8
TRPSUR250812728d3fc2,2025-08-12,GJ01,repeated,16,147,7,5
TRPVIS25081299cd9eea,2025-08-12,AP01,new,11,126,10,10
TRPSUR250812d0505a13,2025-08-12,GJ01,repeated,13,123,5,7
TRPLUC2508121f101e0f,2025-08-12,UP01,repeated,17,179,5,5
TRPJAI250812ed989a93,2025-08-12,RJ01,new,28,373,10,8
TRPVAD25081242c5706e,2025-08-12,GJ02,repeated,15,138,5,5
TRPSUR25081241615622,2025-08-12,GJ01,repeated,6,67,6,8
TRPCOI2508127d7b0d30,2025-08-12,TN01,repeated,14,135,8,7
TRPLUC250812280b071a,2025-08-12,UP01,repeated,18,188,7,7
TRPIND2508120970a92e,2025-08-12,MP01,repeated,16,151,9,8
TRPCHA250812440f9696,2025-08-12,CH01,repeated,20,206,9,6
TRPCHA250812008d5f87,2025-08-12,CH01,new,21,215,8,9
TRPJAI25081234e2d436,2025-08-12,RJ01,repeated,22,301,8,9
TRPLUC25081227883c3c,2025-08-12,UP01,repeated,11,125,5,6
TRPCHA250812a28d2cad,2025-08-12,CH01,new,21,215,9,7
TRPLUC250812d7afa906,2025-08-12,UP01,repeated,9,107,6,7
TRPLUC2508122aa01c49,2025-08-12,UP01,repeated,11,125,6,8
TRPVIS250812dbf85fa1,2025-08-12,AP01,new,30,297,8,9
TRPVIS250812274980fb,2025-08-12,AP01,repeated,17,180,8,10
TRPLUC2508124a46761e,2025-08-12,UP01,new,19,197,7,8
TRPCOI2508123c700d84,2025-08-12,TN01,new,9,95,7,7
TRPJAI250812c7326676,2025-08-12,RJ01,repeated,20,277,7,10
TRPCHA250812ef5a3138,2025-08-12,CH01,repeated,16,170,8,7
TRPVAD2508125169ec6f,2025-08-12,GJ02,repeated,9,90,7,5
TRPLUC250812e94481a4,2025-08-12,UP01,repeated,20,206,5,7
TRPIND2508123623bad0,2025-08-12,MP01,new,19,175,9,9
TRPJAI250812429ab551,2025-08-12,RJ01,repeated,15,217,8,10
TRPMYS250812e3661194,2025-08-12,KA01,new,16,195,8,8
TRPIND2508125456919c,2025-08-12,MP01,new,23,207,10,9
TRPLUC250812ea579932,2025-08-12,UP01,new,5,71,9,7
TRPCOI250812ac9a4c69,2025-08-12,TN01,new,11,111,7,8
TRPJAI250812b16943ce,2025-08-12,RJ01,new,21,289,9,8
TRPKOC2508122ad1a98e,2025-08-12,KL01,repeated,24,295,9,9
TRPLUC250812d0df8e1d,2025-08-12,UP01,new,10,116,9,7
TRPJAI250812f7fb659e,2025-08-12,RJ01,repeated,15,217,7,9
TRPLUC250812481fa9a6,2025-08-12,UP01,repeated,20,206,5,8
TRPLUC250812eab30296,2025-08-12,UP01,repeated,17,179,6,8
TRPLUC25081290d3f9a7,2025-08-12,UP01,repeated,14,152,6,5
TRPIND250812f8973cc8,2025-08-12,MP01,repeated,9,95,7,9
TRPLUC250812037ada5d,2025-08-12,UP01,new,11,125,8,7
TRPLUC25081200dac515,2025-08-12,UP01,repeated,17,179,7,7
TRPCHA250812dcbbcd89,2025-08-12,CH01,repeated,24,242,9,6
TRPVAD2508125c80cc02,2025-08-12,GJ02,new,15,138,9,7
TRPSUR2508122de32793,2025-08-12,GJ01,repeated,6,67,6,5
TRPSUR2508129ac99204,2025-08-12,GJ01,repeated,14,131,5,7
TRPSUR250812a48bae84,2025-08-12,GJ01,new,5,59,9,7
TRPLUC250812e7e42f0e,2025-08-12,UP01,repeated,13,143,6,7
TRPLUC2508125ea5c210,2025-08-12,UP01,repeated,16,170,7,5
TRPVAD250812c335096a,2025-08-12,GJ02,repeated,15,138,6,8
TRPJAI2508122ff4b74e,2025-08-12,RJ01,new,30,397,8,9
TRPIND250812a1dfaca9,2025-08-12,MP01,repeated,10,103,8,9
TRPIND2508120b1675ea,2025-08-12,MP01,new,19,175,8,7
TRPVIS250812850eff5b,2025-08-12,AP01,new,31,306,8,10
TRPCHA2508127f671fd1,2025-08-12,CH01,new,12,134,9,8
TRPJAI25081276658c6e,2025-08-12,RJ01,new,17,241,9,10
TRPSUR2508120e357308,2025-08-12,GJ01,repeated,6,67,5,6
TRPIND250812489ad942,2025-08-12,MP01,new,24,215,10,7
TRPCHA250812ba1f4481,2025-08-12,CH01,new,13,143,10,8
TRPSUR250812c232584b,2025-08-12,GJ01,new,10,99,7,8
TRPLUC250812f3350cbc,2025-08-12,UP01,repeated,8,98,6,5
TRPKOC25081253b96cec,2025-08-12,KL01,repeated,19,240,7,10
TRPLUC2508126ea55f4d,2025-08-12,UP01,repeated,19,197,7,6
TRPJAI250812cfad01e9,2025-08-12,RJ01,new,38,493,10,8
TRPIND25081219a760c7,2025-08-12,MP01,repeated,20,183,8,6
TRPLUC250812373ad58c,2025-08-12,UP01,repeated,20,206,7,8
TRPVAD250812dd58e266,2025-08-12,GJ02,repeated,5,58,5,7
TRPJAI250812d2b39d4d,2025-08-12,RJ01,new,31,409,8,10
TRPKOC250812f200420b,2025-08-12,KL01,new,10,141,10,9
TRPKOC2508122ca87e88,2025-08-12,KL01,new,13,174,10,10
TRPLUC250812b55d8a2b,2025-08-12,UP01,repeated,12,134,7,5
TRPKOC2508125406511e,2025-08-12,KL01,new,34,405,10,9
TRPJAI2508123b48f76c,2025-08-12,RJ01,repeated,26,349,8,9
TRPJAI250812d0b249f1,2025-08-12,RJ01,new,22,301,10,9
TRPJAI25081273977020,2025-08-12,RJ01,repeated,22,301,4,4
TRPCOI2508122d3bfef9,2025-08-12,TN01,repeated,11,111,6,8
TRPLUC2508127d775da5,2025-08-12,UP01,new,13,143,7,8
TRPCHA2508124c5b0c51,2025-08-12,CH01,repeated,19,197,8,6
TRPJAI250812418c68c3,2025-08-12,RJ01,new,22,301,9,10
TRPVAD25081234781f1a,2025-08-12,GJ02,new,18,162,8,8
TRPJAI250812b24eb666,2025-08-12,RJ01,repeated,45,577,7,10
TRPSUR250812ddb880cf,2025-08-12,GJ01,repeated,15,139,7,6
TRPLUC2508120bc433f3,2025-08-12,UP01,repeated,11,125,5,5
TRPLUC2508127503440d,2025-08-12,UP01,repeated,12,134,7,6
TRPVAD2508122cab3ca2,2025-08-12,GJ02,new,15,138,9,8
TRPLUC25081217e338cc,2025-08-12,UP01,repeated,8,98,6,7
TRPSUR250812db4c2e79,2025-08-12,GJ01,repeated,9,91,7,7
TRPJAI2508121b5697a9,2025-08-12,RJ01,repeated,37,481,8,8
TRPLUC2508128d9dd505,2025-08-12,UP01,repeated,7,89,6,8
TRPJAI250812bea06a70,2025-08-12,RJ01,repeated,31,409,7,9
TRPJAI25081241f37fad,2025-08-12,RJ01,new,22,301,9,10
TRPVAD25081254106382,2025-08-12,GJ02,repeated,6,66,6,8
TRPLUC250812997eb795,2025-08-12,UP01,repeated,17,179,7,8
TRPSUR25081287c97e95,2025-08-12,GJ01,repeated,11,107,6,5
TRPCHA2508123e12f8b6,2025-08-12,CH01,repeated,30,296,9,8
TRPLUC250812b856e63b,2025-08-12,UP01,repeated,6,80,6,8
TRPLUC250812fc90ebb2,2025-08-12,UP01,repeated,13,143,6,5
TRPIND250812e0015650,2025-08-12,MP01,repeated,19,175,9,7
TRPJAI2508126ffa569a,2025-08-12,RJ01,repeated,25,337,7,10
TRPSUR250812554e03c5,2025-08-12,GJ01,new,13,123,7,7
TRPCHA250812166de040,2025-08-12,CH01,new,26,260,9,8
TRPVIS250812fdf549fa,2025-08-12,AP01,repeated,14,153,7,8
TRPIND25081296b3e3fb,2025-08-12,MP01,new,8,87,8,7
TRPSUR25081218d7d4a4,2025-08-12,GJ01,repeated,5,59,5,6
TRPSUR2508127f39477d,2025-08-12,GJ01,repeated,7,75,5,6
TRPCHA25081271b70f54,2025-08-12,CH01,new,35,341,8,8
TRPVIS2508127d12a187,2025-08-12,AP01,repeated,18,189,9,9
TRPLUC250812463776b1,2025-08-12,UP01,new,14,152,9,8
TRPJAI25081266676163,2025-08-12,RJ01,repeated,36,469,8,10
TRPVIS250812843c3e74,2025-08-12,AP01,new,12,135,8,10
TRPLUC2508125cb304b9,2025-08-12,UP01,repeated,5,71,6,7
TRPLUC25081281f800a2,2025-08-12,UP01,repeated,19,197,5,8
TRPVIS2508123a8fa18a,2025-08-12,AP01,repeated,15,162,8,8
TRPCHA250812fa2db045,2025-08-12,CH01,repeated,18,188,6,6
TRPLUC25081294307565,2025-08-12,UP01,repeated,11,125,7,8
TRPCOI25081257591d96,2025-08-12,TN01,repeated,12,119,8,6
TRPSUR25081204b39da6,2025-08-12,GJ01,repeated,11,107,6,5
TRPCHA250812ac034389,2025-08-12,CH01,new,25,251,8,8
TRPKOC250812542e1176,2025-08-12,KL01,repeated,12,163,8,9
TRPSUR25081247b1197c,2025-08-12,GJ01,new,12,115,7,7
TRPSUR2508124751fa04,2025-08-12,GJ01,repeated,17,155,5,5
TRPJAI250812f1562002,2025-08-12,RJ01,new,38,493,9,9
TRPVAD2508124cd0ccae,2025-08-12,GJ02,repeated,16,146,6,8
TRPJAI2508122523efa6,2025-08-12,RJ01,new,28,373,9,10
TRPVIS2508123c2b4e3d,2025-08-12,AP01,repeated,15,162,9,10
TRPKOC250812fb81f9a7,2025-08-12,KL01,new,17,218,9,10
TRPSUR250812e3a16507,2025-08-12,GJ01,repeated,16,147,7,7
TRPKOC25081272bef4d4,2025-08-12,KL01,new,33,394,8,9
TRPJAI2508129de29e47,2025-08-12,RJ01,new,32,421,8,10
TRPCHA2508122b6a36ff,2025-08-12,CH01,new,32,314,10,8
TRPJAI25081212f9893a,2025-08-12,RJ01,new,42,541,10,10
TRPSUR250812cfe6aae4,2025-08-12,GJ01,repeated,12,115,6,5
TRPLUC2508125a5bd71d,2025-08-12,UP01,repeated,19,197,7,5
TRPVAD25081226d49576,2025-08-12,GJ02,repeated,13,122,7,8
TRPKOC250812d97d9d91,2025-08-12,KL01,new,20,251,9,8
TRPJAI2508123b53a506,2025-08-12,RJ01,new,20,277,10,10
TRPSUR2508125571b7cc,2025-08-12,GJ01,new,16,147,7,8
TRPIND25081252882553,2025-08-12,MP01,repeated,11,111,8,7
TRPSUR250812b24a59af,2025-08-12,GJ01,new,5,59,8,8
TRPKOC250812747f7db3,2025-08-12,KL01,repeated,15,196,7,8
TRPLUC250812351a8312,2025-08-12,UP01,new,20,206,7,8
TRPVAD250812bf29b401,2025-08-12,GJ02,repeated,16,146,6,8
TRPJAI250812d53f8293,2025-08-12,RJ01,new,26,349,8,9
TRPCHA2508128994426a,2025-08-12,CH01,new,14,152,10,7
TRPIND2508129735de3e,2025-08-12,MP01,new,14,135,7,8
TRPVAD250812d1a54283,2025-08-12,GJ02,new,12,114,9,8
TRPLUC2508124cfb4e58,2025-08-12,UP01,new,14,152,8,8
TRPLUC25081247166178,2025-08-12,UP01,repeated,12,134,6,7
TRPCHA250812b6df1e52,2025-08-12,CH01,repeated,15,161,6,9
TRPCHA250812b4379127,2025-08-12,CH01,new,24,242,10,8
TRPKOC250812d552580c,2025-08-12,KL01,repeated,27,328,8,9
TRPSUR2508121bf27441,2025-08-12,GJ01,new,16,147,8,8
TRPJAI250812b02512bd,2025-08-12,RJ01,repeated,32,421,8,8
TRPSUR2508121692e3c2,2025-08-12,GJ01,repeated,6,67,5,6
TRPJAI250812bf965f1f,2025-08-12,RJ01,repeated,33,433,7,10
TRPCOI2508123e7b0ba3,2025-08-12,TN01,repeated,21,191,8,8
TRPVAD250812717d77af,2025-08-12,GJ02,repeated,8,82,6,6
TRPCHA2508128f66c274,2025-08-12,CH01,repeated,17,179,8,8
TRPVAD250812c116396a,2025-08-12,GJ02,new,16,146,8,7
TRPCHA2508126c79ffb0,2025-08-12,CH01,new,19,197,7,8
TRPLUC250812bb329821,2025-08-12,UP01,repeated,9,107,7,8
TRPJAI25081298f16b19,2025-08-12,RJ01,new,45,577,8,10
TRPIND2508129f035749,2025-08-12,MP01,new,23,207,7,7
TRPLUC25081272dd17d9,2025-08-12,UP01,new,12,134,9,8
TRPSUR250812d3c37d1b,2025-08-12,GJ01,repeated,14,131,7,7
TRPLUC250812b2994d14,2025-08-12,UP01,repeated,11,125,5,6
TRPIND250812e44224a9,2025-08-12,MP01,repeated,19,175,7,7
TRPJAI2508129c20f831,2025-08-12,RJ01,repeated,30,397,8,9
TRPLUC250812b435a919,2025-08-12,UP01,repeated,13,143,7,7
TRPVAD250812a48d5cd3,2025-08-12,GJ02,repeated,6,66,7,6
TRPKOC2508123ac0521c,2025-08-12,KL01,repeated,36,427,9,9
TRPLUC2508122e534762,2025-08-12,UP01,new,16,170,7,6
TRPLUC250812418f456a,2025-08-12,UP01,repeated,5,71,5,8
TRPCOI2508128c4b6d6e,2025-08-12,TN01,repeated,20,183,7,8
TRPSUR25081241b8431e,2025-08-12,GJ01,repeated,6,67,5,8
TRPLUC250812719cb928,2025-08-12,UP01,repeated,19,197,6,8
TRPLUC250812a8aee2af,2025-08-12,UP01,repeated,14,152,5,6
TRPCHA250812a6c39e16,2025-08-12,CH01,repeated,27,269,9,9
TRPLUC2508126ab33482,2025-08-12,UP01,repeated,18,188,6,7
TRPJAI2508125bedb6a6,2025-08-12,RJ01,new,21,289,8,10
TRPCHA250812789682c3,2025-08-12,CH01,repeated,20,206,8,7
TRPKOC25081211319315,2025-08-12,KL01,repeated,30,361,8,9
TRPCHA25081298e6595f,2025-08-12,CH01,new,28,278,7,8
TRPSUR25081228fe4e4f,2025-08-12,GJ01,repeated,9,91,7,6
TRPSUR250812705c718a,2025-08-12,GJ01,new,5,59,7,8
TRPSUR250812ecbc828e,2025-08-12,GJ01,repeated,11,107,6,8
TRPCHA25081251231e68,2025-08-12,CH01,repeated,13,143,9,7
TRPVAD2508123d100d18,2025-08-12,GJ02,new,18,162,7,7
TRPJAI2508121054bfc0,2025-08-12,RJ01,new,33,433,9,8
TRPLUC2508127e5c1962,2025-08-12,UP01,repeated,18,188,7,5
TRPCHA25081236965432,2025-08-12,CH01,repeated,18,188,9,9
TRPKOC250812a015f20d,2025-08-12,KL01,new,38,449,10,8
TRPSUR250812dacdc7f6,2025-08-12,GJ01,repeated,5,59,6,6
TRPCOI250812c2401b5f,2025-08-12,TN01,repeated,22,199,8,7
TRPCHA25081229733eaa,2025-08-12,CH01,repeated,19,197,8,8
TRPLUC250812c82b3a85,2025-08-12,UP01,new,17,179,8,7
TRPVIS25081291ecbf56,2025-08-12,AP01,new,17,180,10,9
TRPLUC25081265e5070b,2025-08-12,UP01,new,16,170,7,7
TRPSUR250812dc4078d3,2025-08-12,GJ01,repeated,14,131,7,8
TRPVIS2508122ff5e256,2025-08-12,AP01,repeated,27,270,8,8
TRPCHA2508129b588e40,2025-08-12,CH01,new,32,314,8,7
TRPLUC250812228d79e2,2025-08-12,UP01,new,11,125,8,7
TRPVIS250812c2cb8026,2025-08-12,AP01,repeated,28,279,7,8
TRPSUR2508128c25cd51,2025-08-12,GJ01,new,12,115,9,6
TRPCHA2508120a273778,2025-08-12,CH01,new,28,278,8,7
TRPJAI250812c2b77732,2025-08-12,RJ01,new,36,469,8,9
TRPIND250812d795ae0b,2025-08-12,MP01,new,16,151,9,9
TRPSUR25081268a99908,2025-08-12,GJ01,new,15,139,7,7
TRPSUR250812f31a5504,2025-08-12,GJ01,repeated,10,99,5,5
TRPLUC2508126e4457c2,2025-08-12,UP01,repeated,6,80,5,8
TRPSUR250812bdb826e0,2025-08-12,GJ01,new,17,155,9,8
TRPVAD25081280778f68,2025-08-12,GJ02,repeated,5,58,7,8
TRPVIS25081257cae6e4,2025-08-12,AP01,new,13,144,10,8
TRPLUC25081263fea6a7,2025-08-12,UP01,repeated,20,206,7,5
TRPMYS250812b155a6f9,2025-08-12,KA01,repeated,8,115,7,8
TRPLUC250812963bff46,2025-08-12,UP01,repeated,16,170,5,6
TRPVAD2508121cb7c23f,2025-08-12,GJ02,repeated,13,122,6,6
TRPVIS2508129721a290,2025-08-12,AP01,repeated,29,288,8,10
TRPIND250812392e0fff,2025-08-12,MP01,new,15,143,9,7
TRPIND25081296ef1130,2025-08-12,MP01,repeated,18,167,7,9
TRPJAI2508128e6c5949,2025-08-12,RJ01,repeated,22,301,9,10
TRPJAI250812cfd7da9a,2025-08-12,RJ01,new,36,469,8,10
TRPSUR2508122586c353,2025-08-12,GJ01,repeated,10,99,7,8
TRPCHA2508128f2ff2d5,2025-08-12,CH01,repeated,16,170,7,9
TRPIND250812c4a5a76a,2025-08-12,MP01,repeated,25,223,7,6
TRPLUC250812f1d9de7d,2025-08-12,UP01,repeated,12,134,6,6
TRPKOC250812ce6194fc,2025-08-12,KL01,repeated,14,185,9,8
TRPSUR25081244aa9483,2025-08-12,GJ01,repeated,13,123,6,5
TRPJAI25081243d9b2cf,2025-08-12,RJ01,repeated,38,493,8,8
TRPIND2508129c92f144,2025-08-12,MP01,repeated,8,87,7,6
TRPVIS2508126d5e7265,2025-08-12,AP01,repeated,10,117,9,10
TRPCHA250812ff2d544e,2025-08-12,CH01,new,29,287,7,7
TRPSUR250812da970069,2025-08-12,GJ01,repeated,9,91,5,8
TRPVAD250812e7a63308,2025-08-12,GJ02,new,7,74,9,8
TRPCOI250812ca27ca99,2025-08-12,TN01,repeated,8,87,7,6
TRPSUR2508125e9c70fe,2025-08-12,GJ01,repeated,7,75,6,7
TRPLUC2508127fe34484,2025-08-12,UP01,new,14,152,8,7
TRPMYS2508129bd1273d,2025-08-12,KA01,new,16,195,10,9
TRPVIS2508127ede84c7,2025-08-12,AP01,repeated,11,126,7,8
TRPVIS250812a4271a1f,2025-08-12,AP01,repeated,20,207,9,10
TRPLUC250812b67ded99,2025-08-12,UP01,repeated,7,89,6,6
TRPSUR2508121cb95ddb,2025-08-12,GJ01,repeated,16,147,6,5
TRPLUC250812f2252798,2025-08-12,UP01,new,8,98,8,7
TRPLUC2508122f221337,2025-08-12,UP01,repeated,12,134,5,7
TRPLUC25081271ae2f61,2025-08-12,UP01,repeated,18,188,6,6
TRPVIS250812aae1ad85,2025-08-12,AP01,new,12,135,10,9
TRPKOC250812228b2601,2025-08-12,KL01,new,12,163,10,8
TRPSUR250812d4b89182,2025-08-12,GJ01,new,7,75,9,6
TRPCOI250812d1189385,2025-08-12,TN01,repeated,19,175,6,8
TRPVIS25081239d14de6,2025-08-12,AP01,new,18,189,8,10
TRPSUR250812a8367004,2025-08-12,GJ01,repeated,9,91,6,7
TRPJAI250812f3051e61,2025-08-12,RJ01,repeated,22,301,7,8
TRPVAD250812849eca89,2025-08-12,GJ02,repeated,9,90,7,6
TRPSUR250812e6711449,2025-08-12,GJ01,repeated,9,91,5,7
TRPSUR25081263769522,2025-08-12,GJ01,repeated,17,155,5,8
TRPCHA25081298305127,2025-08-12,CH01,new,13,143,9,8
TRPIND2508124eae20d9,2025-08-12,MP01,repeated,14,135,8,7
TRPVIS250812cd9131a7,2025-08-12,AP01,repeated,20,207,9,8
TRPLUC2508125a6059f2,2025-08-12,UP01,repeated,18,188,5,5
TRPCHA25081212b2ea69,2025-08-12,CH01,new,26,260,8,9
TRPKOC250812d982f16c,2025-08-12,KL01,new,22,273,10,9
TRPLUC25081230516b2b,2025-08-12,UP01,repeated,7,89,5,7
TRPVAD250812a68fd3ed,2025-08-12,GJ02,repeated,17,154,5,6
TRPLUC250812f5948a29,2025-08-12,UP01,repeated,17,179,6,8
TRPLUC250812ea869c3b,2025-08-12,UP01,repeated,13,143,7,7
TRPVAD25081265ec82dc,2025-08-12,GJ02,repeated,16,146,5,7
TRPKOC25081294f2ace6,2025-08-12,KL01,repeated,29,350,7,10
TRPKOC250812c870e0d8,2025-08-12,KL01,new,28,339,10,9
TRPIND250812411d6106,2025-08-12,MP01,new,13,127,8,9
TRPSUR250812d7a0dc24,2025-08-12,GJ01,repeated,5,59,6,6
TRPVIS2508126513ecf1,2025-08-12,AP01,new,19,198,9,9
TRPVAD250812f30123c3,2025-08-12,GJ02,repeated,17,154,5,7
TRPMYS250812a1d03a41,2025-08-12,KA01,new,23,265,9,9
TRPVIS250812999809f7,2025-08-12,AP01,new,13,144,8,8
TRPSUR250812eb950ffb,2025-08-12,GJ01,repeated,10,99,6,5
TRPMYS250812211ffa3b,2025-08-12,KA01,repeated,12,155,8,9
TRPLUC25081230ba5b8c,2025-08-12,UP01,new,16,170,9,8
TRPLUC25081283da67b4,2025-08-12,UP01,repeated,6,80,5,5
TRPLUC2508121b19d664,2025-08-12,UP01,repeated,11,125,6,7
TRPCHA250812f4aeacc2,2025-08-12,CH01,new,19,197,10,7
TRPCOI25081295b3befb,2025-08-12,TN01,repeated,9,95,8,8
TRPSUR25081264c4726a,2025-08-12,GJ01,repeated,10,99,5,5
TRPLUC2508127eb037df,2025-08-12,UP01,new,6,80,7,6
TRPIND250812356ba6ec,2025-08-12,MP01,repeated,12,119,7,6
TRPIND2508127694a139,2025-08-12,MP01,new,19,175,8,9
TRPVAD250812bba517d7,2025-08-12,GJ02,repeated,9,90,7,6
TRPVAD250812b333d234,2025-08-12,GJ02,new,16,146,9,8
TRPVIS2508120ba3b973,2025-08-12,AP01,new,22,225,8,9
TRPLUC250812db1dd6e0,2025-08-12,UP01,repeated,7,89,5,6
TRPKOC250812363ad443,2025-08-12,KL01,repeated,30,361,8,9
TRPSUR250812ba28b007,2025-08-12,GJ01,repeated,17,155,5,7
TRPSUR25081212f5e349,2025-08-12,GJ01,repeated,16,147,7,5
TRPSUR2508125718e7bd,2025-08-12,GJ01,repeated,5,59,6,6
TRPVAD2508125e70a2c1,2025-08-12,GJ02,repeated,13,122,5,5
TRPVAD250812b5fc10af,2025-08-12,GJ02,repeated,6,66,5,5
TRPCHA2508124ab43d24,2025-08-12,CH01,new,22,224,10,8
TRPJAI250812ea9b3310,2025-08-12,RJ01,new,30,397,10,10
TRPKOC250812fea1e376,2025-08-12,KL01,repeated,17,218,7,9
TRPLUC250812129562d6,2025-08-12,UP01,repeated,8,98,7,5
TRPLUC25081219d80cf0,2025-08-12,UP01,repeated,14,152,7,5
TRPKOC2508127bb27cc8,2025-08-12,KL01,new,19,240,8,10
TRPJAI250812d8f99d55,2025-08-12,RJ01,new,30,397,10,9
TRPSUR250812a6064571,2025-08-12,GJ01,repeated,17,155,5,5
TRPJAI2508126c9a56c0,2025-08-12,RJ01,new,44,565,9,8
TRPCHA2508128add5d90,2025-08-12,CH01,new,21,215,7,7
TRPKOC2508124eb87924,2025-08-12,KL01,repeated,35,416,9,10
TRPIND2508124d8c4045,2025-08-12,MP01,repeated,10,103,8,7
TRPCHA250812ac095adf,2025-08-12,CH01,repeated,30,296,9,6
TRPCOI2508126228d6e0,2025-08-12,TN01,new,11,111,7,7
TRPIND250812f9204c21,2025-08-12,MP01,repeated,12,119,6,8
TRPJAI2508123d2ecfbd,2025-08-12,RJ01,new,15,217,8,9
TRPSUR250812cddc882b,2025-08-12,GJ01,repeated,17,155,7,5
TRPJAI2508120e3fbf52,2025-08-12,RJ01,repeated,44,565,8,9
TRPLUC250812a4f4dae5,2025-08-12,UP01,repeated,7,89,7,7
TRPLUC2508122144f24b,2025-08-12,UP01,new,13,143,7,7
TRPVAD25081272d2df9d,2025-08-12,GJ02,repeated,18,162,7,5
TRPJAI2508124fa6ef8c,2025-08-12,RJ01,repeated,25,337,7,10
TRPCOI25081260998dd1,2025-08-12,TN01,repeated,18,167,6,7
TRPJAI25081210c46021,2025-08-12,RJ01,repeated,45,577,7,9
TRPLUC250812d4df76ce,2025-08-12,UP01,new,19,197,8,8
TRPCHA2508126109c1e2,2025-08-12,CH01,repeated,17,179,6,6
TRPSUR250812d9b43cc3,2025-08-12,GJ01,repeated,14,131,6,7
TRPCHA250812d787626e,2025-08-12,CH01,repeated,26,260,7,7
TRPCHA250812b51f18d4,2025-08-12,CH01,repeated,14,152,8,7
TRPLUC25081254138048,2025-08-12,UP01,new,19,197,8,8
TRPSUR250812d919cc79,2025-08-12,GJ01,new,9,91,9,6
TRPCHA25081252a6faf0,2025-08-12,CH01,repeated,17,179,9,7
TRPCHA250812e9afdc41,2025-08-12,CH01,new,29,287,7,9
TRPIND250812e7c33366,2025-08-12,MP01,repeated,25,223,8,6
TRPKOC2508126fde1555,2025-08-12,KL01,repeated,33,394,7,10
TRPSUR250812c80fbb9c,2025-08-12,GJ01,repeated,12,115,6,5
TRPVIS250812afecb812,2025-08-12,AP01,new,31,306,9,9
TRPIND250812c4cf7bc8,2025-08-12,MP01,new,24,215,10,7
TRPSUR250812bd0bfa48,2025-08-12,GJ01,repeated,17,155,7,7
TRPVAD2508129aa0c633,2025-08-12,GJ02,repeated,12,114,7,6
TRPCHA2508121eec35f6,2025-08-12,CH01,repeated,21,215,6,9
TRPCOI250812a06ba183,2025-08-12,TN01,repeated,9,95,8,7
TRPSUR25081217775df9,2025-08-12,GJ01,repeated,12,115,5,8
TRPJAI250812a5375c28,2025-08-12,RJ01,new,34,445,10,9
TRPLUC250812a3d1ecfc,2025-08-12,UP01,repeated,6,80,6,5
TRPLUC2508125d387d39,2025-08-12,UP01,repeated,8,98,7,6
TRPCOI25081202f50c15,2025-08-12,TN01,new,20,183,10,7
TRPJAI250812131946c8,2025-08-12,RJ01,repeated,42,541,9,10
TRPLUC2508122f8020fc,2025-08-12,UP01,repeated,19,197,5,8
TRPVAD250812b2721589,2025-08-12,GJ02,new,9,90,7,6
TRPIND250812383f6f4a,2025-08-12,MP01,repeated,21,191,8,8
TRPSUR25081230d17cbc,2025-08-12,GJ01,repeated,16,147,6,8
TRPLUC250812ff645d1e,2025-08-12,UP01,new,11,125,7,6
TRPKOC250812fb100817,2025-08-12,KL01,new,37,438,9,9
TRPKOC2508124b33cd41,2025-08-12,KL01,new,33,394,8,8
TRPLUC250812e2f99e8e,2025-08-12,UP01,new,13,143,9,8
TRPSUR25081216c2398b,2025-08-12,GJ01,new,13,123,8,7
TRPIND25081238e13007,2025-08-12,MP01,repeated,14,135,6,9
TRPCOI2508129801a3ed,2025-08-12,TN01,repeated,18,167,9,7
TRPSUR25081233fd67d7,2025-08-12,GJ01,repeated,12,115,5,7
TRPIND2508125d4e863a,2025-08-12,MP01,repeated,24,215,6,9
TRPKOC250812a07dd7b1,2025-08-12,KL01,repeated,35,416,9,9
TRPCHA2508129b3668ab,2025-08-12,CH01,repeated,19,197,9,8
TRPCHA250812f55ee694,2025-08-12,CH01,new,34,332,7,7
TRPVAD25081209f5c417,2025-08-12,GJ02,repeated,18,162,5,6
TRPCHA2508127e9032bc,2025-08-12,CH01,new,22,224,9,7
TRPMYS2508122d16c69e,2025-08-12,KA01,new,20,235,9,9
TRPJAI250812f6da5285,2025-08-12,RJ01,new,22,301,8,8
TRPKOC250812d0b3f95c,2025-08-12,KL01,new,10,141,10,10
TRPLUC2508121aa50d1e,2025-08-12,UP01,repeated,9,107,7,8
TRPSUR2508127171d516,2025-08-12,GJ01,repeated,13,123,5,5
TRPKOC2508124d13b0fd,2025-08-12,KL01,new,15,196,8,10
TRPVIS250812b3800d75,2025-08-12,AP01,repeated,33,324,8,10
TRPIND2508129ffe3c8d,2025-08-12,MP01,new,25,223,7,7
TRPVAD2508127e20a769,2025-08-12,GJ02,repeated,18,162,7,6
TRPLUC250812fae8ac1d,2025-08-12,UP01,repeated,12,134,6,5
TRPJAI250812e4e6f026,2025-08-12,RJ01,new,20,277,9,10
TRPCHA250812dabe60f3,2025-08-12,CH01,new,14,152,8,8
TRPJAI250812d020cc40,2025-08-12,RJ01,repeated,20,277,8,9
TRPSUR250812abe7e76a,2025-08-12,GJ01,repeated,5,59,7,5
TRPCHA25081246a090fc,2025-08-12,CH01,repeated,17,179,6,9
TRPSUR2508125cead6b5,2025-08-12,GJ01,repeated,12,115,6,5
TRPIND250812a8a6e557,2025-08-12,MP01,new,21,191,9,7
TRPJAI250812bc76a6ee,2025-08-12,RJ01,repeated,35,457,9,10
TRPVIS2508126fe5757d,2025-08-12,AP01,repeated,24,243,8,9
TRPSUR2508127006ae15,2025-08-12,GJ01,repeated,10,99,7,8
TRPKOC2508128569e163,2025-08-12,KL01,repeated,25,306,8,9
TRPCHA250812dbe97db7,2025-08-12,CH01,repeated,20,206,7,6
TRPIND2508127f2e5e50,2025-08-12,MP01,new,11,111,8,7
TRPJAI250812756816a5,2025-08-12,RJ01,new,19,265,8,8
TRPKOC2508128f2bc3d0,2025-08-12,KL01,new,33,394,8,9
TRPLUC250812ab58c548,2025-08-12,UP01,repeated,12,134,6,8
TRPVIS250812f6c00657,2025-08-12,AP01,repeated,27,270,8,9
TRPIND250812f39e3d86,2025-08-12,MP01,repeated,18,167,8,6
TRPVAD2508129215a4cb,2025-08-12,GJ02,repeated,13,122,5,8
TRPSUR250812a2cdb520,2025-08-12,GJ01,repeated,17,155,6,6
TRPCOI2508120141ef47,2025-08-12,TN01,repeated,17,159,8,7
TRPVIS25081275a450a1,2025-08-12,AP01,repeated,13,144,7,9
TRPJAI250812eaf6752a,2025-08-12,RJ01,new,37,481,8,10
TRPKOC2508122f760a87,2025-08-12,KL01,repeated,23,284,7,10
TRPVIS2508121f2a77dc,2025-08-12,AP01,new,16,171,10,10
TRPSUR25081202578186,2025-08-12,GJ01,repeated,6,67,6,8
TRPJAI250812578df30c,2025-08-12,RJ01,repeated,36,469,8,10
TRPLUC25081239b54e2e,2025-08-12,UP01,new,19,197,9,8
TRPLUC250812290bd843,2025-08-12,UP01,new,15,161,7,7
TRPSUR250812a8b9a2ca,2025-08-12,GJ01,repeated,10,99,5,6
TRPVAD2508125048bd49,2025-08-12,GJ02,new,13,122,9,8
TRPJAI250812650a58f8,2025-08-12,RJ01,new,30,397,9,9
TRPSUR250812e90c1cd0,2025-08-12,GJ01,repeated,9,91,7,6
TRPLUC250812d08ae306,2025-08-12,UP01,repeated,5,71,6,8
TRPSUR250812588aae42,2025-08-12,GJ01,new,7,75,9,6
TRPCHA250812afb2f992,2025-08-12,CH01,new,26,260,9,9
TRPIND2508129f23a16a,2025-08-12,MP01,repeated,11,111,6,9
TRPLUC25081247abcec1,2025-08-12,UP01,repeated,19,197,7,8
TRPJAI250812f4b63016,2025-08-12,RJ01,repeated,18,253,8,9
TRPIND2508126be25173,2025-08-12,MP01,repeated,18,167,8,7
TRPCHA250812b725ce4b,2025-08-12,CH01,repeated,13,143,7,7
TRPJAI250812e622ee1f,2025-08-12,RJ01,new,15,217,9,10
TRPSUR2508125982f57f,2025-08-12,GJ01,repeated,12,115,5,8
TRPLUC250812f01e207a,2025-08-12,UP01,repeated,11,125,7,7
TRPKOC2508129fcfad5a,2025-08-12,KL01,new,10,141,8,10
TRPVIS25081218131b21,2025-08-12,AP01,new,20,207,10,10
TRPCHA250812861e8c94,2025-08-12,CH01,new,19,197,10,7
TRPCOI2508122bcbf3ae,2025-08-12,TN01,repeated,11,111,8,7
TRPLUC25081248125fb9,2025-08-12,UP01,repeated,8,98,7,8
TRPCHA2508126dad0061,2025-08-12,CH01,repeated,31,305,7,8
TRPVAD250812c8cde1fe,2025-08-12,GJ02,repeated,7,74,5,5
TRPLUC250812f38b9535,2025-08-12,UP01,repeated,18,188,5,5
TRPSUR25081295bf8375,2025-08-12,GJ01,repeated,13,123,7,8
TRPCOI25081272d4b877,2025-08-12,TN01,repeated,22,199,7,7
TRPCHA250812661aa3ad,2025-08-12,CH01,new,33,323,10,7
TRPVAD2508126304e067,2025-08-12,GJ02,new,14,130,8,8
TRPIND250812a528e4c6,2025-08-12,MP01,repeated,22,199,7,7
TRPVIS250812b971c32c,2025-08-12,AP01,new,13,144,9,8
TRPKOC2508121a61372e,2025-08-12,KL01,new,15,196,9,9
TRPLUC25081245d2b3b0,2025-08-12,UP01,repeated,16,170,6,6
TRPKOC2508125ee6fc34,2025-08-12,KL01,new,10,141,10,9
TRPKOC2508121f8eee9a,2025-08-12,KL01,repeated,27,328,9,9
TRPKOC25081232731a9a,2025-08-12,KL01,new,24,295,9,9
TRPSUR25081285ff61d5,2025-08-12,GJ01,repeated,7,75,6,7
TRPMYS2508120a3fe809,2025-08-12,KA01,new,12,155,10,9
TRPVIS25081297409bd5,2025-08-12,AP01,repeated,25,252,7,8
TRPLUC25081208ae9090,2025-08-12,UP01,new,16,170,7,7
TRPLUC2508128f761bac,2025-08-12,UP01,repeated,11,125,5,6
TRPJAI250812fb40ae83,2025-08-12,RJ01,new,41,529,8,10
TRPSUR25081229a81c93,2025-08-12,GJ01,new,16,147,9,6
TRPIND250812279879ab,2025-08-12,MP01,repeated,16,151,7,9
TRPLUC25081248b54dce,2025-08-12,UP01,repeated,12,134,5,5
TRPKOC2508128ef1afea,2025-08-12,KL01,new,11,152,9,9
TRPSUR2508126ab6cc9f,2025-08-12,GJ01,repeated,16,147,7,8
TRPCHA250812a2b4e572,2025-08-12,CH01,new,26,260,7,7
TRPCOI2508125afe8855,2025-08-12,TN01,new,14,135,9,8
TRPLUC250812cf8dd901,2025-08-12,UP01,repeated,8,98,7,7
TRPJAI250812c91c57e0,2025-08-12,RJ01,repeated,33,433,9,8
TRPIND25081243e0f2e7,2025-08-12,MP01,repeated,19,175,9,9
TRPJAI250812ee404c05,2025-08-12,RJ01,new,29,385,1,2
TRPIND2508122635c67e,2025-08-12,MP01,repeated,15,143,9,8
TRPLUC250812b7e8fc00,2025-08-12,UP01,repeated,16,170,6,5
TRPKOC2508120ea043ae,2025-08-12,KL01,new,37,438,8,8
TRPCOI2508129b5982ce,2025-08-12,TN01,new,13,127,9,9
TRPMYS2508129e23fff2,2025-08-12,KA01,new,23,265,9,9
TRPSUR250812e15f92e0,2025-08-12,GJ01,repeated,5,59,7,7
TRPIND2508120bebac92,2025-08-12,MP01,new,24,215,9,8
TRPJAI25081267af5400,2025-08-12,RJ01,repeated,30,397,8,10
TRPMYS250812f597475f,2025-08-12,KA01,new,12,155,10,9
TRPLUC2508127e2bbdcb,2025-08-12,UP01,repeated,17,179,7,6
TRPVAD250812371b2258,2025-08-12,GJ02,repeated,15,138,7,6
TRPVAD250812d89684aa,2025-08-12,GJ02,repeated,5,58,7,6
TRPIND25081234a8cdee,2025-08-12,MP01,new,8,87,7,7
TRPLUC250812abf9f5f6,2025-08-12,UP01,new,9,107,9,6
TRPVIS25081207a93c6e,2025-08-12,AP01,new,34,333,8,8
TRPLUC250812fe323e0b,2025-08-12,UP01,new,17,179,9,8
TRPJAI250812654471e7,2025-08-12,RJ01,repeated,35,457,7,9
TRPJAI250812dab0de18,2025-08-12,RJ01,repeated,16,229,8,9
TRPKOC2508129dc04ead,2025-08-12,KL01,repeated,24,295,8,10
TRPJAI2508123f6bb815,2025-08-12,RJ01,repeated,17,241,9,10
TRPVAD2508124e678c08,2025-08-12,GJ02,repeated,13,122,7,7
TRPVIS250812a43362bd,2025-08-12,AP01,repeated,30,297,8,10
TRPSUR250812e8d1465f,2025-08-12,GJ01,repeated,11,107,5,5
TRPJAI2508125a57d3c0,2025-08-12,RJ01,repeated,22,301,7,10
TRPCHA250812808e524d,2025-08-12,CH01,repeated,32,314,6,9
TRPJAI250812a0382f5d,2025-08-12,RJ01,new,23,313,10,10
TRPLUC25081260a6c607,2025-08-12,UP01,repeated,5,71,7,5
TRPLUC2508123c8c3be1,2025-08-12,UP01,repeated,16,170,5,8
TRPIND250812cd59b144,2025-08-12,MP01,new,12,119,8,9
TRPCOI2508127281d2e9,2025-08-12,TN01,repeated,9,95,9,6
TRPKOC250812c2f8b6b5,2025-08-12,KL01,new,37,438,9,10
TRPCHA2508121fd9e6df,2025-08-12,CH01,new,12,134,8,7
TRPIND250812ff2b481e,2025-08-12,MP01,repeated,15,143,9,7
TRPSUR250812e865d6b5,2025-08-12,GJ01,repeated,13,123,5,5
TRPSUR250812962b5b6e,2025-08-12,GJ01,new,17,155,8,7
TRPLUC250812e0420205,2025-08-12,UP01,repeated,9,107,5,5
TRPJAI2508122933da62,2025-08-12,RJ01,new,33,433,9,10
TRPVAD250812ed121b26,2025-08-12,GJ02,new,13,122,8,7
TRPJAI250812797d5a0d,2025-08-12,RJ01,new,43,553,9,9
TRPLUC250812ca980afc,2025-08-12,UP01,repeated,11,125,6,6
TRPLUC25081230b90219,2025-08-12,UP01,new,13,143,8,7
TRPVAD250812278d63df,2025-08-12,GJ02,repeated,16,146,5,5
TRPLUC25081282a3cf4e,2025-08-12,UP01,repeated,16,170,5,8
TRPSUR250812d3e7bb22,2025-08-12,GJ01,repeated,14,131,7,5
TRPLUC25081205098062,2025-08-12,UP01,repeated,18,188,6,8
TRPVAD250812f0c0428a,2025-08-12,GJ02,repeated,15,138,6,8
TRPVIS250812df2ac769,2025-08-12,AP01,repeated,10,117,8,8
TRPVAD2508120d5aeb78,2025-08-12,GJ02,new,13,122,9,7
TRPKOC250812f25bfa8c,2025-08-12,KL01,repeated,13,174,7,9
TRPKOC2508129a8d29b6,2025-08-12,KL01,new,14,185,9,9
TRPLUC25081244cc9762,2025-08-12,UP01,new,13,143,7,8
TRPLUC2508126683d0a8,2025-08-12,UP01,repeated,18,188,7,6
TRPJAI25081243e32625,2025-08-12,RJ01,new,29,385,8,8
TRPVIS2508124c25cb83,2025-08-12,AP01,repeated,20,207,9,10
TRPLUC250812d0263f6b,2025-08-12,UP01,repeated,12,134,6,5
TRPJAI2508122c91eafa,2025-08-12,RJ01,repeated,45,577,7,8
TRPIND250812e24743a7,2025-08-12,MP01,new,25,223,10,8
TRPCHA250812d2e5b1af,2025-08-12,CH01,repeated,31,305,7,7
TRPSUR25081219fc81f7,2025-08-12,GJ01,repeated,6,67,5,5
TRPKOC250812e6d0b729,2025-08-12,KL01,repeated,27,328,8,10
TRPJAI250812a271bffa,2025-08-12,RJ01,new,27,361,9,8
TRPCHA2508128c0fc973,2025-08-12,CH01,repeated,24,242,8,6
TRPCOI2508128b8f5f3a,2025-08-12,TN01,repeated,8,87,6,9
TRPSUR250812cf07fb3a,2025-08-12,GJ01,repeated,15,139,6,8
TRPKOC250812666b95fe,2025-08-12,KL01,new,10,141,10,8
TRPJAI250812eb5dc31e,2025-08-12,RJ01,new,30,397,10,9
TRPSUR2508129d977d37,2025-08-12,GJ01,repeated,15,139,7,8
TRPVIS250812c9fbd4b5,2025-08-12,AP01,repeated,25,252,7,9
TRPJAI25081291059d2c,2025-08-12,RJ01,repeated,23,313,9,9
TRPCHA2508123a77f30f,2025-08-12,CH01,new,28,278,7,9
TRPJAI250812000e8bc4,2025-08-12,RJ01,new,44,565,10,8
TRPVAD25081248a3a1e1,2025-08-12,GJ02,repeated,13,122,5,6
TRPLUC250812d5da7682,2025-08-12,UP01,repeated,12,134,7,6
TRPSUR2508123e4166e0,2025-08-12,GJ01,new,8,83,8,7
TRPLUC250812bfcd5e00,2025-08-12,UP01,repeated,11,125,6,8
TRPCHA25081283f22e9c,2025-08-12,CH01,new,23,233,10,7
TRPSUR250812e04bfad3,2025-08-12,GJ01,new,17,155,9,7
TRPVAD250812d4d28b24,2025-08-12,GJ02,new,14,130,7,6
TRPLUC2508122bb1cf58,2025-08-12,UP01,repeated,9,107,6,7
TRPLUC250812daafd5be,2025-08-12,UP01,repeated,13,143,7,7
TRPCHA250812138f96c6,2025-08-12,CH01,new,17,179,8,8
TRPVIS25081201fe7515,2025-08-12,AP01,repeated,14,153,8,8
TRPIND250812db883e90,2025-08-12,MP01,new,19,175,10,8
TRPLUC2508121882ec7a,2025-08-12,UP01,repeated,11,125,5,7
TRPSUR2508129641c5f9,2025-08-12,GJ01,repeated,12,115,5,6
TRPVAD25081261a24ffd,2025-08-12,GJ02,repeated,17,154,6,5
TRPSUR2508120bbe3308,2025-08-12,GJ01,repeated,5,59,6,5
TRPVIS2508124e8596b3,2025-08-12,AP01,repeated,17,180,9,10
TRPIND2508122a52af0f,2025-08-12,MP01,repeated,18,167,7,6
TRPSUR250812217231d4,2025-08-12,GJ01,repeated,11,107,7,7
TRPLUC250812977d4f0e,2025-08-12,UP01,repeated,19,197,7,7
TRPJAI250812bb0421f1,2025-08-12,RJ01,repeated,36,469,8,10
TRPLUC250812150d1c3f,2025-08-12,UP01,repeated,16,170,6,7
TRPLUC25081215bdb97b,2025-08-12,UP01,repeated,18,188,7,8
TRPVIS250812d6fb6dc5,2025-08-12,AP01,new,34,333,9,10
TRPCHA250812e6c20ea2,2025-08-12,CH01,repeated,28,278,9,8
TRPLUC25081231bd3469,2025-08-12,UP01,repeated,17,179,7,5
TRPLUC2508126ef44558,2025-08-12,UP01,new,6,80,8,7
TRPMYS250812dded6bbc,2025-08-12,KA01,new,10,135,10,10
TRPJAI250812e2618b10,2025-08-12,RJ01,new,16,229,9,10
TRPIND2508121aed9266,2025-08-12,MP01,repeated,23,207,7,8
TRPLUC25081201a0d075,2025-08-12,UP01,new,9,107,8,7
TRPVIS250812fbbf2c59,2025-08-12,AP01,repeated,29,288,8,10
TRPSUR25081294f3531c,2025-08-12,GJ01,repeated,14,131,7,7
TRPLUC2508124f8281e2,2025-08-12,UP01,new,14,152,8,8
TRPKOC250812a2a9da26,2025-08-12,KL01,repeated,22,273,9,9
TRPIND250812fc6d7313,2025-08-12,MP01,repeated,10,103,6,6
TRPJAI250812e82ca75a,2025-08-12,RJ01,new,28,373,8,10
TRPJAI250812744a9e2d,2025-08-12,RJ01,repeated,16,229,8,9
TRPMYS250812a93d5877,2025-08-12,KA01,new,12,155,8,10
TRPKOC25081292d89441,2025-08-12,KL01,new,35,416,8,10
TRPSUR250812820ff8d6,2025-08-12,GJ01,new,5,59,9,7
TRPLUC2508124e7c0329,2025-08-12,UP01,new,17,179,7,6
TRPLUC2508128891f57b,2025-08-12,UP01,repeated,9,107,7,7
TRPCHA2508121adec40d,2025-08-12,CH01,new,34,332,8,7
TRPJAI25081211e8654e,2025-08-12,RJ01,new,40,517,8,10
TRPLUC25081291860e8b,2025-08-12,UP01,new,9,107,7,7
TRPJAI250812e2b235ce,2025-08-12,RJ01,new,21,289,10,8
TRPLUC2508128304ab9e,2025-08-12,UP01,new,9,107,9,6
TRPCHA250812709b055d,2025-08-12,CH01,new,15,161,8,7
TRPIND250812687b823d,2025-08-12,MP01,repeated,22,199,7,8
TRPLUC250812371da4cd,2025-08-12,UP01,new,20,206,7,6
TRPVAD25081273d171ae,2025-08-12,GJ02,new,11,106,9,7
TRPVIS25081246096d05,2025-08-12,AP01,new,17,180,10,8
TRPLUC250812d3e76941,2025-08-12,UP01,repeated,12,134,7,5
TRPJAI250812dc102a30,2025-08-12,RJ01,new,28,373,9,10
TRPLUC25081279e40f99,2025-08-12,UP01,repeated,20,206,5,5
TRPSUR2508126ae53c44,2025-08-12,GJ01,repeated,5,59,6,7
TRPJAI250812f80c0343,2025-08-12,RJ01,repeated,42,541,7,8
TRPCHA250812501e4518,2025-08-12,CH01,repeated,22,224,7,8
TRPJAI250812cdabb8bd,2025-08-12,RJ01,repeated,15,217,8,10
TRPSUR25081293cb9c10,2025-08-12,GJ01,repeated,13,123,5,5
TRPIND250812c217c9ae,2025-08-12,MP01,repeated,14,135,9,6
TRPIND250812716b4868,2025-08-12,MP01,new,22,199,8,7
TRPLUC25081291958fd6,2025-08-12,UP01,new,19,197,9,7
TRPSUR25081247f35130,2025-08-12,GJ01,repeated,7,75,3,4
TRPCHA250812a4ef5057,2025-08-12,CH01,new,17,179,9,9
TRPJAI2508120eb9d90a,2025-08-12,RJ01,new,24,325,10,8
TRPLUC2508129faa5c56,2025-08-12,UP01,new,20,206,7,8
TRPJAI250812bdd8f995,2025-08-12,RJ01,new,15,217,8,9
TRPCHA250812668fe97d,2025-08-12,CH01,new,23,233,7,7
TRPJAI250812bfb68cbb,2025-08-12,RJ01,new,44,565,8,8
TRPCHA250812ee708aca,2025-08-12,CH01,new,27,269,7,9
TRPLUC2508121e7da1fd,2025-08-12,UP01,new,7,89,7,7
TRPJAI250812ca0f53e5,2025-08-12,RJ01,new,25,337,8,10
TRPVIS25081298681e54,2025-08-12,AP01,new,31,306,10,10
TRPCOI250812b21f506c,2025-08-12,TN01,repeated,18,167,8,8
TRPJAI250812f22fff19,2025-08-12,RJ01,repeated,23,313,9,10
TRPLUC250812ba87e93d,2025-08-12,UP01,new,13,143,7,7
TRPLUC25081264a86bac,2025-08-12,UP01,repeated,15,161,5,6
TRPJAI250812f0e8ab2b,2025-08-12,RJ01,new,30,397,9,8
TRPJAI2508123d8732a6,2025-08-12,RJ01,new,41,529,10,10
TRPLUC250812445c6f6a,2025-08-12,UP01,repeated,7,89,7,7
TRPCHA25081285a14ae5,2025-08-12,CH01,new,33,323,10,7
TRPLUC2508123d153c50,2025-08-12,UP01,repeated,5,71,6,8
TRPJAI25081213469a73,2025-08-12,RJ01,repeated,15,217,1,4
TRPCHA25081250b28735,2025-08-12,CH01,new,28,278,10,7
TRPCHA250812ddcaaf7f,2025-08-12,CH01,repeated,34,332,9,9
TRPLUC25081208d205e1,2025-08-12,UP01,repeated,7,89,6,8
TRPVIS250812c78d72da,2025-08-12,AP01,new,19,198,8,9
TRPVIS250812ad94a7bc,2025-08-12,AP01,new,12,135,9,8
TRPVAD250812e8fc0f70,2025-08-12,GJ02,repeated,16,146,7,5
TRPLUC250812f35e6dac,2025-08-12,UP01,repeated,17,179,7,7
TRPJAI250812288067c1,2025-08-12,RJ01,new,33,433,9,10
TRPLUC2508126b3437ed,2025-08-12,UP01,repeated,16,170,5,8
TRPCHA250812a8333acf,2025-08-12,CH01,repeated,25,251,9,8
TRPSUR2508125446ade9,2025-08-12,GJ01,repeated,11,107,5,6
TRPIND250812cfdad95f,2025-08-12,MP01,new,22,199,8,8
TRPSUR2508121ec476ed,2025-08-12,GJ01,repeated,14,131,5,5
TRPJAI250812acec072f,2025-08-12,RJ01,repeated,35,457,8,8
TRPCHA25081263a94cfb,2025-08-12,CH01,new,24,242,9,8
TRPSUR250812601650d7,2025-08-12,GJ01,repeated,13,123,6,6
TRPLUC2508125ae8a049,2025-08-12,UP01,repeated,5,71,6,6
TRPMYS25081202d092fa,2025-08-12,KA01,repeated,20,235,9,8
TRPKOC2508124096424c,2025-08-12,KL01,repeated,22,273,9,8
TRPIND250812d150cc05,2025-08-12,MP01,repeated,13,127,8,7
TRPLUC250812a80e9daa,2025-08-12,UP01,repeated,11,125,6,7
TRPSUR2508126da9d5d4,2025-08-12,GJ01,repeated,9,91,5,8
TRPCOI25081247786120,2025-08-12,TN01,repeated,19,175,9,8
TRPMYS25081260c8bd3d,2025-08-12,KA01,repeated,24,275,8,10
TRPLUC250812b612a4f0,2025-08-12,UP01,new,20,206,7,7
TRPIND2508128698fced,2025-08-12,MP01,repeated,25,223,7,9
TRPVAD250812b5642924,2025-08-12,GJ02,new,15,138,1,4
TRPVIS2508127c313cc1,2025-08-12,AP01,repeated,22,225,9,9
TRPVIS2508121bd6edbe,2025-08-12,AP01,repeated,31,306,8,9
TRPKOC25081254b701ad,2025-08-12,KL01,new,26,317,10,8
TRPJAI2508120e75ae7d,2025-08-12,RJ01,repeated,18,253,8,8
TRPLUC25081219f2e576,2025-08-12,UP01,new,9,107,8,6
TRPSUR250812e70e1c09,2025-08-12,GJ01,repeated,7,75,7,8
TRPLUC250812b643ff8f,2025-08-12,UP01,repeated,6,80,5,7
TRPLUC250812978563ba,2025-08-12,UP01,repeated,5,71,7,7
TRPLUC250812ab0a943e,2025-08-12,UP01,repeated,9,107,5,7
TRPLUC250812948ebba0,2025-08-12,UP01,repeated,17,179,7,8
TRPLUC25081227ba41b3,2025-08-12,UP01,new,17,179,8,8
TRPVIS25081259a05c9b,2025-08-12,AP01,repeated,22,225,9,9
TRPJAI2508122d4caeba,2025-08-12,RJ01,new,19,265,9,8
TRPJAI25081219b17b11,2025-08-12,RJ01,new,30,397,8,9
TRPJAI2508129fc7c8e7,2025-08-12,RJ01,new,17,241,8,8
TRPVAD250812304cb8aa,2025-08-12,GJ02,repeated,14,130,7,8
TRPCOI250812e9083f9f,2025-08-12,TN01,repeated,14,135,8,7
TRPIND2508126e1fa716,2025-08-12,MP01,repeated,14,135,6,6
TRPKOC250812386c0007,2025-08-12,KL01,new,23,284,8,9
TRPCHA250812703b010f,2025-08-12,CH01,repeated,14,152,9,8
TRPVIS250812f4039c3c,2025-08-12,AP01,new,34,333,8,10
TRPSUR250812eb9c02f3,2025-08-12,GJ01,new,16,147,9,8
TRPSUR25081222a2530c,2025-08-12,GJ01,repeated,16,147,7,6
TRPJAI2508128b48326f,2025-08-12,RJ01,new,18,253,8,9
TRPMYS25081208d7a07d,2025-08-12,KA01,repeated,25,285,7,8
TRPKOC2508129af9b0dd,2025-08-12,KL01,new,31,372,9,10
TRPIND250812d921ba6e,2025-08-12,MP01,new,12,119,9,7
TRPVAD250812aac776eb,2025-08-12,GJ02,repeated,18,162,7,6
TRPJAI25081245743333,2025-08-12,RJ01,repeated,27,361,9,10
TRPJAI250812177208be,2025-08-12,RJ01,repeated,24,325,8,10
TRPCHA25081271f4f248,2025-08-12,CH01,new,30,296,8,9
TRPJAI2508125dcb5cf2,2025-08-12,RJ01,repeated,35,457,7,9
TRPJAI250812a4f776a3,2025-08-12,RJ01,new,18,253,8,10
TRPSUR250812852f9d3b,2025-08-12,GJ01,new,10,99,7,6
TRPCHA2508122a12f6d9,2025-08-12,CH01,new,33,323,10,9
TRPLUC250812bc680f66,2025-08-12,UP01,repeated,18,188,6,8
TRPSUR250812abe1cbce,2025-08-12,GJ01,repeated,12,115,5,6
TRPCHA250812bef724f8,2025-08-12,CH01,repeated,18,188,9,6
TRPSUR250812fc1813a3,2025-08-12,GJ01,new,16,147,9,7
TRPKOC250812d8ad1a71,2025-08-12,KL01,new,21,262,9,8
TRPCHA250812eb7275d3,2025-08-12,CH01,repeated,27,269,6,9
TRPLUC250812f7e60ca3,2025-08-12,UP01,new,16,170,8,6
TRPJAI25081293c4215c,2025-08-12,RJ01,new,17,241,8,8
TRPCHA250812729b7357,2025-08-12,CH01,new,28,278,10,8
TRPSUR250812b4006828,2025-08-12,GJ01,repeated,5,59,5,6
TRPIND250812e2748fee,2025-08-12,MP01,repeated,19,175,9,9
TRPVIS250812d80fdd7c,2025-08-12,AP01,new,31,306,9,10
TRPVAD25081249314607,2025-08-12,GJ02,new,18,162,8,6
TRPVIS25081221edb873,2025-08-12,AP01,repeated,32,315,9,10
TRPIND250812322385ac,2025-08-12,MP01,repeated,14,135,6,8
TRPSUR250812949e3bb0,2025-08-12,GJ01,repeated,8,83,5,5
TRPKOC25081268133be3,2025-08-12,KL01,new,15,196,10,9
TRPVIS25081294ce27c9,2025-08-12,AP01,new,16,171,8,10
TRPLUC2508126efc6f9d,2025-08-12,UP01,repeated,12,134,6,6
TRPKOC25081247ee9c36,2025-08-12,KL01,new,18,229,10,8
TRPJAI25081255d31259,2025-08-12,RJ01,repeated,34,445,8,10
TRPKOC2508122cbafccf,2025-08-12,KL01,repeated,24,295,9,10
TRPJAI250812d51d93a0,2025-08-12,RJ01,new,36,469,9,10
TRPJAI250812bb14eb28,2025-08-12,RJ01,new,16,229,10,8
TRPKOC2508127faff3e5,2025-08-12,KL01,new,16,207,9,9
TRPVAD25081220e0d287,2025-08-12,GJ02,new,5,58,7,7
TRPLUC25081252d782a6,2025-08-12,UP01,repeated,10,116,7,5
TRPKOC250812a6206700,2025-08-12,KL01,new,14,185,9,8
TRPIND250812bba7676f,2025-08-12,MP01,new,11,111,8,9
TRPLUC250812898e1d63,2025-08-12,UP01,repeated,19,197,5,7
TRPCHA25081242d8a814,2025-08-12,CH01,new,14,152,8,7
TRPLUC25081249a1e7ba,2025-08-12,UP01,repeated,12,134,5,8
TRPVIS25081260c10f4c,2025-08-12,AP01,repeated,25,252,8,8
TRPLUC250812fcc2e2cd,2025-08-12,UP01,new,14,152,7,8
TRPCOI2508127b4b061a,2025-08-12,TN01,repeated,18,167,9,8
TRPVAD250812fcd9b8ea,2025-08-12,GJ02,repeated,14,130,7,8
TRPVAD2508125688657b,2025-08-12,GJ02,repeated,16,146,5,5
TRPSUR2508128aabf437,2025-08-12,GJ01,new,16,147,9,7
TRPLUC2508123fc5cc8e,2025-08-12,UP01,repeated,11,125,7,5
TRPLUC250812b108a716,2025-08-12,UP01,repeated,11,125,6,5
TRPMYS250812503c241e,2025-08-12,KA01,new,24,275,8,9
TRPSUR250812e7cbeb3d,2025-08-12,GJ01,repeated,11,107,5,8
TRPVIS25081293896fdd,2025-08-12,AP01,new,29,288,8,8
TRPLUC250812b97bd332,2025-08-12,UP01,repeated,12,134,5,5
TRPCOI25081261a6f9c5,2025-08-12,TN01,new,10,103,7,9
TRPVIS250812c7a18129,2025-08-12,AP01,repeated,11,126,7,8
TRPVIS2508124c7b8df0,2025-08-12,AP01,repeated,27,270,9,10
TRPCHA250812aa73b0e0,2025-08-12,CH01,new,12,134,9,9
TRPLUC250812f05d1613,2025-08-12,UP01,new,14,152,8,8
TRPKOC2508122583d83c,2025-08-12,KL01,new,15,196,10,10
TRPLUC250812ea749414,2025-08-12,UP01,repeated,12,134,5,6
TRPMYS250812e29dcd7e,2025-08-12,KA01,new,20,235,10,9
TRPKOC250812d78891e9,2025-08-12,KL01,repeated,38,449,8,10
TRPLUC250812489a8a07,2025-08-12,UP01,new,11,125,8,8
TRPVAD250812d5a7a81f,2025-08-12,GJ02,repeated,11,106,5,6
TRPKOC250812536f8e4d,2025-08-12,KL01,repeated,27,328,7,9
TRPIND25081255e38ff7,2025-08-12,MP01,repeated,20,183,9,6
TRPJAI250812c1c563d6,2025-08-12,RJ01,new,29,385,10,9
TRPLUC250812fb235565,2025-08-12,UP01,repeated,10,116,7,5
TRPJAI2508124c28645a,2025-08-12,RJ01,repeated,18,253,9,10
TRPLUC25081265ed26a5,2025-08-12,UP01,repeated,18,188,5,6
TRPLUC2508121da5749d,2025-08-12,UP01,repeated,17,179,3,2
TRPLUC2508122cee0125,2025-08-12,UP01,repeated,14,152,5,5
TRPJAI250812e259ce87,2025-08-12,RJ01,repeated,39,505,8,9
TRPLUC2508127d8e3e9a,2025-08-12,UP01,repeated,17,179,5,7
TRPVIS25081281a4b30f,2025-08-12,AP01,new,32,315,8,8
TRPCOI25081228d690b2,2025-08-12,TN01,repeated,9,95,8,9
TRPSUR25081253a24a56,2025-08-12,GJ01,repeated,8,83,6,6
TRPSUR250812ecb0fa6d,2025-08-12,GJ01,repeated,9,91,6,5
TRPJAI2508123afb52e5,2025-08-12,RJ01,new,34,445,9,10
TRPKOC250812a796e504,2025-08-12,KL01,new,36,427,8,9
TRPIND25081226482e94,2025-08-12,MP01,new,18,167,7,7
TRPLUC2508123820cbad,2025-08-12,UP01,repeated,7,89,7,6
TRPLUC250812ba4c6c85,2025-08-12,UP01,repeated,9,107,6,7
TRPSUR2508127aab2afd,2025-08-12,GJ01,repeated,9,91,6,5
TRPLUC250812baf335b3,2025-08-12,UP01,new,16,170,7,8
TRPSUR2508128fd4876c,2025-08-12,GJ01,repeated,8,83,7,5
TRPVIS25081238842b4a,2025-08-12,AP01,new,14,153,9,8
TRPLUC250812b0af21ff,2025-08-12,UP01,repeated,6,80,5,5
TRPCHA250812539fef86,2025-08-12,CH01,new,35,341,8,8
TRPLUC25081271da4cc0,2025-08-12,UP01,repeated,10,116,7,8
TRPCHA2508124e78425c,2025-08-12,CH01,repeated,23,233,8,6
TRPKOC2508124d143c87,2025-08-12,KL01,new,19,240,8,10
TRPCOI2508124173e31a,2025-08-12,TN01,new,8,87,9,7
TRPVIS250812689611b2,2025-08-12,AP01,new,29,288,9,10
TRPIND250812a03a5e9e,2025-08-12,MP01,repeated,14,135,8,8
TRPLUC2508122cfe2018,2025-08-12,UP01,new,8,98,8,7
TRPCHA2508124cba4a22,2025-08-12,CH01,new,12,134,9,9
TRPKOC250812182b7d76,2025-08-12,KL01,new,37,438,9,10
TRPSUR25081233765888,2025-08-12,GJ01,new,5,59,9,6
TRPJAI2508127be11ded,2025-08-12,RJ01,repeated,16,229,7,10
TRPJAI2508120c950263,2025-08-12,RJ01,repeated,29,385,9,8
TRPJAI2508128dfbee5a,2025-08-12,RJ01,new,19,265,9,10
TRPLUC250812d99eaf37,2025-08-12,UP01,repeated,7,89,7,5
TRPMYS250812b85ea00d,2025-08-12,KA01,repeated,16,195,7,9
TRPKOC250812f203c64d,2025-08-12,KL01,repeated,19,240,8,10
TRPJAI25081235b0f1c7,2025-08-12,RJ01,repeated,35,457,7,9
TRPSUR250812109203d4,2025-08-12,GJ01,repeated,12,115,6,6
TRPKOC250812f9d813dc,2025-08-12,KL01,new,36,427,8,9
TRPVAD250812e95952d4,2025-08-12,GJ02,repeated,11,106,5,7
TRPSUR25081297b71324,2025-08-12,GJ01,repeated,9,91,5,7
TRPVIS250812a9139863,2025-08-12,AP01,repeated,11,126,8,10
TRPIND250812088bf158,2025-08-12,MP01,repeated,23,207,9,9
TRPCHA250812f3bb9faf,2025-08-12,CH01,repeated,28,278,8,7
TRPJAI250812e7f3ee11,2025-08-12,RJ01,repeated,21,289,8,9
TRPCHA250812e555e68c,2025-08-12,CH01,new,33,323,7,7
TRPVIS2508127d826161,2025-08-12,AP01,new,34,333,10,10
TRPLUC2508122f7e403b,2025-08-12,UP01,repeated,13,143,6,8
TRPMYS2508129cd2379e,2025-08-12,KA01,new,25,285,9,10
TRPJAI2508124664d77a,2025-08-12,RJ01,repeated,21,289,8,8
TRPJAI2508120309f5d5,2025-08-12,RJ01,repeated,17,241,7,8
TRPVIS250812e9f05089,2025-08-12,AP01,repeated,33,324,7,10
TRPJAI250812ec84d0c3,2025-08-12,RJ01,new,45,577,10,10
TRPVAD2508125170d590,2025-08-12,GJ02,new,11,106,7,6
TRPSUR25081250187be2,2025-08-12,GJ01,new,5,59,7,8
TRPVIS250812aa606c43,2025-08-12,AP01,repeated,28,279,8,8
TRPJAI2508124ffea292,2025-08-12,RJ01,new,36,469,9,8
TRPCOI250812bbce29ee,2025-08-12,TN01,new,22,199,8,9
TRPKOC2508127fc76a31,2025-08-12,KL01,new,22,273,9,8
TRPJAI25081253a9077c,2025-08-12,RJ01,repeated,15,217,9,10
TRPKOC25081279799eb8,2025-08-12,KL01,repeated,24,295,9,10
TRPCHA2508129306a0de,2025-08-12,CH01,repeated,14,152,9,7
TRPMYS2508129090602e,2025-08-12,KA01,new,14,175,10,10
TRPVIS2508127b0a603f,2025-08-12,AP01,repeated,11,126,8,10
TRPKOC250812d63725d2,2025-08-12,KL01,repeated,36,427,8,10
TRPVAD2508121af474bd,2025-08-12,GJ02,repeated,16,146,5,6
TRPCHA250812c25595d2,2025-08-12,CH01,repeated,31,305,7,9
TRPMYS250812bb0bd310,2025-08-12,KA01,new,12,155,10,8
TRPLUC25081276ff7dac,2025-08-12,UP01,repeated,16,170,6,7
TRPIND250812d09ae2af,2025-08-12,MP01,repeated,22,199,9,8
TRPLUC250812e3b2a75e,2025-08-12,UP01,repeated,19,197,6,6
TRPLUC2508124bcfb93a,2025-08-12,UP01,repeated,18,188,7,7
TRPLUC250812e34efa55,2025-08-12,UP01,new,19,197,9,8
TRPVAD250812d28e5ccf,2025-08-12,GJ02,new,12,114,9,8
TRPJAI250812745f4c6c,2025-08-12,RJ01,new,38,493,8,10
TRPLUC2508126001b558,2025-08-12,UP01,repeated,13,143,6,5
TRPKOC250812b7a96391,2025-08-12,KL01,repeated,17,218,7,10
TRPVAD250812515046c3,2025-08-12,GJ02,new,18,162,7,8
TRPVAD250812c0c706c7,2025-08-12,GJ02,new,12,114,8,7
TRPKOC250812e9219d10,2025-08-12,KL01,new,30,361,8,10
TRPLUC2508128268968a,2025-08-12,UP01,repeated,9,107,6,7
TRPJAI2508126099c1dc,2025-08-12,RJ01,new,34,445,9,8
TRPJAI250812ec9900a2,2025-08-12,RJ01,repeated,18,253,9,10
TRPJAI250812190b0640,2025-08-12,RJ01,new,18,253,9,8
TRPIND250812e1c50004,2025-08-12,MP01,new,18,167,10,8
TRPVAD2508124e0f2382,2025-08-12,GJ02,new,15,138,7,8
TRPVIS25081232a21ebb,2025-08-12,AP01,new,35,342,10,8
TRPSUR250812ddf5a2d1,2025-08-12,GJ01,repeated,9,91,7,7
TRPJAI250812b3c7b526,2025-08-12,RJ01,new,36,469,8,10
TRPJAI250812afa67e2f,2025-08-12,RJ01,new,20,277,10,9
TRPJAI250812331a18ac,2025-08-12,RJ01,new,27,361,8,10
TRPIND25081204573c80,2025-08-12,MP01,new,23,207,8,8
TRPSUR2508123b9c94fc,2025-08-12,GJ01,repeated,5,59,7,7
TRPIND250812bdb50ab6,2025-08-12,MP01,repeated,11,111,9,8
TRPSUR250812b6255118,2025-08-12,GJ01,repeated,17,155,7,6
TRPLUC2508127ba2db59,2025-08-12,UP01,repeated,20,206,5,6
TRPCHA250812639e4bd6,2025-08-12,CH01,new,29,287,8,7
TRPVIS250812f378d856,2025-08-12,AP01,new,13,144,8,10
TRPIND2508123f6e7c1c,2025-08-12,MP01,repeated,25,223,8,6
TRPJAI2508126e0f2e22,2025-08-12,RJ01,new,19,265,8,9
TRPLUC2508123f94247f,2025-08-12,UP01,repeated,12,134,5,5
TRPKOC2508128b17fe06,2025-08-12,KL01,new,38,449,8,10
TRPKOC25081266ddc1d5,2025-08-12,KL01,new,25,306,10,9
TRPLUC2508128579a54e,2025-08-12,UP01,repeated,7,89,5,5
TRPLUC25081274cde3d9,2025-08-12,UP01,repeated,19,197,6,5
TRPJAI25081200d376a0,2025-08-12,RJ01,new,18,253,8,9
TRPLUC250812780e7cf6,2025-08-12,UP01,repeated,11,125,5,5
TRPVIS250812c5f55e37,2025-08-12,AP01,repeated,34,333,9,8
TRPSUR250812a9b1bf05,2025-08-12,GJ01,repeated,12,115,7,8
TRPSUR250812eae34391,2025-08-12,GJ01,repeated,16,147,6,6
TRPVAD25081247f11edf,2025-08-12,GJ02,repeated,8,82,6,5
TRPLUC250812b57552f4,2025-08-12,UP01,repeated,20,206,7,5
TRPLUC2508125c8ae30f,2025-08-12,UP01,new,17,179,8,8
TRPCHA2508121dd33713,2025-08-12,CH01,new,33,323,8,7
TRPCHA250812d079f237,2025-08-12,CH01,repeated,31,305,9,7
TRPLUC25081216a3a9e3,2025-08-12,UP01,repeated,5,71,5,6
TRPIND250812759451ab,2025-08-12,MP01,new,24,215,10,7
TRPSUR250812610df87f,2025-08-12,GJ01,repeated,15,139,5,8
TRPIND250812236f2817,2025-08-12,MP01,repeated,11,111,8,7
TRPIND250812bc5c2f75,2025-08-12,MP01,repeated,24,215,6,6
TRPIND250812c706e4e4,2025-08-12,MP01,new,23,207,9,7
TRPLUC250812a5c49172,2025-08-12,UP01,repeated,7,89,5,8
TRPLUC250812ca796691,2025-08-12,UP01,new,9,107,8,7
TRPVIS2508120a578003,2025-08-12,AP01,repeated,20,207,9,8
TRPSUR250812644a5b81,2025-08-12,GJ01,repeated,16,147,6,5
TRPKOC25081263ab9580,2025-08-12,KL01,new,25,306,8,10
TRPCHA250812bac0ccc4,2025-08-12,CH01,repeated,32,314,8,8
TRPSUR250812a21959e6,2025-08-12,GJ01,repeated,16,147,6,8
TRPVIS25081207112949,2025-08-12,AP01,new,16,171,10,10
TRPCOI25081275ad1d74,2025-08-12,TN01,repeated,15,143,7,8
TRPVIS250812aa30a8eb,2025-08-12,AP01,new,13,144,10,10
TRPIND250812e1c9b65e,2025-08-12,MP01,new,15,143,8,9
TRPCOI250812bbbc7b60,2025-08-12,TN01,repeated,19,175,7,9
TRPJAI250812c2d27cdc,2025-08-12,RJ01,new,21,289,9,9
TRPMYS250812e5cf419e,2025-08-12,KA01,repeated,19,225,9,9
TRPMYS25081259c3941b,2025-08-12,KA01,repeated,23,265,7,10
TRPJAI250812bf79ad94,2025-08-12,RJ01,repeated,21,289,8,9
TRPJAI250812a8974d0d,2025-08-12,RJ01,repeated,35,457,9,8
TRPJAI25081270a49114,2025-08-12,RJ01,new,29,385,8,10
TRPCOI25081202ce7957,2025-08-12,TN01,repeated,13,127,6,9
TRPVAD250812aa77b1e9,2025-08-12,GJ02,repeated,12,114,5,8
TRPMYS250812bbc6c343,2025-08-12,KA01,new,15,185,10,9
TRPLUC25081263c171f4,2025-08-12,UP01,new,9,107,7,7
TRPKOC250812360f1a25,2025-08-12,KL01,repeated,31,372,7,9
TRPIND25081269f499cd,2025-08-12,MP01,new,19,175,8,9
TRPKOC250812e3ec95fd,2025-08-12,KL01,new,37,438,9,10
TRPLUC250812305bd4c2,2025-08-12,UP01,repeated,16,170,6,8
TRPIND2508122320b567,2025-08-12,MP01,repeated,23,207,7,6
TRPCOI250812830e6e3a,2025-08-12,TN01,repeated,14,135,6,6
TRPSUR250812f8e6bfdf,2025-08-12,GJ01,repeated,8,83,7,7
TRPIND25081277be418b,2025-08-12,MP01,repeated,16,151,8,9
TRPCHA250812197869a5,2025-08-12,CH01,new,28,278,9,9
TRPLUC250812a1bde827,2025-08-12,UP01,repeated,6,80,6,7
TRPLUC250812ec709701,2025-08-12,UP01,new,13,143,7,6
TRPLUC250812ac84a99d,2025-08-12,UP01,repeated,9,107,5,7
TRPVIS250812f96945de,2025-08-12,AP01,repeated,17,180,7,10
TRPIND250812530b6627,2025-08-12,MP01,new,18,167,9,8
TRPVIS25081255cd96f3,2025-08-12,AP01,repeated,26,261,9,8
TRPSUR25081291e2cd03,2025-08-12,GJ01,repeated,10,99,6,6
TRPJAI250812c308062f,2025-08-12,RJ01,repeated,42,541,9,9
TRPLUC2508129ba9b4c5,2025-08-12,UP01,new,18,188,8,8
TRPLUC25081215d0bb75,2025-08-12,UP01,repeated,13,143,6,8
TRPJAI250812d92fb3a7,2025-08-12,RJ01,new,19,265,9,9
TRPCHA2508124701e71d,2025-08-12,CH01,repeated,33,323,6,8
TRPVAD250812a2918b54,2025-08-12,GJ02,repeated,5,58,7,8
TRPVAD25081262150b81,2025-08-12,GJ02,repeated,12,114,5,8
TRPKOC250812fd2b5e99,2025-08-12,KL01,new,18,229,8,8
TRPVIS250812fad9b915,2025-08-12,AP01,repeated,19,198,7,8
TRPIND25081256e9af6f,2025-08-12,MP01,repeated,9,95,7,9
TRPJAI25081205baff08,2025-08-12,RJ01,repeated,15,217,8,9
TRPSUR250812ec763691,2025-08-12,GJ01,repeated,13,123,5,6
TRPSUR2508127cedbadf,2025-08-12,GJ01,new,13,123,7,8
TRPJAI2508122cc4bcc2,2025-08-12,RJ01,new,38,493,9,8
TRPLUC2508123d762cd6,2025-08-12,UP01,repeated,15,161,5,6
TRPSUR250812ffb9d4c0,2025-08-12,GJ01,repeated,16,147,6,5
TRPLUC250812736eb404,2025-08-12,UP01,repeated,16,170,7,6
TRPVAD2508126f30a7a6,2025-08-12,GJ02,new,15,138,8,7
TRPSUR25081255d8b8db,2025-08-12,GJ01,repeated,15,139,5,5
TRPIND250812ad71796e,2025-08-12,MP01,new,13,127,10,7
TRPSUR25081282f9c01a,2025-08-12,GJ01,repeated,15,139,6,5
TRPKOC250812369d331f,2025-08-12,KL01,new,31,372,9,9
TRPVAD25081298797aed,2025-08-12,GJ02,repeated,8,82,6,8
TRPVIS250812604338e0,2025-08-12,AP01,repeated,13,144,8,10
TRPSUR250812e4d94de6,2025-08-12,GJ01,repeated,6,67,6,6
TRPCOI2508127e2276aa,2025-08-12,TN01,repeated,13,127,8,6
TRPJAI25081252bd6267,2025-08-12,RJ01,repeated,34,445,9,9
TRPLUC250812df744449,2025-08-12,UP01,repeated,18,188,5,8
TRPJAI250812f319f47c,2025-08-12,RJ01,repeated,39,505,8,9
TRPMYS250812d32898d8,2025-08-12,KA01,new,15,185,10,10
TRPCHA250812bfcdbb42,2025-08-12,CH01,new,30,296,9,8
TRPCHA25081267dca0b6,2025-08-12,CH01,repeated,32,314,8,7
TRPIND2508122cbdedd2,2025-08-12,MP01,repeated,15,143,6,7
TRPVAD250812781145b1,2025-08-12,GJ02,new,14,130,8,7
TRPSUR250812116b4395,2025-08-12,GJ01,repeated,14,131,7,6
TRPLUC250812751455d3,2025-08-12,UP01,repeated,13,143,5,5
TRPVAD250812dc293798,2025-08-12,GJ02,repeated,18,162,6,6
TRPIND250812c08993b8,2025-08-12,MP01,repeated,10,103,6,7
TRPVIS250812a4573cb7,2025-08-12,AP01,repeated,33,324,7,9
TRPIND250812741d0b5f,2025-08-12,MP01,new,14,135,10,8
TRPKOC2508121c3ed57d,2025-08-12,KL01,repeated,23,284,9,10
TRPJAI2508129684ba99,2025-08-12,RJ01,new,19,265,9,10
TRPLUC25081216df9800,2025-08-12,UP01,repeated,20,206,6,8
TRPMYS25081228c1b32f,2025-08-12,KA01,new,13,165,10,9
TRPVIS2508122d9598c3,2025-08-12,AP01,new,22,225,9,10
TRPMYS25081251f66967,2025-08-12,KA01,repeated,15,185,3,4
TRPVAD250812106a24af,2025-08-12,GJ02,repeated,15,138,5,6
TRPLUC2508126122d4c0,2025-08-12,UP01,repeated,19,197,7,7
TRPLUC2508129b6b8df7,2025-08-12,UP01,new,12,134,9,8
TRPCOI2508125a259595,2025-08-12,TN01,new,22,199,10,8
TRPCHA2508129a6e784d,2025-08-12,CH01,repeated,19,197,7,6
TRPKOC250812489a1bb8,2025-08-12,KL01,new,33,394,8,8
TRPLUC2508121dcf137c,2025-08-12,UP01,repeated,13,143,5,5
TRPCHA2508129b9d77b7,2025-08-12,CH01,new,22,224,10,7
TRPCHA2508121634e721,2025-08-12,CH01,repeated,27,269,8,9
TRPLUC2508129c9aa860,2025-08-12,UP01,new,8,98,7,6
TRPKOC2508129972fca1,2025-08-12,KL01,new,26,317,10,8
TRPJAI25081219130d9f,2025-08-12,RJ01,new,15,217,10,8
TRPVAD250812ed681ab0,2025-08-12,GJ02,new,5,58,7,6
TRPVAD25081212f7c157,2025-08-12,GJ02,new,17,154,9,7
TRPSUR250812351a7ccc,2025-08-12,GJ01,repeated,8,83,7,7
TRPLUC250812e921d302,2025-08-12,UP01,repeated,16,170,5,6
TRPLUC250812e9e2e731,2025-08-12,UP01,new,11,125,8,7
TRPIND2508123427b02c,2025-08-12,MP01,repeated,18,167,8,6
TRPSUR25081210a8ec60,2025-08-12,GJ01,repeated,17,155,6,8
TRPJAI2508125302d9c4,2025-08-12,RJ01,new,40,517,10,9
TRPJAI250812b3b9317e,2025-08-12,RJ01,new,19,265,9,8
TRPVAD25081202257164,2025-08-12,GJ02,new,17,154,8,8
TRPLUC2508125423fb82,2025-08-12,UP01,repeated,15,161,7,7
TRPSUR2508121c334e62,2025-08-12,GJ01,repeated,12,115,6,8
TRPLUC250812162258df,2025-08-12,UP01,new,16,170,8,7
TRPVAD2508123b1529e4,2025-08-12,GJ02,repeated,7,74,6,6
TRPLUC250812fb9b4a4a,2025-08-12,UP01,new,5,71,8,7
TRPJAI25081299a4c38f,2025-08-12,RJ01,new,45,577,10,9
TRPLUC250812aae41bf4,2025-08-12,UP01,new,14,152,9,8
TRPCHA250812cf465039,2025-08-12,CH01,repeated,35,341,8,9
TRPVIS250812828530d3,2025-08-12,AP01,new,29,288,9,8
TRPLUC250812d6f623db,2025-08-12,UP01,repeated,20,206,6,7
TRPCOI25081228fa5540,2025-08-12,TN01,repeated,9,95,9,9
TRPSUR2508122d7dc359,2025-08-12,GJ01,repeated,17,155,5,6
TRPSUR250812ccfa2f87,2025-08-12,GJ01,new,5,59,7,8
TRPIND250812d122a5d1,2025-08-12,MP01,repeated,17,159,8,8
TRPLUC2508125806bf92,2025-08-12,UP01,repeated,14,152,6,5
TRPCOI250812f8388066,2025-08-12,TN01,new,11,111,10,7
TRPLUC250812089f8811,2025-08-12,UP01,repeated,13,143,6,5
TRPSUR250812478ca0af,2025-08-12,GJ01,repeated,14,131,7,8
TRPKOC250812bc346d15,2025-08-12,KL01,new,27,328,8,10
TRPSUR250812fc30b73d,2025-08-12,GJ01,repeated,15,139,5,6
TRPVIS2508128052a1cd,2025-08-12,AP01,repeated,31,306,8,8
TRPLUC250812c2cae3ff,2025-08-12,UP01,repeated,19,197,5,5
TRPCOI250812becf9897,2025-08-12,TN01,repeated,22,199,6,7
TRPVAD2508123b1e6242,2025-08-12,GJ02,repeated,10,98,5,5
TRPJAI25081201de5e89,2025-08-12,RJ01,new,39,505,10,8
TRPLUC2508126358db99,2025-08-12,UP01,repeated,9,107,6,7
TRPKOC2508129ef2dcd0,2025-08-12,KL01,new,23,284,8,8
TRPIND250812beb8e945,2025-08-12,MP01,new,23,207,8,9
TRPLUC2508123716af77,2025-08-12,UP01,repeated,11,125,6,7
TRPKOC25081296806a97,2025-08-12,KL01,repeated,14,185,7,9
TRPJAI250812d6219750,2025-08-12,RJ01,repeated,20,277,9,10
TRPJAI250812fc6bc62e,2025-08-12,RJ01,new,32,421,9,8
TRPJAI250812f27c1db5,2025-08-12,RJ01,repeated,44,565,7,10
TRPCHA25081252d27bd3,2025-08-12,CH01,new,21,215,10,7
TRPVAD2508127d405afd,2025-08-12,GJ02,repeated,8,82,7,5
TRPLUC250812605c0e9d,2025-08-12,UP01,repeated,15,161,5,8
TRPIND2508121f0ad7ab,2025-08-12,MP01,repeated,11,111,6,7
TRPIND2508120caf75e6,2025-08-12,MP01,new,18,167,7,9
TRPJAI250812769a31bb,2025-08-12,RJ01,repeated,37,481,7,8
TRPJAI250812fe07dfe1,2025-08-12,RJ01,repeated,42,541,9,8
TRPKOC250812edd50b61,2025-08-12,KL01,new,23,284,9,10
TRPKOC25081261a36f1f,2025-08-12,KL01,repeated,24,295,7,8
TRPIND250812938746c1,2025-08-12,MP01,new,16,151,7,9
TRPCHA250812d72da5cb,2025-08-12,CH01,repeated,14,152,9,7
TRPVIS250812a880a6a3,2025-08-12,AP01,new,11,126,9,10
TRPIND25081217e37f6b,2025-08-12,MP01,new,9,95,7,9
TRPCOI250812fcb9449d,2025-08-12,TN01,repeated,10,103,6,7
TRPKOC250812fe50e537,2025-08-12,KL01,new,37,438,8,10
TRPCHA25081228f48848,2025-08-12,CH01,repeated,15,161,8,8
TRPVIS250812651fa4f6,2025-08-12,AP01,new,20,207,8,8
TRPJAI250812bb8227e5,2025-08-12,RJ01,new,41,529,8,9
TRPJAI250812be45ce6c,2025-08-12,RJ01,repeated,31,409,8,8
TRPLUC25081212cd1e01,2025-08-12,UP01,new,20,206,8,6
TRPLUC25081217be7925,2025-08-12,UP01,repeated,8,98,5,5
TRPJAI250812cfc074e6,2025-08-12,RJ01,repeated,32,421,9,10
TRPJAI250812c53890cd,2025-08-12,RJ01,repeated,22,301,7,9
TRPKOC250812c7c855f9,2025-08-12,KL01,new,36,427,8,10
TRPIND250812b1023f3c,2025-08-12,MP01,repeated,21,191,6,9
TRPLUC25081244185a8b,2025-08-12,UP01,new,14,152,7,7
TRPVIS25081234b14dde,2025-08-12,AP01,new,28,279,8,9
TRPVAD250812c8e4979e,2025-08-12,GJ02,new,5,58,9,8
TRPIND2508120438d1a0,2025-08-12,MP01,repeated,14,135,9,7
TRPJAI2508123dc4187c,2025-08-12,RJ01,new,34,445,9,9
TRPIND2508121db29128,2025-08-12,MP01,repeated,8,87,9,7
TRPVAD2508124ae47cd4,2025-08-12,GJ02,repeated,15,138,5,7
TRPIND2508121f1c253b,2025-08-12,MP01,repeated,23,207,9,7
TRPLUC25081222d3417d,2025-08-12,UP01,new,6,80,8,7
TRPSUR2508124bb6e566,2025-08-12,GJ01,repeated,15,139,7,7
TRPSUR250812f6a9f590,2025-08-12,GJ01,repeated,15,139,7,6
TRPJAI250812c890e43c,2025-08-12,RJ01,new,23,313,9,8
TRPCHA2508128e79353c,2025-08-12,CH01,repeated,35,341,9,9
TRPJAI250812805e90f8,2025-08-12,RJ01,repeated,41,529,8,10
TRPKOC250812335fd446,2025-08-12,KL01,new,29,350,9,10
TRPJAI2508123ad54ffc,2025-08-12,RJ01,new,22,301,8,8
TRPCHA250812b0bdd42e,2025-08-12,CH01,new,21,215,8,7
TRPVIS2508124162dc01,2025-08-12,AP01,repeated,25,252,8,9
TRPLUC2508120c3aa25b,2025-08-12,UP01,new,5,71,7,8
TRPLUC2508128c6aba2b,2025-08-12,UP01,repeated,5,71,5,8
TRPLUC2508126fdababc,2025-08-12,UP01,repeated,7,89,5,7
TRPKOC250812161286a9,2025-08-12,KL01,new,36,427,10,9
TRPSUR2508129856a666,2025-08-12,GJ01,repeated,6,67,7,8
TRPLUC250812d15343d2,2025-08-12,UP01,repeated,6,80,7,8
TRPCHA250812907cb0fc,2025-08-12,CH01,repeated,34,332,7,6
TRPLUC250812bca0bc22,2025-08-12,UP01,repeated,19,197,7,5
TRPSUR2508124a0d031c,2025-08-12,GJ01,repeated,15,139,5,5
TRPLUC250812b67d2225,2025-08-12,UP01,repeated,14,152,6,5
TRPLUC25081231c8697f,2025-08-12,UP01,repeated,13,143,5,7
TRPLUC25081248680c6e,2025-08-12,UP01,repeated,8,98,5,5
TRPLUC2508122672091b,2025-08-12,UP01,repeated,14,152,6,6
TRPKOC250812e817941a,2025-08-12,KL01,repeated,20,251,8,8
TRPLUC2508120c439354,2025-08-12,UP01,repeated,8,98,6,8
TRPIND250812cbb75559,2025-08-12,MP01,repeated,20,183,6,9
TRPIND2508123b2b2b0e,2025-08-12,MP01,repeated,15,143,7,6
TRPKOC2508127c72f820,2025-08-12,KL01,new,25,306,8,9
TRPIND2508127322b9cf,2025-08-12,MP01,repeated,21,191,8,7
TRPLUC250812fd5ad986,2025-08-12,UP01,new,5,71,7,8
TRPLUC250812b0026320,2025-08-12,UP01,repeated,8,98,5,8
TRPCOI250812fcf236a5,2025-08-12,TN01,new,21,191,9,9
TRPSUR25081214363c99,2025-08-12,GJ01,new,13,123,8,7
TRPJAI250812b473ca75,2025-08-12,RJ01,new,17,241,9,9
TRPLUC25081256e366f7,2025-08-12,UP01,repeated,6,80,5,6
TRPSUR250812dbc46f4a,2025-08-12,GJ01,repeated,14,131,6,8
TRPCOI250812a28cca6f,2025-08-12,TN01,repeated,17,159,9,7
TRPLUC2508120ff3c4cf,2025-08-12,UP01,repeated,6,80,5,6
TRPCHA2508120d6557f0,2025-08-12,CH01,repeated,15,161,7,6
TRPVIS2508122456f2bd,2025-08-12,AP01,repeated,22,225,9,10
TRPCHA2508122deb3f8b,2025-08-12,CH01,new,23,233,9,7
TRPKOC2508121b7043ad,2025-08-12,KL01,repeated,36,427,7,9
TRPIND2508127e2a6061,2025-08-12,MP01,repeated,9,95,8,7
TRPLUC25081250644dad,2025-08-12,UP01,repeated,16,170,7,8
TRPIND250812dcb003a1,2025-08-12,MP01,new,25,223,7,7
TRPCHA25081282e78001,2025-08-12,CH01,new,13,143,9,9
TRPCHA25081205f92fcc,2025-08-12,CH01,repeated,22,224,7,9
TRPLUC2508126a7b0a84,2025-08-12,UP01,repeated,12,134,6,5
TRPIND250812ebf3050f,2025-08-12,MP01,repeated,13,127,9,6
TRPKOC250812497f6905,2025-08-12,KL01,repeated,36,427,7,10
TRPSUR250812a254ea66,2025-08-12,GJ01,new,11,107,8,6
TRPVAD250812da72adce,2025-08-12,GJ02,new,16,146,7,8
TRPIND2508123d778980,2025-08-12,MP01,repeated,18,167,7,7
TRPJAI250812afa8b6ff,2025-08-12,RJ01,new,39,505,9,8
TRPVAD25081287c4a984,2025-08-12,GJ02,repeated,10,98,6,8
TRPCHA25081278c5e219,2025-08-12,CH01,new,33,323,8,8
TRPJAI250812256be158,2025-08-12,RJ01,new,39,505,10,8
TRPKOC250812f2843e70,2025-08-12,KL01,new,26,317,9,9
TRPLUC250812beef3a12,2025-08-12,UP01,repeated,15,161,6,5
TRPVAD250812212cc642,2025-08-12,GJ02,repeated,14,130,5,6
TRPLUC2508129b2f750d,2025-08-12,UP01,repeated,5,71,5,5
TRPKOC250812702ed37d,2025-08-12,KL01,new,11,152,8,8
TRPIND250812bbe2f5ee,2025-08-12,MP01,new,19,175,7,9
TRPLUC25081212769ba9,2025-08-12,UP01,repeated,6,80,7,7
TRPLUC250812e19ab659,2025-08-12,UP01,repeated,14,152,7,8
TRPJAI2508122981fd23,2025-08-12,RJ01,repeated,42,541,8,10
TRPVAD250812c94ccf9a,2025-08-12,GJ02,repeated,11,106,6,7
TRPJAI250812548f7beb,2025-08-12,RJ01,new,19,265,8,10
TRPSUR2508125af49ab6,2025-08-12,GJ01,new,16,147,8,8
TRPLUC250812fd0b6083,2025-08-12,UP01,new,12,134,9,6
TRPCOI2508127573bab4,2025-08-12,TN01,new,18,167,9,8
TRPCOI250812d823dfd1,2025-08-12,TN01,new,20,183,7,9
TRPKOC25081248dadd31,2025-08-12,KL01,new,28,339,8,9
TRPIND250812201a3815,2025-08-12,MP01,repeated,15,143,6,6
TRPKOC250812c07ac8f4,2025-08-12,KL01,repeated,12,163,9,9
TRPKOC250812d311bed0,2025-08-12,KL01,new,25,306,9,10
TRPIND2508125f606ea8,2025-08-12,MP01,repeated,23,207,7,9
TRPIND250812ac8d3ba1,2025-08-12,MP01,repeated,15,143,8,9
TRPIND25081283b5c9da,2025-08-12,MP01,repeated,21,191,8,6
TRPSUR25081287d70157,2025-08-12,GJ01,repeated,7,75,7,6
TRPCOI250812e8e05b90,2025-08-12,TN01,new,22,199,7,7
TRPLUC250812fe2e8714,2025-08-12,UP01,repeated,13,143,7,6
TRPKOC250812b4fa28b4,2025-08-12,KL01,new,31,372,10,10
TRPJAI250812a8e5731f,2025-08-12,RJ01,new,32,421,10,8
TRPCOI250812ed8ebd65,2025-08-12,TN01,repeated,14,135,8,6
TRPVIS2508125aa2cb2e,2025-08-12,AP01,repeated,17,180,8,9
TRPLUC25081226e5761f,2025-08-12,UP01,repeated,9,107,7,6
TRPJAI2508125b34a8c6,2025-08-12,RJ01,new,20,277,8,10
TRPCHA2508129296bf08,2025-08-12,CH01,repeated,21,215,8,7
TRPLUC25081285fe6937,2025-08-12,UP01,repeated,12,134,7,8
TRPIND250812f6da5ef1,2025-08-12,MP01,repeated,14,135,9,7
TRPLUC250812cc0dad35,2025-08-12,UP01,repeated,14,152,7,5
TRPMYS250812a87a4db5,2025-08-12,KA01,new,20,235,10,9
TRPSUR2508120c19529c,2025-08-12,GJ01,repeated,10,99,7,8
TRPLUC250812e307f242,2025-08-12,UP01,repeated,12,134,6,7
TRPLUC2508127bce9947,2025-08-12,UP01,new,9,107,8,6
TRPLUC250812fb7f18d6,2025-08-12,UP01,repeated,9,107,7,5
TRPVIS250812be8809fd,2025-08-12,AP01,new,27,270,10,9
TRPCHA25081219fc8a8c,2025-08-12,CH01,repeated,16,170,8,9
TRPCOI250812464eef1b,2025-08-12,TN01,new,9,95,9,9
TRPVAD250812813e439c,2025-08-12,GJ02,repeated,5,58,3,3
TRPMYS25081207e97c0d,2025-08-12,KA01,repeated,24,275,9,8
TRPLUC2508120f39aa72,2025-08-12,UP01,new,12,134,9,6
TRPVAD250812579bd996,2025-08-12,GJ02,repeated,13,122,6,6
TRPSUR250812e65abba0,2025-08-12,GJ01,repeated,7,75,6,7
TRPVAD250812d652a957,2025-08-12,GJ02,repeated,11,106,7,6
TRPSUR250812e26fe97f,2025-08-12,GJ01,repeated,13,123,5,6
TRPIND250812c2e38204,2025-08-12,MP01,repeated,25,223,7,7
TRPSUR2508123c36dc11,2025-08-12,GJ01,new,7,75,9,6
TRPKOC25081298050b4f,2025-08-12,KL01,new,38,449,10,9
TRPCHA2508121e6fbe03,2025-08-12,CH01,new,31,305,7,7
TRPLUC2508121d1f4f45,2025-08-12,UP01,repeated,9,107,5,5
TRPCHA25081239ffe7ef,2025-08-12,CH01,new,27,269,8,9
TRPJAI2508125e002016,2025-08-12,RJ01,new,41,529,8,9
TRPSUR2508125c6e898d,2025-08-12,GJ01,repeated,11,107,6,6
TRPSUR250812296062e2,2025-08-12,GJ01,repeated,6,67,7,8
TRPJAI250812e6e94e88,2025-08-12,RJ01,repeated,17,241,9,9
TRPLUC250812f87dc9f3,2025-08-12,UP01,new,10,116,9,7
TRPMYS250812e15bebca,2025-08-12,KA01,new,23,265,8,9
TRPSUR25081289b0227f,2025-08-12,GJ01,new,8,83,9,6
TRPLUC2508128ca69908,2025-08-12,UP01,repeated,10,116,7,5
TRPLUC250812dac22dce,2025-08-12,UP01,new,7,89,7,6
TRPKOC2508129b3bffd5,2025-08-12,KL01,new,21,262,10,8
TRPKOC250812f97e51ab,2025-08-12,KL01,new,28,339,9,8
TRPJAI25081205f67270,2025-08-12,RJ01,new,35,457,9,8
TRPVIS2508120cfb1e3b,2025-08-12,AP01,repeated,30,297,7,8
TRPKOC250812d10d93f9,2025-08-12,KL01,new,16,207,8,10
TRPIND250812d456fefe,2025-08-12,MP01,new,25,223,7,9
TRPMYS250812fcb8600a,2025-08-12,KA01,new,17,205,9,9
TRPKOC250812be088564,2025-08-12,KL01,repeated,37,438,7,9
TRPLUC250812fafb2157,2025-08-12,UP01,repeated,19,197,6,5
TRPIND250812fe6e922e,2025-08-12,MP01,new,15,143,9,8
TRPSUR250812a7a3faaa,2025-08-12,GJ01,repeated,13,123,6,8
TRPLUC250812ad21d46a,2025-08-12,UP01,repeated,15,161,7,6
TRPCOI2508121ba8e5c7,2025-08-12,TN01,repeated,12,119,8,9
TRPLUC25081225ee4dfe,2025-08-12,UP01,repeated,14,152,6,6
TRPLUC2508126727d4a4,2025-08-12,UP01,new,9,107,9,8
TRPMYS250812684c4660,2025-08-12,KA01,new,25,285,10,9
TRPVAD25081274143eea,2025-08-12,GJ02,new,10,98,8,7
TRPSUR2508127c2281e2,2025-08-12,GJ01,repeated,13,123,6,7
TRPLUC2508121137a4dd,2025-08-12,UP01,repeated,15,161,6,7
TRPSUR2508126dc749b8,2025-08-12,GJ01,repeated,5,59,5,8
TRPCHA250812c256bd6b,2025-08-12,CH01,new,18,188,10,8
TRPSUR250812527b6be9,2025-08-12,GJ01,repeated,13,123,5,5
TRPKOC25081237524533,2025-08-12,KL01,repeated,11,152,7,9
TRPKOC250812c5791a92,2025-08-12,KL01,new,25,306,10,9
TRPJAI2508129a3a3e06,2025-08-12,RJ01,repeated,30,397,9,9
TRPJAI2508128ed0de68,2025-08-12,RJ01,repeated,45,577,8,8
TRPSUR2508121ce20dce,2025-08-12,GJ01,repeated,5,59,7,8
TRPSUR250812945eaf38,2025-08-12,GJ01,repeated,7,75,5,6
TRPCHA250812ef9cb126,2025-08-12,CH01,new,35,341,7,7
TRPIND2508124199788b,2025-08-12,MP01,repeated,15,143,6,6
TRPKOC250812c5f011f3,2025-08-12,KL01,new,32,383,9,9
TRPIND250812cf46c8e3,2025-08-12,MP01,repeated,23,207,9,8
TRPSUR25081217a6a758,2025-08-12,GJ01,new,9,91,9,7
TRPCHA250812639a2525,2025-08-12,CH01,repeated,17,179,7,8
TRPCHA250812aa7e424d,2025-08-12,CH01,repeated,26,260,7,8
TRPCOI2508129c755082,2025-08-12,TN01,repeated,17,159,7,9
TRPJAI25081290e9aa69,2025-08-12,RJ01,repeated,24,325,7,9
TRPLUC250812a40d69cc,2025-08-12,UP01,repeated,18,188,5,6
TRPLUC2508122e6eec08,2025-08-12,UP01,repeated,8,98,6,6
TRPVAD25081256bf4544,2025-08-12,GJ02,repeated,10,98,5,8
TRPSUR25081277da9be0,2025-08-12,GJ01,repeated,10,99,6,8
TRPSUR2508129d5d5ca7,2025-08-12,GJ01,repeated,7,75,5,6
TRPLUC2508125a501158,2025-08-12,UP01,repeated,15,161,6,7
TRPMYS250812a7164261,2025-08-12,KA01,repeated,13,165,8,8
TRPKOC25081239f63666,2025-08-12,KL01,repeated,28,339,9,10
TRPLUC2508125c0eed40,2025-08-12,UP01,repeated,7,89,6,7
TRPKOC25081259027912,2025-08-12,KL01,repeated,31,372,9,10
TRPJAI250812eabf59e1,2025-08-12,RJ01,repeated,43,553,9,8
TRPMYS25081214262fa5,2025-08-12,KA01,new,16,195,10,9
TRPSUR2508124be50587,2025-08-12,GJ01,repeated,13,123,6,7
TRPLUC250812ae4df04c,2025-08-12,UP01,new,20,206,7,8
TRPSUR2508124d706089,2025-08-12,GJ01,repeated,15,139,6,8
TRPVIS25081201ec5690,2025-08-12,AP01,repeated,24,243,8,9
TRPJAI250812012b2a54,2025-08-12,RJ01,new,25,337,10,10
TRPJAI250812088e94d2,2025-08-12,RJ01,new,36,469,9,9
TRPIND2508128afc8e53,2025-08-12,MP01,repeated,17,159,9,7
TRPJAI2508126f99fffb,2025-08-12,RJ01,repeated,25,337,8,8
TRPJAI250812cf0d5572,2025-08-12,RJ01,repeated,33,433,9,9
TRPMYS250812d7456c6d,2025-08-12,KA01,new,14,175,10,10
TRPLUC250812b60f5eac,2025-08-12,UP01,repeated,11,125,7,5
TRPVAD25081290d6ea8e,2025-08-12,GJ02,repeated,7,74,5,6
TRPSUR2508121b712298,2025-08-12,GJ01,repeated,7,75,6,5
TRPIND2508121c29686e,2025-08-12,MP01,repeated,24,215,8,8
TRPIND2508128a999ca6,2025-08-12,MP01,new,16,151,10,8
TRPLUC250812a66ed116,2025-08-12,UP01,repeated,15,161,5,6
TRPLUC250812906fb9b2,2025-08-12,UP01,new,10,116,9,7
TRPCHA250812cffd5c13,2025-08-12,CH01,repeated,25,251,9,6
TRPMYS250812fefb38bf,2025-08-12,KA01,new,11,145,10,10
TRPJAI25081260ee13e7,2025-08-12,RJ01,repeated,44,565,7,9
TRPCHA2508128c3204ba,2025-08-12,CH01,new,26,260,7,9
TRPLUC2508122c3ca90d,2025-08-12,UP01,repeated,7,89,6,5
TRPJAI2508127648ea66,2025-08-12,RJ01,new,35,457,8,9
TRPKOC2508124d9e8ef0,2025-08-12,KL01,repeated,33,394,7,8
TRPVAD25081295fac3a7,2025-08-12,GJ02,new,12,114,9,8
TRPJAI250812c38155fd,2025-08-12,RJ01,new,31,409,10,9
TRPJAI2508125f9b4355,2025-08-12,RJ01,repeated,17,241,8,10
TRPIND250812260d0a6b,2025-08-12,MP01,repeated,21,191,9,9
TRPVAD2508127c48aa0d,2025-08-12,GJ02,new,15,138,9,8
TRPSUR250812e1765a0b,2025-08-12,GJ01,repeated,12,115,7,8
TRPLUC250812bd940b86,2025-08-12,UP01,repeated,19,197,5,6
TRPLUC250812fbcf1e32,2025-08-12,UP01,repeated,6,80,7,8
TRPKOC25081212547075,2025-08-12,KL01,new,16,207,10,9
TRPIND25081247b7196e,2025-08-12,MP01,new,14,135,10,7
TRPSUR250812f554560e,2025-08-12,GJ01,new,14,131,8,7
TRPJAI250812d7fe95f9,2025-08-12,RJ01,repeated,37,481,7,8
TRPLUC25081260bd5ff7,2025-08-12,UP01,new,6,80,9,7
TRPJAI25081229a17f17,2025-08-12,RJ01,repeated,15,217,7,10
TRPVAD250812754a3668,2025-08-12,GJ02,repeated,8,82,7,6
TRPCHA2508120b6a64a7,2025-08-12,CH01,new,26,260,8,9
TRPCHA250812c159bf67,2025-08-12,CH01,repeated,24,242,8,8
TRPVAD2508128d29c03b,2025-08-12,GJ02,new,16,146,8,7
TRPVIS25081254a943af,2025-08-12,AP01,new,17,180,10,9
TRPLUC2508129f9a5c40,2025-08-12,UP01,repeated,12,134,7,6
TRPVAD2508123e1e45e8,2025-08-12,GJ02,repeated,18,162,5,6
TRPIND2508124a2c90fc,2025-08-12,MP01,repeated,17,159,6,7
TRPKOC2508125f257a99,2025-08-12,KL01,repeated,26,317,8,10
TRPVAD25081222b8cdf6,2025-08-12,GJ02,new,17,154,8,8
TRPJAI250812023e989c,2025-08-12,RJ01,repeated,18,253,8,8
TRPVAD2508124565f768,2025-08-12,GJ02,new,12,114,7,7
TRPJAI25081263253d78,2025-08-12,RJ01,new,35,457,10,8
TRPVIS250812455d28a3,2025-08-12,AP01,repeated,19,198,8,9
TRPKOC2508126eaab1d2,2025-08-12,KL01,new,10,141,10,9
TRPIND250812ef2bdb39,2025-08-12,MP01,new,17,159,9,9
TRPJAI250812c7e44355,2025-08-12,RJ01,new,31,409,9,10
TRPJAI250812d47f4e4d,2025-08-12,RJ01,repeated,22,301,8,9
TRPSUR2508129bb91b6f,2025-08-12,GJ01,new,16,147,8,8
TRPCHA25081265fc2965,2025-08-12,CH01,repeated,15,161,8,6
TRPLUC250812169c7c02,2025-08-12,UP01,repeated,9,107,6,6
TRPJAI250812c772ec93,2025-08-12,RJ01,repeated,20,277,8,8
TRPIND2508122b06ce49,2025-08-12,MP01,new,25,223,7,7
TRPSUR25081260bacfd4,2025-08-12,GJ01,repeated,6,67,5,5
TRPLUC2508120ca339b5,2025-08-12,UP01,new,7,89,9,8
TRPLUC250812e76b429f,2025-08-12,UP01,new,14,152,8,8
TRPLUC250812628ae735,2025-08-12,UP01,repeated,5,71,7,6
TRPLUC250812fc7a9d43,2025-08-12,UP01,new,20,206,8,6
TRPSUR250812d63b3e8a,2025-08-12,GJ01,repeated,17,155,6,7
TRPVIS250812f60103cc,2025-08-12,AP01,repeated,25,252,9,10
TRPVIS250812accbb401,2025-08-12,AP01,repeated,24,243,8,10
TRPMYS25081207a415ee,2025-08-12,KA01,repeated,18,215,7,9
TRPIND250812eaf24d5e,2025-08-12,MP01,repeated,13,127,8,8
TRPMYS250812b3ae0223,2025-08-12,KA01,new,20,235,8,10
TRPJAI250812df18ba78,2025-08-12,RJ01,new,35,457,9,9
TRPIND250812c9b4f7b0,2025-08-12,MP01,new,14,135,10,8
TRPKOC250812cb8fa554,2025-08-12,KL01,new,31,372,10,8
TRPSUR2508120fa326c6,2025-08-12,GJ01,repeated,5,59,7,6
TRPJAI2508125399764a,2025-08-12,RJ01,new,37,481,9,9
TRPSUR250812f0c72b1f,2025-08-12,GJ01,repeated,5,59,5,7
TRPVIS25081233489cd2,2025-08-12,AP01,new,34,333,9,8
TRPVAD25081213f5bdad,2025-08-12,GJ02,repeated,5,58,7,6
TRPLUC25081294950508,2025-08-12,UP01,repeated,14,152,5,7
TRPKOC250812d5d03419,2025-08-12,KL01,new,34,405,8,9
TRPCHA25081235ff92f5,2025-08-12,CH01,new,29,287,7,7
TRPJAI2508123bfe8a3b,2025-08-12,RJ01,repeated,36,469,8,8
TRPCHA250812fc4dfa56,2025-08-12,CH01,new,33,323,8,7
TRPSUR250812aeca3ea8,2025-08-12,GJ01,repeated,10,99,6,8
TRPCOI250812e4087349,2025-08-12,TN01,repeated,17,159,6,8
TRPVIS25081212b4c442,2025-08-12,AP01,new,18,189,10,8
TRPIND25081212817bec,2025-08-12,MP01,repeated,16,151,9,9
TRPIND250812261141e1,2025-08-12,MP01,repeated,13,127,6,6
