trip_id,date,city_id,passenger_type,distance_travelled(km),fare_amount,passenger_rating,driver_rating
TRPSUR251219571570b9,2025-12-19,GJ01,repeated,17,155,7,6
TRPSUR2512193ba49385,2025-12-19,GJ01,repeated,8,83,7,6
TRPCHA25121938f26512,2025-12-19,CH01,repeated,17,179,8,9
TRPSUR251219556aaf57,2025-12-19,GJ01,repeated,16,147,7,5
TRPLUC2512195fb94772,2025-12-19,UP01,repeated,18,188,6,7
TRPKOC2512197e07ac67,2025-12-19,KL01,repeated,25,306,8,8
TRPSUR251219112c0451,2025-12-19,GJ01,repeated,11,107,7,6
TRPVIS25121958585e02,2025-12-19,AP01,new,29,288,9,10
TRPKOC25121997f43ba8,2025-12-19,KL01,new,25,306,9,10
TRPIND2512190855beb3,2025-12-19,MP01,repeated,12,119,9,7
TRPLUC25121995ce9c08,2025-12-19,UP01,repeated,14,152,7,6
TRPJAI2512199c60b84c,2025-12-19,RJ01,repeated,38,493,8,9
TRPCOI251219b1bbfd16,2025-12-19,TN01,repeated,18,167,8,8
TRPJAI2512190029f9f1,2025-12-19,RJ01,repeated,18,253,8,9
TRPKOC2512195ac6005a,2025-12-19,KL01,repeated,10,141,7,8
TRPVIS251219611de22d,2025-12-19,AP01,repeated,29,288,8,8
TRPLUC2512195ba71454,2025-12-19,UP01,repeated,15,161,7,7
TRPCHA25121919dfbfcd,2025-12-19,CH01,new,33,323,9,8
TRPLUC251219c394e181,2025-12-19,UP01,repeated,5,71,7,7
TRPJAI251219e4c0bee1,2025-12-19,RJ01,repeated,33,433,8,10
TRPVAD251219e9cf18e7,2025-12-19,GJ02,repeated,7,74,5,7
TRPSUR251219d8be67f1,2025-12-19,GJ01,repeated,6,67,7,5
TRPSUR251219aa3d4acd,2025-12-19,GJ01,repeated,9,91,7,8
TRPKOC25121900fea783,2025-12-19,KL01,new,10,141,10,10
TRPKOC251219f47df79c,2025-12-19,KL01,repeated,27,328,8,8
TRPSUR251219f2af6cf6,2025-12-19,GJ01,new,15,139,8,8
TRPJAI2512194c50ba83,2025-12-19,RJ01,repeated,41,529,9,9
TRPSUR251219ad22c46a,2025-12-19,GJ01,repeated,9,91,6,7
TRPIND251219af89d69e,2025-12-19,MP01,new,19,175,7,8
TRPLUC251219ae3cf785,2025-12-19,UP01,repeated,16,170,7,6
TRPSUR251219f596fb48,2025-12-19,GJ01,repeated,16,147,6,7
TRPCOI251219a1e02f1a,2025-12-19,TN01,repeated,14,135,8,8
TRPJAI25121921d7929a,2025-12-19,RJ01,new,16,229,8,9
TRPVAD251219f93da388,2025-12-19,GJ02,new,9,90,9,7
TRPSUR2512198083c6ba,2025-12-19,GJ01,repeated,10,99,6,6
TRPJAI25121950085f10,2025-12-19,RJ01,new,31,409,8,8
TRPVAD25121922ad0000,2025-12-19,GJ02,repeated,13,122,6,5
TRPVIS25121991706fd7,2025-12-19,AP01,repeated,33,324,9,10
TRPKOC251219dfbaaa98,2025-12-19,KL01,repeated,10,141,8,8
TRPVIS251219a4216e58,2025-12-19,AP01,new,33,324,8,8
TRPJAI251219e5a1e6ee,2025-12-19,RJ01,repeated,42,541,9,10
TRPSUR2512198e43119d,2025-12-19,GJ01,repeated,8,83,7,7
TRPKOC2512190069c816,2025-12-19,KL01,repeated,33,394,9,9
TRPVAD25121965a9285c,2025-12-19,GJ02,repeated,9,90,5,6
TRPSUR251219cd5adfad,2025-12-19,GJ01,repeated,7,75,5,6
TRPCHA2512194ea6f822,2025-12-19,CH01,repeated,12,134,7,7
TRPKOC25121962fd0d4b,2025-12-19,KL01,new,13,174,8,8
TRPJAI2512192c7599c2,2025-12-19,RJ01,new,22,301,8,8
TRPLUC251219e9450da2,2025-12-19,UP01,repeated,16,170,7,7
TRPMYS251219d3fe6ddd,2025-12-19,KA01,new,14,175,10,10
TRPKOC2512193a6bb324,2025-12-19,KL01,new,13,174,9,8
TRPJAI251219c2d57075,2025-12-19,RJ01,repeated,39,505,7,10
TRPSUR251219ba3d1990,2025-12-19,GJ01,repeated,12,115,5,5
TRPLUC25121990b9f8c3,2025-12-19,UP01,repeated,8,98,7,5
TRPLUC251219f2ebedcd,2025-12-19,UP01,repeated,16,170,7,7
TRPKOC251219533214fa,2025-12-19,KL01,repeated,32,383,8,8
TRPSUR251219c92fc58b,2025-12-19,GJ01,repeated,17,155,5,8
TRPMYS2512198e518f45,2025-12-19,KA01,repeated,8,115,8,10
TRPLUC2512191de764ab,2025-12-19,UP01,repeated,10,116,7,5
TRPKOC251219ca6cd2fd,2025-12-19,KL01,repeated,24,295,9,10
TRPSUR251219998a5b25,2025-12-19,GJ01,repeated,16,147,7,8
TRPLUC251219b31d7fea,2025-12-19,UP01,repeated,19,197,7,6
TRPSUR251219e697bbaf,2025-12-19,GJ01,new,14,131,9,6
TRPLUC251219cdc90927,2025-12-19,UP01,repeated,8,98,6,8
TRPVAD2512195cdf21ec,2025-12-19,GJ02,repeated,10,98,5,7
TRPKOC2512190bb4c63f,2025-12-19,KL01,repeated,35,416,7,10
TRPVAD25121990d365b7,2025-12-19,GJ02,repeated,5,58,5,6
TRPCHA251219c54a1537,2025-12-19,CH01,repeated,21,215,7,7
TRPKOC2512190be0e493,2025-12-19,KL01,new,31,372,9,8
TRPKOC2512190047fd39,2025-12-19,KL01,repeated,31,372,9,10
TRPLUC251219e2c09229,2025-12-19,UP01,repeated,14,152,7,5
TRPMYS251219fc5a6bdb,2025-12-19,KA01,new,22,255,8,9
TRPLUC25121936e0ea85,2025-12-19,UP01,repeated,12,134,5,7
TRPLUC2512192c5e9387,2025-12-19,UP01,repeated,19,197,6,7
TRPJAI251219633458b1,2025-12-19,RJ01,new,15,217,10,10
TRPIND25121923cbfd43,2025-12-19,MP01,repeated,16,151,8,8
TRPCHA251219e018662f,2025-12-19,CH01,repeated,14,152,6,6
TRPSUR2512197811e5b3,2025-12-19,GJ01,repeated,11,107,5,5
TRPSUR251219f0da0503,2025-12-19,GJ01,new,15,139,7,6
TRPJAI251219e3e1b9d9,2025-12-19,RJ01,repeated,41,529,8,10
TRPCHA25121902e8d21d,2025-12-19,CH01,repeated,24,242,6,9
TRPLUC25121957d950b9,2025-12-19,UP01,repeated,8,98,6,8
TRPJAI251219328a8ea7,2025-12-19,RJ01,repeated,37,481,9,9
TRPCOI25121960069ec0,2025-12-19,TN01,repeated,18,167,7,7
TRPJAI251219c82c1f51,2025-12-19,RJ01,repeated,32,421,9,8
TRPIND251219dd68525c,2025-12-19,MP01,repeated,19,175,6,7
TRPLUC251219f913898d,2025-12-19,UP01,repeated,9,107,6,5
TRPLUC251219d0e4fa4e,2025-12-19,UP01,repeated,19,197,7,6
TRPMYS251219321d5635,2025-12-19,KA01,new,17,205,8,8
TRPSUR2512196471700c,2025-12-19,GJ01,repeated,12,115,5,8
TRPLUC251219b6e71bd5,2025-12-19,UP01,repeated,7,89,5,8
TRPJAI251219c1317cc6,2025-12-19,RJ01,new,28,373,10,10
TRPCOI25121924dff3fc,2025-12-19,TN01,new,15,143,9,9
TRPJAI251219f9efce73,2025-12-19,RJ01,new,24,325,10,10
TRPSUR251219a564c614,2025-12-19,GJ01,repeated,8,83,5,8
TRPVIS251219adc45f78,2025-12-19,AP01,new,26,261,8,10
TRPVAD2512199c56d3db,2025-12-19,GJ02,repeated,14,130,7,7
TRPIND2512198e3b022f,2025-12-19,MP01,new,16,151,10,7
TRPCHA251219358c302d,2025-12-19,CH01,repeated,31,305,7,9
TRPMYS251219c9180786,2025-12-19,KA01,repeated,15,185,9,8
TRPCHA251219db494477,2025-12-19,CH01,new,20,206,8,7
TRPSUR251219ccc2414a,2025-12-19,GJ01,new,6,67,8,8
TRPKOC2512190f941d43,2025-12-19,KL01,repeated,25,306,9,10
TRPIND251219aec3400e,2025-12-19,MP01,repeated,22,199,6,8
TRPVAD251219b7ad79e2,2025-12-19,GJ02,repeated,8,82,6,8
TRPLUC2512198bb6fc5d,2025-12-19,UP01,new,18,188,9,7
TRPCHA2512192967102b,2025-12-19,CH01,repeated,14,152,9,6
TRPSUR251219af6fb644,2025-12-19,GJ01,new,6,67,8,8
TRPVIS25121945443bee,2025-12-19,AP01,repeated,23,234,7,9
TRPCHA25121962b84e80,2025-12-19,CH01,repeated,32,314,9,9
TRPLUC25121948a6fe50,2025-12-19,UP01,new,13,143,7,8
TRPIND251219349813af,2025-12-19,MP01,repeated,13,127,6,7
TRPVAD251219041be5cc,2025-12-19,GJ02,new,14,130,8,8
TRPSUR25121953ff14c4,2025-12-19,GJ01,repeated,15,139,6,7
TRPIND251219dc1aeb7b,2025-12-19,MP01,repeated,24,215,7,9
TRPIND251219038855fa,2025-12-19,MP01,repeated,15,143,8,8
TRPLUC251219ad5fc0c5,2025-12-19,UP01,repeated,17,179,5,7
TRPLUC2512195d62c6f5,2025-12-19,UP01,repeated,16,170,5,5
TRPJAI251219ab21dfaa,2025-12-19,RJ01,repeated,19,265,9,8
TRPCOI25121914c8bcd1,2025-12-19,TN01,repeated,9,95,6,7
TRPVAD251219cf2beca7,2025-12-19,GJ02,repeated,17,154,7,5
TRPLUC251219b3396366,2025-12-19,UP01,repeated,6,80,7,6
TRPIND2512193c646a62,2025-12-19,MP01,repeated,15,143,9,6
TRPMYS25121906e4e327,2025-12-19,KA01,new,15,185,10,8
TRPIND251219be198919,2025-12-19,MP01,repeated,21,191,6,9
TRPKOC2512192db0a774,2025-12-19,KL01,repeated,37,438,9,9
TRPIND25121993af3a38,2025-12-19,MP01,repeated,20,183,8,8
TRPLUC2512197a5c7ac6,2025-12-19,UP01,repeated,12,134,5,7
TRPSUR251219e3dd2fac,2025-12-19,GJ01,repeated,14,131,6,5
TRPKOC251219c6699502,2025-12-19,KL01,repeated,12,163,7,8
TRPVAD25121919c17668,2025-12-19,GJ02,new,9,90,8,8
TRPCHA25121913afe66a,2025-12-19,CH01,repeated,13,143,6,6
TRPLUC2512194d2797bb,2025-12-19,UP01,repeated,11,125,6,5
TRPSUR2512195818c601,2025-12-19,GJ01,repeated,8,83,7,5
TRPIND2512197bac82a0,2025-12-19,MP01,repeated,21,191,8,6
TRPVAD251219593315f9,2025-12-19,GJ02,repeated,13,122,7,7
TRPJAI2512194efb084b,2025-12-19,RJ01,repeated,44,565,9,8
TRPMYS251219777e029a,2025-12-19,KA01,new,12,155,10,8
TRPVAD251219dc12c16f,2025-12-19,GJ02,new,14,130,9,8
TRPVAD251219a31bbd6f,2025-12-19,GJ02,repeated,8,82,6,8
TRPLUC2512194be4e51c,2025-12-19,UP01,repeated,18,188,6,5
TRPJAI2512196aeda09e,2025-12-19,RJ01,repeated,35,457,9,10
TRPKOC251219dac90e29,2025-12-19,KL01,repeated,30,361,9,8
TRPIND251219b69180e8,2025-12-19,MP01,repeated,9,95,7,7
TRPLUC251219289f973d,2025-12-19,UP01,new,13,143,8,6
TRPJAI251219077056a4,2025-12-19,RJ01,repeated,21,289,9,8
TRPVAD25121975dbd226,2025-12-19,GJ02,repeated,5,58,5,7
TRPSUR251219c92ed5f0,2025-12-19,GJ01,repeated,10,99,7,8
TRPIND251219471bb9c7,2025-12-19,MP01,repeated,22,199,8,8
TRPMYS2512192ac3eeac,2025-12-19,KA01,new,8,115,8,8
TRPIND25121997ca1f23,2025-12-19,MP01,repeated,12,119,7,8
TRPLUC251219b64416f9,2025-12-19,UP01,repeated,11,125,5,5
TRPLUC2512195c13e6d8,2025-12-19,UP01,repeated,19,197,6,6
TRPCOI2512192447472c,2025-12-19,TN01,repeated,11,111,7,9
TRPCHA251219b7992f5c,2025-12-19,CH01,repeated,24,242,8,7
TRPKOC251219ec7bd02d,2025-12-19,KL01,repeated,33,394,9,10
TRPKOC2512191deb7f0f,2025-12-19,KL01,new,14,185,10,8
TRPIND2512196b728bbc,2025-12-19,MP01,repeated,10,103,6,7
TRPSUR2512190005d8f1,2025-12-19,GJ01,repeated,6,67,5,6
TRPVIS2512194c94836a,2025-12-19,AP01,repeated,33,324,7,9
TRPCHA251219512c94e5,2025-12-19,CH01,repeated,23,233,8,9
TRPCOI25121919a61310,2025-12-19,TN01,repeated,11,111,8,6
TRPIND251219c0b2fda3,2025-12-19,MP01,repeated,9,95,9,8
TRPKOC25121936d5c771,2025-12-19,KL01,repeated,19,240,7,10
TRPLUC251219856bab2c,2025-12-19,UP01,repeated,13,143,6,6
TRPCOI251219820dc2b0,2025-12-19,TN01,new,18,167,10,9
TRPIND25121951c68b4c,2025-12-19,MP01,repeated,8,87,9,7
TRPKOC25121995a56f12,2025-12-19,KL01,new,27,328,9,9
TRPCHA251219cff10115,2025-12-19,CH01,repeated,28,278,8,8
TRPLUC251219ad28f153,2025-12-19,UP01,repeated,17,179,6,6
TRPLUC25121920651b0b,2025-12-19,UP01,repeated,18,188,6,6
TRPVIS2512191ae92557,2025-12-19,AP01,repeated,21,216,9,8
TRPJAI2512190408fea9,2025-12-19,RJ01,new,28,373,9,10
TRPJAI2512195ab954a3,2025-12-19,RJ01,repeated,32,421,9,8
TRPCOI251219c346ae0c,2025-12-19,TN01,new,17,159,7,7
TRPMYS251219d8399cbd,2025-12-19,KA01,repeated,20,235,8,9
TRPJAI2512191acfde96,2025-12-19,RJ01,repeated,41,529,9,8
TRPCHA251219e05f3a0d,2025-12-19,CH01,repeated,27,269,8,8
TRPLUC2512197464ce31,2025-12-19,UP01,new,14,152,8,8
TRPSUR251219058d0ae0,2025-12-19,GJ01,repeated,13,123,7,8
TRPLUC2512191d4c624a,2025-12-19,UP01,repeated,8,98,5,5
TRPVIS2512193ed7fe43,2025-12-19,AP01,repeated,15,162,8,8
TRPIND2512194a1e2aee,2025-12-19,MP01,repeated,25,223,7,7
TRPVIS25121962cc9ce3,2025-12-19,AP01,new,19,198,10,9
TRPCOI25121916233f92,2025-12-19,TN01,repeated,13,127,6,7
TRPJAI251219facad5f8,2025-12-19,RJ01,new,25,337,10,8
TRPLUC25121945e11427,2025-12-19,UP01,repeated,5,71,5,5
TRPVIS25121968a8ee91,2025-12-19,AP01,new,25,252,10,9
TRPIND2512197cb55923,2025-12-19,MP01,repeated,9,95,9,9
TRPKOC2512190c7a5c83,2025-12-19,KL01,new,33,394,10,9
TRPVAD251219cb76347a,2025-12-19,GJ02,repeated,14,130,6,5
TRPJAI2512190b7e22c2,2025-12-19,RJ01,repeated,39,505,8,9
TRPCHA251219a718f028,2025-12-19,CH01,new,14,152,9,7
TRPJAI251219d7ecc294,2025-12-19,RJ01,repeated,31,409,8,9
TRPKOC25121912d97d7c,2025-12-19,KL01,repeated,32,383,9,8
TRPLUC2512195a7972be,2025-12-19,UP01,new,15,161,7,8
TRPSUR25121906cb232a,2025-12-19,GJ01,repeated,12,115,6,5
TRPJAI251219431983c3,2025-12-19,RJ01,new,24,325,9,10
TRPSUR2512191020542c,2025-12-19,GJ01,repeated,14,131,7,7
TRPSUR25121955ee9fec,2025-12-19,GJ01,repeated,16,147,5,8
TRPCHA251219e312cf00,2025-12-19,CH01,repeated,19,197,6,9
TRPSUR25121911a92e67,2025-12-19,GJ01,repeated,5,59,5,7
TRPSUR2512193c463c07,2025-12-19,GJ01,repeated,17,155,5,5
TRPCHA2512199872613e,2025-12-19,CH01,repeated,27,269,6,7
TRPIND251219b4faf683,2025-12-19,MP01,repeated,14,135,6,9
TRPKOC251219f0b2839a,2025-12-19,KL01,repeated,11,152,7,10
TRPMYS251219e9c63629,2025-12-19,KA01,new,23,265,8,9
TRPLUC25121918771d83,2025-12-19,UP01,repeated,15,161,7,6
TRPLUC25121954db2090,2025-12-19,UP01,repeated,19,197,5,5
TRPVAD25121950c41d31,2025-12-19,GJ02,new,6,66,8,8
TRPJAI2512190730d8b6,2025-12-19,RJ01,new,42,541,9,10
TRPJAI251219372e0b3d,2025-12-19,RJ01,repeated,21,289,8,10
TRPSUR251219fac8842f,2025-12-19,GJ01,repeated,6,67,6,5
TRPIND25121988d92c0c,2025-12-19,MP01,repeated,8,87,8,6
TRPJAI251219819adfff,2025-12-19,RJ01,new,30,397,10,8
TRPCHA2512191840540d,2025-12-19,CH01,new,16,170,7,8
TRPKOC2512193ed7f4e2,2025-12-19,KL01,repeated,16,207,9,8
TRPIND25121944f54224,2025-12-19,MP01,repeated,19,175,6,8
TRPLUC25121998d94c98,2025-12-19,UP01,repeated,18,188,5,5
TRPIND251219938a89db,2025-12-19,MP01,repeated,9,95,7,8
TRPCHA251219601c59de,2025-12-19,CH01,repeated,15,161,6,6
TRPLUC25121975cf3f6f,2025-12-19,UP01,new,8,98,9,6
TRPKOC251219c1e30452,2025-12-19,KL01,repeated,34,405,9,8
TRPCHA251219bc029543,2025-12-19,CH01,repeated,20,206,8,9
TRPSUR251219df3a6ffe,2025-12-19,GJ01,repeated,14,131,7,6
TRPJAI251219726d8152,2025-12-19,RJ01,new,39,505,10,8
TRPJAI251219ed1e5a5a,2025-12-19,RJ01,repeated,38,493,9,9
TRPVAD2512198d4c2a67,2025-12-19,GJ02,new,15,138,7,8
TRPKOC25121989e6daa6,2025-12-19,KL01,repeated,18,229,7,8
TRPVAD251219845d8263,2025-12-19,GJ02,repeated,17,154,7,7
TRPSUR251219e47ae368,2025-12-19,GJ01,repeated,11,107,5,8
TRPKOC251219208a0e38,2025-12-19,KL01,repeated,31,372,8,10
TRPIND2512193265b2d2,2025-12-19,MP01,repeated,20,183,6,9
TRPCHA251219e83b04f8,2025-12-19,CH01,new,13,143,10,7
TRPIND25121949c20c1a,2025-12-19,MP01,repeated,21,191,6,8
TRPJAI2512196d8cd001,2025-12-19,RJ01,new,23,313,10,9
TRPCHA251219ec3ee01b,2025-12-19,CH01,new,32,314,9,7
TRPJAI25121963d6fc6e,2025-12-19,RJ01,repeated,20,277,9,9
TRPVAD2512191c566894,2025-12-19,GJ02,repeated,7,74,7,6
TRPKOC2512193b92f185,2025-12-19,KL01,repeated,30,361,7,9
TRPJAI251219285151e3,2025-12-19,RJ01,repeated,24,325,9,9
TRPIND2512192d991fac,2025-12-19,MP01,new,21,191,10,9
TRPCHA2512193e494fca,2025-12-19,CH01,repeated,29,287,6,8
TRPSUR251219ce9c93a4,2025-12-19,GJ01,repeated,12,115,6,6
TRPMYS251219ab573c83,2025-12-19,KA01,repeated,11,145,7,10
TRPVAD2512191175778a,2025-12-19,GJ02,repeated,13,122,7,8
TRPIND251219081ce112,2025-12-19,MP01,repeated,21,191,9,8
TRPVIS251219cca0c3ca,2025-12-19,AP01,repeated,34,333,9,9
TRPLUC251219fd22afbc,2025-12-19,UP01,repeated,8,98,6,8
TRPVAD251219d9fa34c3,2025-12-19,GJ02,new,10,98,9,8
TRPJAI251219740061a2,2025-12-19,RJ01,repeated,41,529,8,9
TRPIND251219b3552a19,2025-12-19,MP01,repeated,9,95,9,9
TRPIND25121928c2597e,2025-12-19,MP01,repeated,17,159,6,8
TRPKOC25121999d07f4a,2025-12-19,KL01,repeated,25,306,9,9
TRPVAD2512194d32d559,2025-12-19,GJ02,repeated,11,106,7,5
TRPJAI251219b245b99c,2025-12-19,RJ01,new,21,289,10,8
TRPJAI25121936343b32,2025-12-19,RJ01,repeated,22,301,9,8
TRPIND251219641902a5,2025-12-19,MP01,new,22,199,8,7
TRPIND251219848a5018,2025-12-19,MP01,repeated,21,191,8,6
TRPCHA25121950aa771d,2025-12-19,CH01,new,29,287,9,7
TRPVIS2512190769c445,2025-12-19,AP01,new,11,126,8,9
TRPSUR25121943eb839e,2025-12-19,GJ01,repeated,12,115,5,6
TRPJAI25121951ce10c1,2025-12-19,RJ01,repeated,32,421,7,8
TRPLUC25121903b1005b,2025-12-19,UP01,new,5,71,8,7
TRPVIS2512199659059f,2025-12-19,AP01,repeated,25,252,9,9
TRPSUR25121924f4dc67,2025-12-19,GJ01,repeated,17,155,7,7
TRPJAI251219150b06b9,2025-12-19,RJ01,repeated,19,265,8,9
TRPVIS251219a84cfc08,2025-12-19,AP01,repeated,14,153,8,10
TRPSUR251219eceac4e7,2025-12-19,GJ01,new,6,67,7,7
TRPSUR25121940ff8beb,2025-12-19,GJ01,repeated,6,67,6,6
TRPIND2512199fd08c3e,2025-12-19,MP01,new,17,159,8,8
TRPLUC251219f2ea5630,2025-12-19,UP01,new,5,71,9,6
TRPKOC2512190c51fb6b,2025-12-19,KL01,repeated,36,427,9,10
TRPCHA2512192451c558,2025-12-19,CH01,repeated,29,287,6,6
TRPSUR251219dca931b7,2025-12-19,GJ01,repeated,8,83,7,6
TRPVIS251219b5e66f55,2025-12-19,AP01,new,11,126,10,8
TRPIND251219c216011c,2025-12-19,MP01,repeated,14,135,8,8
TRPSUR251219c591e185,2025-12-19,GJ01,repeated,7,75,6,8
TRPKOC2512194bfd7809,2025-12-19,KL01,new,27,328,9,9
TRPIND251219d20090ee,2025-12-19,MP01,repeated,9,95,9,6
TRPSUR2512199cb705ba,2025-12-19,GJ01,repeated,6,67,5,7
TRPLUC251219dfef426e,2025-12-19,UP01,repeated,15,161,5,6
TRPMYS251219f7882d47,2025-12-19,KA01,new,12,155,8,8
TRPVIS2512192f306815,2025-12-19,AP01,repeated,15,162,9,8
TRPCHA251219baed86a3,2025-12-19,CH01,repeated,27,269,7,9
TRPVIS251219c0069eba,2025-12-19,AP01,repeated,16,171,7,9
TRPLUC25121981a1f936,2025-12-19,UP01,repeated,6,80,6,6
TRPKOC2512193353c2f8,2025-12-19,KL01,repeated,14,185,8,10
TRPVIS2512196a5b2598,2025-12-19,AP01,new,11,126,8,10
TRPKOC2512190619be8d,2025-12-19,KL01,repeated,22,273,8,9
TRPVAD251219023fb4ac,2025-12-19,GJ02,repeated,15,138,5,5
TRPIND251219e351bd39,2025-12-19,MP01,repeated,8,87,7,8
TRPCHA251219eb800b7f,2025-12-19,CH01,repeated,35,341,8,6
TRPSUR251219fe32034c,2025-12-19,GJ01,repeated,9,91,6,5
TRPIND25121968e5f010,2025-12-19,MP01,repeated,23,207,6,7
TRPLUC251219339f1b4d,2025-12-19,UP01,repeated,16,170,5,6
TRPVAD251219220aa788,2025-12-19,GJ02,repeated,18,162,7,6
TRPSUR25121998727dd9,2025-12-19,GJ01,repeated,10,99,6,5
TRPJAI251219bd0ca33d,2025-12-19,RJ01,repeated,20,277,9,10
TRPCHA2512190c9617f8,2025-12-19,CH01,repeated,30,296,6,6
TRPSUR25121989e8854b,2025-12-19,GJ01,repeated,12,115,7,7
TRPKOC251219fc019eda,2025-12-19,KL01,new,26,317,9,9
TRPCHA2512197aac7904,2025-12-19,CH01,new,33,323,7,7
TRPVAD25121955574292,2025-12-19,GJ02,repeated,13,122,5,6
TRPSUR251219a1bf5fea,2025-12-19,GJ01,repeated,7,75,7,8
TRPLUC25121973823e4f,2025-12-19,UP01,repeated,6,80,5,5
TRPIND2512191de76ab4,2025-12-19,MP01,new,23,207,7,8
TRPSUR25121948443e00,2025-12-19,GJ01,new,6,67,7,8
TRPJAI25121922d4039f,2025-12-19,RJ01,repeated,38,493,8,8
TRPCOI2512199f8b0f4e,2025-12-19,TN01,repeated,12,119,9,8
TRPVAD25121982e9f5dd,2025-12-19,GJ02,repeated,7,74,7,8
TRPLUC25121964cfbcd3,2025-12-19,UP01,repeated,20,206,7,7
TRPIND251219950cb939,2025-12-19,MP01,repeated,10,103,8,6
TRPIND2512199e2ba147,2025-12-19,MP01,repeated,13,127,8,7
TRPMYS25121993d438d7,2025-12-19,KA01,new,25,285,10,8
TRPSUR2512195f550b03,2025-12-19,GJ01,repeated,14,131,6,6
TRPIND251219a6569f72,2025-12-19,MP01,repeated,15,143,7,9
TRPLUC251219906482ec,2025-12-19,UP01,repeated,17,179,6,5
TRPIND251219be78366a,2025-12-19,MP01,repeated,11,111,8,8
TRPVAD25121935cb14ce,2025-12-19,GJ02,repeated,5,58,7,6
TRPLUC2512196e9186d7,2025-12-19,UP01,repeated,13,143,5,7
TRPJAI2512194bbcce26,2025-12-19,RJ01,repeated,44,565,9,8
TRPSUR251219f46a89b8,2025-12-19,GJ01,repeated,13,123,7,7
TRPVAD251219133e522c,2025-12-19,GJ02,repeated,14,130,6,7
TRPVIS2512197f4ad3d0,2025-12-19,AP01,new,14,153,9,9
TRPIND251219d5d4d45a,2025-12-19,MP01,repeated,11,111,6,7
TRPLUC251219869b63ce,2025-12-19,UP01,repeated,20,206,6,6
TRPSUR251219939bc13e,2025-12-19,GJ01,new,14,131,8,6
TRPCHA251219899c227f,2025-12-19,CH01,repeated,18,188,6,8
TRPVAD25121951b4b042,2025-12-19,GJ02,repeated,11,106,7,6
TRPSUR251219c246eadf,2025-12-19,GJ01,repeated,15,139,6,8
TRPSUR251219f358b5f2,2025-12-19,GJ01,repeated,11,107,6,8
TRPLUC251219ea862c40,2025-12-19,UP01,repeated,20,206,7,6
TRPKOC251219593e4eab,2025-12-19,KL01,repeated,17,218,7,10
TRPKOC251219a9f33625,2025-12-19,KL01,new,31,372,9,10
TRPCOI2512193799bf22,2025-12-19,TN01,repeated,11,111,6,6
TRPIND2512194a978289,2025-12-19,MP01,repeated,19,175,7,7
TRPCOI25121926a7982a,2025-12-19,TN01,repeated,14,135,9,6
TRPCOI25121982434aaa,2025-12-19,TN01,repeated,18,167,9,8
TRPCHA2512199befe9f1,2025-12-19,CH01,repeated,31,305,6,8
TRPLUC251219cc34dfc9,2025-12-19,UP01,repeated,9,107,6,5
TRPCHA25121997dc5234,2025-12-19,CH01,new,29,287,9,8
TRPLUC25121985b8efea,2025-12-19,UP01,repeated,13,143,5,8
TRPVAD2512196092d1cb,2025-12-19,GJ02,repeated,12,114,6,7
TRPJAI251219fbc10c05,2025-12-19,RJ01,repeated,30,397,8,9
TRPIND251219bb57d87d,2025-12-19,MP01,repeated,18,167,6,9
TRPSUR251219d0c74f6c,2025-12-19,GJ01,repeated,7,75,7,5
TRPJAI25121902e5cbc3,2025-12-19,RJ01,repeated,40,517,7,9
TRPKOC25121946801c24,2025-12-19,KL01,new,36,427,10,9
TRPSUR2512194f3ba6d3,2025-12-19,GJ01,repeated,10,99,7,7
TRPJAI251219602c7452,2025-12-19,RJ01,new,43,553,8,10
TRPIND251219570f6005,2025-12-19,MP01,new,12,119,9,8
TRPJAI251219c63c9cad,2025-12-19,RJ01,new,44,565,10,8
TRPJAI251219e75b406b,2025-12-19,RJ01,new,39,505,8,8
TRPLUC2512194d7faee8,2025-12-19,UP01,repeated,12,134,6,7
TRPLUC251219a7aef47b,2025-12-19,UP01,repeated,20,206,7,8
TRPLUC2512196cf0994a,2025-12-19,UP01,new,14,152,8,8
TRPCOI2512191304d4d2,2025-12-19,TN01,new,12,119,9,7
TRPCOI251219b2491a69,2025-12-19,TN01,repeated,22,199,6,8
TRPJAI2512191d4f3214,2025-12-19,RJ01,new,44,565,8,8
TRPCHA25121970f3470e,2025-12-19,CH01,repeated,32,314,9,6
TRPIND251219c2603de4,2025-12-19,MP01,repeated,17,159,8,9
TRPIND2512196c81d6a4,2025-12-19,MP01,repeated,14,135,8,8
TRPLUC251219395d9966,2025-12-19,UP01,repeated,7,89,7,7
TRPJAI2512190c09fdd9,2025-12-19,RJ01,repeated,33,433,7,9
TRPLUC2512199be8a458,2025-12-19,UP01,new,5,71,9,6
TRPCOI251219b38d3d69,2025-12-19,TN01,new,22,199,10,7
TRPSUR251219f8c02ab6,2025-12-19,GJ01,repeated,13,123,5,5
TRPSUR25121958f3926e,2025-12-19,GJ01,repeated,16,147,6,7
TRPIND25121916b594fa,2025-12-19,MP01,repeated,25,223,9,6
TRPSUR25121957d3b736,2025-12-19,GJ01,repeated,6,67,5,5
TRPKOC2512198a2243dc,2025-12-19,KL01,repeated,21,262,7,10
TRPKOC2512190fcdc6be,2025-12-19,KL01,repeated,37,438,8,9
TRPIND251219d7882108,2025-12-19,MP01,new,9,95,10,9
TRPCOI25121936d8524c,2025-12-19,TN01,repeated,21,191,7,7
TRPLUC25121952a1d2ff,2025-12-19,UP01,repeated,13,143,5,8
TRPLUC251219ee7e8b12,2025-12-19,UP01,repeated,11,125,7,5
TRPVAD2512196d81c2be,2025-12-19,GJ02,repeated,5,58,6,8
TRPLUC251219dbbdabf2,2025-12-19,UP01,repeated,6,80,5,6
TRPSUR251219969b7af3,2025-12-19,GJ01,new,15,139,8,8
TRPVAD251219608ae911,2025-12-19,GJ02,repeated,15,138,6,5
TRPSUR251219eff52365,2025-12-19,GJ01,new,8,83,7,8
TRPMYS25121936b16f08,2025-12-19,KA01,new,12,155,8,10
TRPVAD25121945222d0e,2025-12-19,GJ02,repeated,13,122,7,5
TRPVAD25121907f01451,2025-12-19,GJ02,repeated,15,138,7,8
TRPVAD25121985643d62,2025-12-19,GJ02,new,16,146,8,7
TRPSUR251219d28bb93c,2025-12-19,GJ01,repeated,6,67,7,5
TRPLUC25121975279b1e,2025-12-19,UP01,repeated,9,107,5,6
TRPKOC25121970f0fdba,2025-12-19,KL01,repeated,14,185,9,9
TRPKOC25121933c5506b,2025-12-19,KL01,repeated,20,251,8,9
TRPKOC2512191dd4e8b0,2025-12-19,KL01,repeated,16,207,8,8
TRPMYS25121934c178d4,2025-12-19,KA01,new,8,115,9,9
TRPKOC25121904f44971,2025-12-19,KL01,new,37,438,8,9
TRPCHA2512198caf017b,2025-12-19,CH01,repeated,29,287,9,9
TRPJAI25121988b48cd3,2025-12-19,RJ01,new,30,397,8,9
TRPSUR2512193169c818,2025-12-19,GJ01,new,8,83,9,7
TRPKOC25121970f8007b,2025-12-19,KL01,new,21,262,8,10
TRPIND251219461685ea,2025-12-19,MP01,new,10,103,7,8
TRPIND25121900d16aa1,2025-12-19,MP01,repeated,16,151,8,6
TRPCHA25121971dcedac,2025-12-19,CH01,new,14,152,7,9
TRPSUR251219c4fa131e,2025-12-19,GJ01,repeated,10,99,6,8
TRPSUR251219a8260c46,2025-12-19,GJ01,repeated,6,67,7,8
TRPKOC2512199372f79a,2025-12-19,KL01,new,30,361,9,8
TRPLUC251219c8226ca1,2025-12-19,UP01,repeated,13,143,7,5
TRPMYS25121910e22f34,2025-12-19,KA01,repeated,18,215,7,8
TRPJAI251219205a9e33,2025-12-19,RJ01,new,24,325,8,9
TRPLUC251219cfb86c46,2025-12-19,UP01,repeated,20,206,7,6
TRPLUC25121921ba0ca3,2025-12-19,UP01,repeated,9,107,5,7
TRPKOC2512192032c736,2025-12-19,KL01,repeated,17,218,7,9
TRPMYS251219e0c3be75,2025-12-19,KA01,repeated,8,115,7,9
TRPLUC2512190bb1bdbf,2025-12-19,UP01,repeated,14,152,7,8
TRPMYS251219021fd959,2025-12-19,KA01,repeated,24,275,9,10
TRPSUR251219e6825211,2025-12-19,GJ01,new,5,59,8,7
TRPMYS2512196e52e412,2025-12-19,KA01,new,24,275,9,10
TRPJAI251219b6a40d3e,2025-12-19,RJ01,new,15,217,10,8
TRPSUR25121931ee25fc,2025-12-19,GJ01,repeated,15,139,7,5
TRPKOC2512192b4b6088,2025-12-19,KL01,repeated,34,405,8,9
TRPCHA2512197e45a8b9,2025-12-19,CH01,repeated,26,260,6,8
TRPKOC25121946a3bb43,2025-12-19,KL01,repeated,15,196,9,8
TRPLUC2512190430ec9d,2025-12-19,UP01,repeated,8,98,7,8
TRPSUR2512198e105b7a,2025-12-19,GJ01,repeated,14,131,5,7
TRPMYS251219c0b9e1fd,2025-12-19,KA01,new,23,265,9,10
TRPVIS251219cd87f741,2025-12-19,AP01,new,26,261,9,8
TRPLUC2512199eee3ee0,2025-12-19,UP01,repeated,14,152,5,7
TRPCHA251219300fb67a,2025-12-19,CH01,repeated,15,161,9,8
TRPLUC251219bc3ff5b9,2025-12-19,UP01,repeated,9,107,5,6
TRPSUR25121992072579,2025-12-19,GJ01,repeated,9,91,7,8
TRPMYS25121986f731a3,2025-12-19,KA01,repeated,24,275,9,9
TRPVIS251219412ca154,2025-12-19,AP01,new,23,234,10,10
TRPVAD2512193776b041,2025-12-19,GJ02,new,16,146,8,7
TRPSUR2512194ab0f3ca,2025-12-19,GJ01,repeated,13,123,5,6
TRPSUR2512191171ebb1,2025-12-19,GJ01,repeated,7,75,5,8
TRPJAI25121949422b10,2025-12-19,RJ01,repeated,35,457,8,10
TRPJAI25121990eedf5d,2025-12-19,RJ01,new,29,385,8,10
TRPKOC25121950c3a889,2025-12-19,KL01,repeated,17,218,7,10
TRPVAD2512198db264d4,2025-12-19,GJ02,repeated,17,154,6,6
TRPIND25121936dfcae9,2025-12-19,MP01,repeated,9,95,7,9
TRPCHA251219792269b7,2025-12-19,CH01,new,15,161,9,7
TRPLUC251219533ff00a,2025-12-19,UP01,repeated,16,170,6,8
TRPJAI251219119cd50e,2025-12-19,RJ01,repeated,23,313,7,8
TRPSUR251219c6edcf91,2025-12-19,GJ01,repeated,12,115,7,7
TRPVAD251219df000bfc,2025-12-19,GJ02,repeated,16,146,5,7
TRPVIS2512196e514cbe,2025-12-19,AP01,repeated,22,225,7,9
TRPLUC2512192bc66986,2025-12-19,UP01,repeated,18,188,5,6
TRPSUR251219b04662ed,2025-12-19,GJ01,repeated,9,91,5,8
TRPKOC25121997a95151,2025-12-19,KL01,new,22,273,8,10
TRPSUR251219f5d5c315,2025-12-19,GJ01,repeated,16,147,6,5
TRPIND25121965bc097c,2025-12-19,MP01,repeated,16,151,9,9
TRPJAI251219f0034c8e,2025-12-19,RJ01,repeated,25,337,8,9
TRPSUR251219ead2fb92,2025-12-19,GJ01,repeated,15,139,6,5
TRPSUR2512193e0a078d,2025-12-19,GJ01,repeated,16,147,7,7
TRPVIS251219c2179516,2025-12-19,AP01,repeated,20,207,7,10
TRPKOC25121964a0ef45,2025-12-19,KL01,new,14,185,10,10
TRPSUR251219a464d18c,2025-12-19,GJ01,repeated,7,75,6,7
TRPSUR2512195fd9e37f,2025-12-19,GJ01,repeated,10,99,5,6
TRPMYS251219ec8f5aec,2025-12-19,KA01,repeated,12,155,7,8
TRPJAI25121942b27c87,2025-12-19,RJ01,repeated,28,373,9,8
TRPSUR2512198690bf96,2025-12-19,GJ01,repeated,16,147,7,5
TRPKOC251219a7976e0a,2025-12-19,KL01,new,36,427,9,9
TRPSUR2512190fade1b0,2025-12-19,GJ01,repeated,12,115,7,7
TRPCHA2512192f739c72,2025-12-19,CH01,repeated,14,152,7,8
TRPIND251219fb009869,2025-12-19,MP01,repeated,9,95,7,8
TRPJAI251219240c610d,2025-12-19,RJ01,repeated,16,229,9,10
TRPCHA251219fccf2b9f,2025-12-19,CH01,repeated,27,269,7,9
TRPKOC25121956583bd6,2025-12-19,KL01,new,20,251,9,8
TRPSUR2512190147b2bc,2025-12-19,GJ01,repeated,15,139,6,8
TRPIND251219157fa0b5,2025-12-19,MP01,repeated,12,119,9,8
TRPJAI2512199c2b9f7e,2025-12-19,RJ01,new,33,433,9,10
TRPIND251219265cbd04,2025-12-19,MP01,repeated,12,119,7,6
TRPCHA25121925c843a2,2025-12-19,CH01,repeated,23,233,6,7
TRPKOC25121993a9566c,2025-12-19,KL01,repeated,26,317,7,8
TRPVAD251219f8bb51ed,2025-12-19,GJ02,repeated,13,122,5,8
TRPVAD25121914cd1f26,2025-12-19,GJ02,repeated,6,66,5,6
TRPSUR25121944a24bce,2025-12-19,GJ01,repeated,9,91,7,5
TRPKOC2512193d6fbcdb,2025-12-19,KL01,repeated,17,218,9,10
TRPSUR2512197ebf511e,2025-12-19,GJ01,repeated,15,139,6,7
TRPCOI251219192f64bf,2025-12-19,TN01,repeated,17,159,7,8
TRPVAD251219a4d08ca8,2025-12-19,GJ02,new,9,90,8,6
TRPIND25121911508035,2025-12-19,MP01,repeated,23,207,8,7
TRPVAD251219234e1ab1,2025-12-19,GJ02,repeated,18,162,6,7
TRPJAI251219029ae60a,2025-12-19,RJ01,new,32,421,9,9
TRPSUR251219c1d12f05,2025-12-19,GJ01,new,12,115,7,8
TRPKOC25121919882fa3,2025-12-19,KL01,new,28,339,10,9
TRPSUR251219a1532789,2025-12-19,GJ01,repeated,7,75,7,8
TRPIND2512192c2a22b8,2025-12-19,MP01,repeated,13,127,6,9
TRPSUR251219329d61e5,2025-12-19,GJ01,repeated,16,147,7,7
TRPSUR2512196b314851,2025-12-19,GJ01,repeated,7,75,6,6
TRPVAD25121913166151,2025-12-19,GJ02,repeated,5,58,6,6
TRPVIS251219daeec7ab,2025-12-19,AP01,repeated,33,324,8,9
TRPIND2512192687c5fb,2025-12-19,MP01,repeated,22,199,9,8
TRPLUC2512196866d36d,2025-12-19,UP01,repeated,16,170,7,5
TRPSUR25121958663b4d,2025-12-19,GJ01,repeated,5,59,7,5
TRPCHA251219cf620699,2025-12-19,CH01,new,32,314,10,7
TRPCHA2512199746bc2c,2025-12-19,CH01,repeated,29,287,6,7
TRPKOC2512190cad2a2d,2025-12-19,KL01,repeated,19,240,7,8
TRPCOI2512197baa2696,2025-12-19,TN01,repeated,8,87,8,9
TRPKOC2512199ca0116a,2025-12-19,KL01,repeated,21,262,9,8
TRPSUR25121904532082,2025-12-19,GJ01,repeated,6,67,7,5
TRPSUR251219c96ea708,2025-12-19,GJ01,repeated,16,147,5,6
TRPSUR251219dc869bf0,2025-12-19,GJ01,new,12,115,9,8
TRPJAI251219853ee546,2025-12-19,RJ01,repeated,30,397,9,8
TRPLUC251219987f35ab,2025-12-19,UP01,repeated,9,107,7,6
TRPKOC25121927a738be,2025-12-19,KL01,repeated,19,240,7,8
TRPSUR25121938708227,2025-12-19,GJ01,repeated,16,147,2,2
TRPJAI251219e63cb3ed,2025-12-19,RJ01,repeated,18,253,9,9
TRPLUC251219071169ce,2025-12-19,UP01,repeated,12,134,7,7
TRPJAI251219d309d9fd,2025-12-19,RJ01,repeated,42,541,8,9
TRPLUC2512193e793833,2025-12-19,UP01,repeated,20,206,5,5
TRPJAI251219ad0db38b,2025-12-19,RJ01,repeated,45,577,7,9
TRPLUC25121934b69128,2025-12-19,UP01,repeated,14,152,5,7
TRPLUC251219e3c35b0d,2025-12-19,UP01,repeated,15,161,5,5
TRPKOC2512191d559fb7,2025-12-19,KL01,repeated,18,229,7,10
TRPIND251219905c4556,2025-12-19,MP01,repeated,20,183,9,7
TRPVAD2512197757e0ba,2025-12-19,GJ02,repeated,15,138,5,5
TRPSUR2512192a04e885,2025-12-19,GJ01,repeated,16,147,6,5
TRPVAD2512191327d269,2025-12-19,GJ02,new,13,122,7,8
TRPLUC251219ec2c5af5,2025-12-19,UP01,repeated,13,143,6,7
TRPLUC251219a0a9be04,2025-12-19,UP01,new,17,179,9,8
TRPLUC2512197893cab6,2025-12-19,UP01,repeated,16,170,6,6
TRPCHA25121941d623a0,2025-12-19,CH01,repeated,27,269,9,8
TRPVAD251219e47d79cd,2025-12-19,GJ02,repeated,13,122,5,6
TRPLUC2512197b7bb08d,2025-12-19,UP01,repeated,16,170,6,5
TRPJAI251219d7288d4c,2025-12-19,RJ01,repeated,16,229,9,8
TRPKOC25121924deacbf,2025-12-19,KL01,repeated,27,328,8,9
TRPLUC2512192121f716,2025-12-19,UP01,repeated,16,170,6,6
TRPVAD251219c11dd9e0,2025-12-19,GJ02,repeated,8,82,6,5
TRPMYS251219d0cef6e6,2025-12-19,KA01,repeated,19,225,7,9
TRPCHA25121947bf74c6,2025-12-19,CH01,new,27,269,10,7
TRPSUR251219ab4d9cd4,2025-12-19,GJ01,repeated,12,115,5,5
TRPMYS2512190b278544,2025-12-19,KA01,new,16,195,10,10
TRPIND251219806d1311,2025-12-19,MP01,repeated,8,87,7,9
TRPSUR251219d30c2ab4,2025-12-19,GJ01,repeated,7,75,5,8
TRPVIS2512199c15c2a5,2025-12-19,AP01,repeated,16,171,7,8
TRPLUC25121996c08aaf,2025-12-19,UP01,repeated,8,98,6,8
TRPKOC251219d57d007f,2025-12-19,KL01,repeated,10,141,9,8
TRPJAI25121933bc9b50,2025-12-19,RJ01,repeated,35,457,8,10
TRPJAI251219387ae0f9,2025-12-19,RJ01,repeated,45,577,8,10
TRPJAI2512199acad56c,2025-12-19,RJ01,new,37,481,10,10
TRPMYS251219878bd27c,2025-12-19,KA01,new,19,225,8,9
TRPSUR251219115ec8a6,2025-12-19,GJ01,new,5,59,8,7
TRPIND2512190b0b7589,2025-12-19,MP01,repeated,13,127,7,7
TRPLUC25121971097ace,2025-12-19,UP01,new,16,170,7,6
TRPMYS2512192952c133,2025-12-19,KA01,new,9,125,9,10
TRPVAD2512196aacf4c3,2025-12-19,GJ02,repeated,18,162,6,6
TRPIND25121937c9e2cf,2025-12-19,MP01,repeated,13,127,6,7
TRPLUC25121925c1f916,2025-12-19,UP01,repeated,6,80,7,8
TRPIND251219ead29632,2025-12-19,MP01,repeated,15,143,7,8
TRPLUC2512194e3bbfbc,2025-12-19,UP01,repeated,16,170,5,5
TRPJAI251219bf15884d,2025-12-19,RJ01,new,21,289,9,10
TRPSUR251219542d825f,2025-12-19,GJ01,repeated,13,123,7,6
TRPIND251219e267dab6,2025-12-19,MP01,new,15,143,9,9
TRPCHA25121921003254,2025-12-19,CH01,new,12,134,9,9
TRPCOI2512193a212c66,2025-12-19,TN01,repeated,16,151,9,7
TRPLUC251219101762e0,2025-12-19,UP01,repeated,17,179,5,7
TRPMYS2512195162a5af,2025-12-19,KA01,new,22,255,9,9
TRPJAI251219264859f2,2025-12-19,RJ01,new,45,577,10,10
TRPLUC2512199f5faceb,2025-12-19,UP01,repeated,13,143,7,8
TRPLUC251219b6dd6558,2025-12-19,UP01,repeated,15,161,5,5
TRPCHA25121908d400db,2025-12-19,CH01,repeated,16,170,9,8
TRPMYS251219e23fdc1c,2025-12-19,KA01,new,20,235,9,8
TRPSUR251219719ca401,2025-12-19,GJ01,repeated,13,123,6,5
TRPKOC25121996d4113b,2025-12-19,KL01,new,34,405,8,9
TRPCOI251219e5051efd,2025-12-19,TN01,repeated,22,199,6,8
TRPIND251219ce7d4fe0,2025-12-19,MP01,repeated,13,127,9,8
TRPJAI251219323f7b64,2025-12-19,RJ01,new,33,433,9,9
TRPLUC2512190e943247,2025-12-19,UP01,repeated,8,98,7,8
TRPIND251219ff9e0fdf,2025-12-19,MP01,repeated,18,167,8,6
TRPKOC251219f462ee81,2025-12-19,KL01,repeated,26,317,9,9
TRPSUR251219c78128c2,2025-12-19,GJ01,new,11,107,7,8
TRPSUR25121976cfa5c9,2025-12-19,GJ01,repeated,8,83,6,5
TRPIND251219444a01a3,2025-12-19,MP01,repeated,20,183,9,9
TRPLUC251219c248ab56,2025-12-19,UP01,repeated,14,152,6,5
TRPKOC251219c0ccc10f,2025-12-19,KL01,repeated,28,339,7,9
TRPLUC251219706cac97,2025-12-19,UP01,repeated,12,134,5,6
TRPCOI251219866405ec,2025-12-19,TN01,repeated,8,87,8,6
TRPSUR251219afa0b5e6,2025-12-19,GJ01,repeated,16,147,6,5
TRPLUC2512194abb9567,2025-12-19,UP01,repeated,10,116,6,8
TRPVAD251219f8114300,2025-12-19,GJ02,new,14,130,8,8
TRPCOI251219d6510704,2025-12-19,TN01,new,15,143,8,7
TRPVAD251219a3b926bf,2025-12-19,GJ02,new,15,138,9,8
TRPVIS25121927f7ed3c,2025-12-19,AP01,new,27,270,8,9
TRPKOC2512192adb8f99,2025-12-19,KL01,new,34,405,10,9
TRPCOI251219ac9ffce9,2025-12-19,TN01,repeated,14,135,6,8
TRPVAD25121938ff57ed,2025-12-19,GJ02,new,18,162,9,8
TRPIND251219a7d2c288,2025-12-19,MP01,repeated,20,183,9,9
TRPSUR251219231b0e08,2025-12-19,GJ01,repeated,8,83,7,7
TRPKOC251219859cec36,2025-12-19,KL01,repeated,18,229,9,8
TRPSUR2512194e66990e,2025-12-19,GJ01,repeated,10,99,7,5
TRPJAI251219da5ed78a,2025-12-19,RJ01,new,20,277,10,9
TRPIND251219e1f95235,2025-12-19,MP01,repeated,16,151,6,7
TRPSUR25121905de5e84,2025-12-19,GJ01,repeated,6,67,6,7
TRPSUR251219327e23e2,2025-12-19,GJ01,repeated,10,99,5,5
TRPIND251219e92aeb93,2025-12-19,MP01,repeated,16,151,8,8
TRPVIS251219740ea788,2025-12-19,AP01,repeated,33,324,7,9
TRPIND25121968fba1fc,2025-12-19,MP01,repeated,9,95,6,6
TRPVAD251219cba51844,2025-12-19,GJ02,repeated,8,82,7,6
TRPKOC251219e22f74d7,2025-12-19,KL01,repeated,37,438,7,9
TRPJAI2512193142d3a2,2025-12-19,RJ01,repeated,24,325,9,9
TRPKOC251219ab95eb80,2025-12-19,KL01,repeated,20,251,9,10
TRPVAD2512191912d4da,2025-12-19,GJ02,repeated,9,90,6,5
TRPLUC251219178219a6,2025-12-19,UP01,repeated,18,188,7,6
TRPSUR2512197e8c26b3,2025-12-19,GJ01,repeated,7,75,6,5
TRPVAD251219a8bd0a1e,2025-12-19,GJ02,repeated,10,98,5,8
TRPLUC2512194560c9cf,2025-12-19,UP01,repeated,13,143,5,6
TRPCOI25121958894656,2025-12-19,TN01,repeated,10,103,8,8
TRPSUR251219759b6e77,2025-12-19,GJ01,repeated,5,59,6,5
TRPLUC2512196bbf2791,2025-12-19,UP01,repeated,13,143,5,6
TRPVIS251219924a0f74,2025-12-19,AP01,new,20,207,10,9
TRPSUR251219bc763684,2025-12-19,GJ01,new,6,67,7,8
TRPJAI25121964e9003d,2025-12-19,RJ01,repeated,36,469,8,8
TRPVAD25121976d3061b,2025-12-19,GJ02,repeated,12,114,5,5
TRPVIS251219cbe90f98,2025-12-19,AP01,repeated,28,279,7,9
TRPVIS2512199f205099,2025-12-19,AP01,repeated,13,144,9,8
TRPVAD251219c4fc468a,2025-12-19,GJ02,new,16,146,8,6
TRPSUR251219918e3947,2025-12-19,GJ01,repeated,8,83,7,8
TRPSUR25121994a55437,2025-12-19,GJ01,new,16,147,9,7
TRPSUR25121923aa4633,2025-12-19,GJ01,repeated,11,107,6,5
TRPKOC251219adbbc4bd,2025-12-19,KL01,new,30,361,9,9
TRPLUC251219a3efebd0,2025-12-19,UP01,repeated,13,143,3,4
TRPLUC25121997b9af05,2025-12-19,UP01,repeated,12,134,5,8
TRPVAD25121931c9ca61,2025-12-19,GJ02,repeated,11,106,5,6
TRPVIS251219f03e81f0,2025-12-19,AP01,new,35,342,10,8
TRPKOC2512195961805e,2025-12-19,KL01,repeated,34,405,7,10
TRPSUR251219c6263a42,2025-12-19,GJ01,repeated,7,75,5,7
TRPVAD2512194fc9090b,2025-12-19,GJ02,repeated,17,154,6,6
TRPCHA251219c9f0ab4a,2025-12-19,CH01,repeated,15,161,7,9
TRPLUC2512195e064d78,2025-12-19,UP01,repeated,15,161,5,6
TRPSUR2512194e56c584,2025-12-19,GJ01,repeated,6,67,6,8
TRPLUC2512193246b0be,2025-12-19,UP01,repeated,13,143,6,6
TRPVAD25121958c21286,2025-12-19,GJ02,repeated,12,114,6,7
TRPVAD251219c07951fe,2025-12-19,GJ02,repeated,7,74,7,8
TRPCHA25121938e05f13,2025-12-19,CH01,repeated,25,251,8,6
TRPVAD2512199c09654e,2025-12-19,GJ02,new,7,74,7,8
TRPCOI25121939a74aca,2025-12-19,TN01,repeated,21,191,7,6
TRPSUR251219d5341e78,2025-12-19,GJ01,new,13,123,8,8
TRPVIS251219f0f5b6f7,2025-12-19,AP01,repeated,15,162,2,4
TRPSUR2512191bff5a0c,2025-12-19,GJ01,repeated,16,147,7,8
TRPVAD251219080592f4,2025-12-19,GJ02,repeated,11,106,6,5
TRPIND251219f51067ec,2025-12-19,MP01,repeated,9,95,7,6
TRPKOC2512199d72d976,2025-12-19,KL01,repeated,19,240,7,10
TRPCHA251219b9b88d5e,2025-12-19,CH01,repeated,35,341,9,7
TRPCOI251219d9c16502,2025-12-19,TN01,repeated,10,103,9,9
TRPSUR251219cd861463,2025-12-19,GJ01,repeated,10,99,6,8
TRPLUC251219188b4725,2025-12-19,UP01,repeated,11,125,7,5
TRPSUR2512194f60b2cb,2025-12-19,GJ01,repeated,5,59,7,6
TRPVIS251219acbfb6c7,2025-12-19,AP01,new,17,180,10,8
TRPIND25121943444e1e,2025-12-19,MP01,repeated,17,159,9,7
TRPLUC2512194b701e6c,2025-12-19,UP01,new,18,188,8,8
TRPIND2512198159fc3c,2025-12-19,MP01,repeated,20,183,7,7
TRPSUR251219ae4980d0,2025-12-19,GJ01,repeated,16,147,6,8
TRPLUC251219e5eeb037,2025-12-19,UP01,repeated,5,71,6,6
TRPLUC251219141961fa,2025-12-19,UP01,repeated,5,71,6,5
TRPKOC2512194b92aac1,2025-12-19,KL01,new,14,185,10,10
TRPSUR251219f807f53d,2025-12-19,GJ01,repeated,10,99,5,6
TRPSUR251219aa704667,2025-12-19,GJ01,repeated,17,155,5,6
TRPCHA251219e08df3e1,2025-12-19,CH01,new,20,206,10,8
TRPVAD251219f7c33aa6,2025-12-19,GJ02,new,15,138,8,6
TRPCHA251219a9567858,2025-12-19,CH01,repeated,28,278,7,8
TRPCHA2512191888f46d,2025-12-19,CH01,repeated,26,260,9,6
TRPJAI25121955e2164e,2025-12-19,RJ01,repeated,15,217,7,8
TRPVIS251219a65b9fd8,2025-12-19,AP01,repeated,33,324,8,10
TRPCHA2512192a529de4,2025-12-19,CH01,new,21,215,10,7
TRPCHA251219caab32b1,2025-12-19,CH01,new,29,287,8,9
TRPLUC251219c1842b1c,2025-12-19,UP01,repeated,11,125,6,5
TRPLUC251219984035ac,2025-12-19,UP01,repeated,17,179,5,7
TRPCOI251219cfab6802,2025-12-19,TN01,new,21,191,9,9
TRPKOC25121900ceae43,2025-12-19,KL01,repeated,14,185,7,8
TRPLUC251219a9c9db60,2025-12-19,UP01,repeated,20,206,5,5
TRPVIS2512191ada0d87,2025-12-19,AP01,new,21,216,10,8
TRPVAD2512198067d286,2025-12-19,GJ02,repeated,11,106,7,7
TRPJAI251219c496e9f6,2025-12-19,RJ01,new,31,409,8,8
TRPKOC25121979855f49,2025-12-19,KL01,repeated,12,163,8,10
TRPVAD251219ad6fdc1f,2025-12-19,GJ02,repeated,14,130,7,8
TRPSUR25121939ff7272,2025-12-19,GJ01,repeated,8,83,6,8
TRPVAD251219c7c8899a,2025-12-19,GJ02,repeated,11,106,6,6
TRPKOC2512197a61d14f,2025-12-19,KL01,repeated,28,339,8,10
TRPSUR25121999d333ee,2025-12-19,GJ01,repeated,11,107,6,6
TRPVIS251219c672dddd,2025-12-19,AP01,repeated,13,144,8,8
TRPLUC251219347b358f,2025-12-19,UP01,repeated,16,170,5,7
TRPCOI2512193f4a69ea,2025-12-19,TN01,repeated,22,199,9,8
TRPLUC251219f4454d86,2025-12-19,UP01,repeated,15,161,7,5
TRPLUC2512192a6f904b,2025-12-19,UP01,repeated,6,80,6,5
TRPVIS2512194878611d,2025-12-19,AP01,new,13,144,10,8
TRPCHA251219deabf6d9,2025-12-19,CH01,repeated,21,215,9,9
TRPCOI251219f5e3aae7,2025-12-19,TN01,repeated,17,159,7,7
TRPIND25121967f1c8e8,2025-12-19,MP01,repeated,11,111,7,8
TRPKOC251219a0050f1f,2025-12-19,KL01,new,23,284,10,8
TRPIND251219899cdd0b,2025-12-19,MP01,repeated,24,215,9,8
TRPLUC25121943cd992e,2025-12-19,UP01,repeated,16,170,6,8
TRPCHA2512194b21940f,2025-12-19,CH01,repeated,27,269,7,8
TRPVAD251219a1e213eb,2025-12-19,GJ02,new,6,66,8,6
TRPLUC25121999af963a,2025-12-19,UP01,repeated,19,197,7,7
TRPIND251219e8c8d275,2025-12-19,MP01,repeated,16,151,7,8
TRPSUR251219653e6ab1,2025-12-19,GJ01,repeated,9,91,6,8
TRPVAD251219065faec5,2025-12-19,GJ02,repeated,13,122,7,7
TRPKOC2512197e302994,2025-12-19,KL01,repeated,11,152,7,10
TRPSUR251219802f3e6e,2025-12-19,GJ01,repeated,15,139,5,7
TRPCHA25121996fe844e,2025-12-19,CH01,new,26,260,8,7
TRPJAI25121947681f5e,2025-12-19,RJ01,repeated,18,253,7,9
TRPLUC251219bfe2b0bb,2025-12-19,UP01,repeated,16,170,5,7
TRPKOC25121930e926f5,2025-12-19,KL01,new,28,339,10,10
TRPSUR25121919676373,2025-12-19,GJ01,repeated,11,107,6,6
TRPSUR25121910b5b3a9,2025-12-19,GJ01,repeated,10,99,6,6
TRPSUR251219513f0795,2025-12-19,GJ01,new,10,99,9,7
TRPJAI251219537fafa7,2025-12-19,RJ01,new,45,577,8,8
TRPLUC251219d6064ffb,2025-12-19,UP01,repeated,12,134,6,7
TRPMYS251219ef542841,2025-12-19,KA01,new,22,255,9,8
TRPJAI251219260ce400,2025-12-19,RJ01,repeated,19,265,9,9
TRPSUR251219dff56081,2025-12-19,GJ01,new,7,75,7,8
TRPSUR2512191b4ff094,2025-12-19,GJ01,repeated,12,115,6,7
TRPLUC25121954036f60,2025-12-19,UP01,repeated,17,179,7,8
TRPJAI251219d2dcc786,2025-12-19,RJ01,repeated,37,481,7,10
TRPVAD251219b9ef235e,2025-12-19,GJ02,repeated,18,162,5,7
TRPVIS2512199daac287,2025-12-19,AP01,new,11,126,9,9
TRPSUR25121950ebd617,2025-12-19,GJ01,repeated,16,147,5,8
TRPSUR2512190f4c5f04,2025-12-19,GJ01,repeated,6,67,7,5
TRPVAD25121972ce9e26,2025-12-19,GJ02,repeated,18,162,6,8
TRPJAI251219dadbd386,2025-12-19,RJ01,repeated,27,361,8,9
TRPIND251219157e074c,2025-12-19,MP01,new,20,183,10,8
TRPVAD25121947adf44f,2025-12-19,GJ02,new,18,162,8,6
TRPSUR25121932d7722c,2025-12-19,GJ01,new,15,139,9,6
TRPLUC251219c2c948e0,2025-12-19,UP01,new,10,116,8,8
TRPLUC2512191a5ec576,2025-12-19,UP01,repeated,13,143,5,7
TRPSUR251219535fa943,2025-12-19,GJ01,repeated,5,59,5,8
TRPJAI2512195feb0329,2025-12-19,RJ01,new,27,361,9,8
TRPSUR2512195e959d08,2025-12-19,GJ01,repeated,7,75,7,5
TRPLUC251219b398a8e6,2025-12-19,UP01,new,16,170,7,6
TRPCOI251219ee0d5188,2025-12-19,TN01,repeated,19,175,9,6
TRPIND25121971e105ca,2025-12-19,MP01,repeated,15,143,6,8
TRPIND251219aca925ba,2025-12-19,MP01,repeated,18,167,6,8
TRPSUR251219a13afeb2,2025-12-19,GJ01,repeated,12,115,7,5
TRPCHA2512193a26d21b,2025-12-19,CH01,repeated,33,323,7,7
TRPJAI251219f2d32d94,2025-12-19,RJ01,new,16,229,10,10
TRPVIS2512195aa8645b,2025-12-19,AP01,new,23,234,10,10
TRPLUC25121964f8f5db,2025-12-19,UP01,repeated,15,161,7,7
TRPLUC251219d635e67c,2025-12-19,UP01,repeated,17,179,5,7
TRPSUR25121915a261d0,2025-12-19,GJ01,repeated,16,147,7,7
TRPSUR251219b42fe390,2025-12-19,GJ01,repeated,13,123,7,5
TRPSUR2512195d2393d8,2025-12-19,GJ01,repeated,15,139,5,8
TRPIND251219ae5e5515,2025-12-19,MP01,repeated,11,111,7,8
TRPIND251219d51f5966,2025-12-19,MP01,repeated,8,87,7,9
TRPIND2512199465a45d,2025-12-19,MP01,new,25,223,10,9
TRPSUR251219537f286a,2025-12-19,GJ01,repeated,8,83,7,5
TRPSUR2512190b10ad13,2025-12-19,GJ01,repeated,13,123,5,7
TRPVAD25121916fec8c7,2025-12-19,GJ02,repeated,18,162,7,5
TRPSUR2512197a004ea3,2025-12-19,GJ01,repeated,7,75,7,7
TRPSUR2512193ac8cc24,2025-12-19,GJ01,repeated,6,67,6,8
TRPSUR25121991737bf4,2025-12-19,GJ01,repeated,11,107,6,8
TRPSUR251219ee8f1218,2025-12-19,GJ01,repeated,5,59,6,6
TRPVAD25121996d1f385,2025-12-19,GJ02,repeated,7,74,6,8
TRPKOC251219c61f7bd4,2025-12-19,KL01,repeated,38,449,7,9
TRPVAD251219d3e4dd9a,2025-12-19,GJ02,repeated,17,154,5,6
TRPMYS251219b4b3304a,2025-12-19,KA01,new,15,185,8,9
TRPVIS25121985252706,2025-12-19,AP01,new,15,162,10,8
TRPKOC2512191b54739b,2025-12-19,KL01,repeated,33,394,8,9
TRPCHA25121975bf1a4b,2025-12-19,CH01,new,16,170,7,9
TRPIND2512190a359315,2025-12-19,MP01,repeated,15,143,8,8
TRPJAI251219883b76dd,2025-12-19,RJ01,new,28,373,8,8
TRPCOI251219837ec536,2025-12-19,TN01,repeated,22,199,8,9
TRPCOI25121979b0e535,2025-12-19,TN01,repeated,12,119,9,8
TRPKOC2512190a2ffe75,2025-12-19,KL01,repeated,10,141,9,9
TRPCHA251219ca6d0dee,2025-12-19,CH01,repeated,25,251,9,6
TRPMYS2512198f0cec9b,2025-12-19,KA01,new,18,215,10,8
TRPVIS2512192db3bbf5,2025-12-19,AP01,repeated,15,162,9,8
TRPMYS251219def60e89,2025-12-19,KA01,new,16,195,9,9
TRPMYS2512195d582476,2025-12-19,KA01,new,19,225,9,8
TRPVAD251219bd33e1a6,2025-12-19,GJ02,new,10,98,9,7
TRPLUC2512193ad3fdce,2025-12-19,UP01,repeated,8,98,5,5
TRPCHA2512190f58ad62,2025-12-19,CH01,repeated,26,260,8,6
TRPIND2512199c951eeb,2025-12-19,MP01,repeated,18,167,9,7
TRPLUC25121982efff6c,2025-12-19,UP01,repeated,13,143,6,7
TRPKOC251219c1b73eaa,2025-12-19,KL01,new,12,163,10,8
TRPJAI251219ed2d7ff6,2025-12-19,RJ01,repeated,43,553,9,9
TRPKOC251219f9ffa94b,2025-12-19,KL01,repeated,34,405,7,9
TRPCHA251219e322fa2b,2025-12-19,CH01,repeated,27,269,7,9
TRPLUC2512191b407c73,2025-12-19,UP01,repeated,8,98,6,6
TRPMYS251219bcbff5ee,2025-12-19,KA01,new,14,175,10,9
TRPJAI251219590c7fdf,2025-12-19,RJ01,repeated,18,253,7,9
TRPCOI25121924a1f53a,2025-12-19,TN01,new,22,199,7,8
TRPVAD251219d193219b,2025-12-19,GJ02,repeated,6,66,5,5
TRPSUR25121940f93b76,2025-12-19,GJ01,repeated,13,123,6,5
TRPLUC251219d8d1383b,2025-12-19,UP01,repeated,7,89,7,5
TRPVAD251219ea19dfef,2025-12-19,GJ02,repeated,12,114,6,7
TRPCOI251219b9b59638,2025-12-19,TN01,repeated,18,167,7,6
TRPVAD251219bbca5a58,2025-12-19,GJ02,repeated,17,154,6,7
TRPSUR25121955990231,2025-12-19,GJ01,repeated,8,83,5,6
TRPJAI2512198187d677,2025-12-19,RJ01,new,37,481,8,9
TRPLUC25121910789efc,2025-12-19,UP01,repeated,5,71,6,7
TRPVIS251219d7733ae3,2025-12-19,AP01,repeated,12,135,9,10
TRPVIS25121987dbb8aa,2025-12-19,AP01,repeated,15,162,8,10
TRPMYS2512196a5fd260,2025-12-19,KA01,repeated,25,285,7,9
TRPKOC2512197b73eb33,2025-12-19,KL01,new,10,141,10,9
TRPSUR25121941c7b398,2025-12-19,GJ01,repeated,16,147,5,8
TRPKOC2512190e33f7ee,2025-12-19,KL01,repeated,26,317,7,8
TRPJAI2512194ffe93c0,2025-12-19,RJ01,new,35,457,10,9
TRPJAI251219debea676,2025-12-19,RJ01,repeated,29,385,9,8
TRPVAD2512192d0ea6c0,2025-12-19,GJ02,repeated,14,130,7,6
TRPVAD25121984664115,2025-12-19,GJ02,new,7,74,7,8
TRPKOC2512192f75a9de,2025-12-19,KL01,repeated,20,251,9,10
TRPVAD2512199f7cb3f1,2025-12-19,GJ02,repeated,9,90,7,6
TRPCHA25121960a73390,2025-12-19,CH01,new,28,278,7,9
TRPCOI2512191009eee6,2025-12-19,TN01,repeated,21,191,7,6
TRPSUR25121912ad3356,2025-12-19,GJ01,new,6,67,7,8
TRPSUR251219b6e35642,2025-12-19,GJ01,new,6,67,7,8
TRPIND2512191624e140,2025-12-19,MP01,new,20,183,9,9
TRPKOC2512190fec3d5a,2025-12-19,KL01,repeated,33,394,9,8
TRPJAI251219cc89310d,2025-12-19,RJ01,new,29,385,10,8
TRPLUC25121948f70d8d,2025-12-19,UP01,repeated,13,143,5,5
TRPLUC2512194fd45027,2025-12-19,UP01,repeated,15,161,6,5
TRPSUR25121993c1af8e,2025-12-19,GJ01,repeated,5,59,5,6
TRPLUC2512190f42c5d1,2025-12-19,UP01,new,16,170,9,6
TRPSUR2512192b25c07d,2025-12-19,GJ01,repeated,17,155,5,7
TRPVAD25121968412fc8,2025-12-19,GJ02,repeated,6,66,6,8
TRPIND251219dc6f153c,2025-12-19,MP01,repeated,18,167,8,6
TRPSUR25121981b09728,2025-12-19,GJ01,repeated,14,131,5,7
TRPLUC2512199e386ac5,2025-12-19,UP01,repeated,20,206,5,5
TRPJAI251219b0feec27,2025-12-19,RJ01,repeated,29,385,7,10
TRPCHA2512195554f422,2025-12-19,CH01,repeated,17,179,8,6
TRPVAD251219d475662f,2025-12-19,GJ02,repeated,7,74,6,6
TRPIND2512190d767994,2025-12-19,MP01,repeated,17,159,6,8
TRPIND2512192c5a0f26,2025-12-19,MP01,new,23,207,9,9
TRPVIS25121906ce479f,2025-12-19,AP01,new,13,144,10,8
TRPCHA251219dc2a02f6,2025-12-19,CH01,new,15,161,8,8
TRPKOC251219e5b29afd,2025-12-19,KL01,repeated,11,152,8,9
TRPJAI25121963bb60a6,2025-12-19,RJ01,repeated,30,397,8,10
TRPCOI251219a6a488d4,2025-12-19,TN01,repeated,11,111,9,8
TRPLUC251219c82d88c1,2025-12-19,UP01,repeated,9,107,7,5
TRPIND2512195a70244f,2025-12-19,MP01,repeated,8,87,7,9
TRPVAD2512196c3ee761,2025-12-19,GJ02,repeated,17,154,7,6
TRPKOC2512192aaaa917,2025-12-19,KL01,repeated,28,339,8,8
TRPJAI2512194c1ceaef,2025-12-19,RJ01,repeated,29,385,7,8
TRPCHA2512190dfa4fac,2025-12-19,CH01,new,15,161,8,7
TRPLUC251219bfa54502,2025-12-19,UP01,new,8,98,9,6
TRPJAI25121976ac6db4,2025-12-19,RJ01,repeated,39,505,7,8
TRPSUR251219acf2cc72,2025-12-19,GJ01,repeated,6,67,5,5
TRPJAI25121942f8614e,2025-12-19,RJ01,repeated,23,313,9,8
TRPLUC2512197ec58d1a,2025-12-19,UP01,repeated,8,98,7,6
TRPVAD2512196e0e2259,2025-12-19,GJ02,repeated,11,106,5,5
TRPVIS251219a76f741d,2025-12-19,AP01,new,24,243,9,9
TRPVAD25121945ea41be,2025-12-19,GJ02,repeated,16,146,7,6
TRPIND251219323f995b,2025-12-19,MP01,new,15,143,8,7
TRPIND251219f9dc8656,2025-12-19,MP01,repeated,18,167,9,9
TRPCHA2512192fe9fe55,2025-12-19,CH01,new,30,296,8,7
TRPIND251219354c5a01,2025-12-19,MP01,repeated,20,183,7,8
TRPSUR2512198a8b6dbb,2025-12-19,GJ01,repeated,10,99,5,5
TRPVIS25121995303081,2025-12-19,AP01,repeated,31,306,7,10
TRPCOI2512196fbf9b6b,2025-12-19,TN01,repeated,8,87,8,9
TRPVIS25121952801527,2025-12-19,AP01,new,34,333,10,8
TRPJAI25121955e28d6b,2025-12-19,RJ01,repeated,17,241,9,10
TRPLUC251219b56e4765,2025-12-19,UP01,repeated,19,197,6,8
TRPVAD251219f67f4d23,2025-12-19,GJ02,new,18,162,8,8
TRPKOC2512194443337f,2025-12-19,KL01,repeated,34,405,7,8
TRPVIS2512196eff22ce,2025-12-19,AP01,repeated,11,126,8,8
TRPCHA251219f444b89a,2025-12-19,CH01,new,22,224,10,9
TRPLUC251219f28d3e2a,2025-12-19,UP01,repeated,10,116,5,7
TRPKOC2512193b508fb3,2025-12-19,KL01,repeated,30,361,8,10
TRPLUC2512195f74025b,2025-12-19,UP01,repeated,9,107,5,7
TRPJAI2512197097f130,2025-12-19,RJ01,repeated,29,385,8,10
TRPJAI251219bc213e93,2025-12-19,RJ01,repeated,36,469,7,8
TRPVAD2512198ab6ab7c,2025-12-19,GJ02,repeated,18,162,7,6
TRPLUC2512199b0fd604,2025-12-19,UP01,repeated,6,80,5,7
TRPVAD2512193f39ce44,2025-12-19,GJ02,repeated,13,122,7,7
TRPCOI251219b9186a21,2025-12-19,TN01,repeated,10,103,7,7
TRPLUC251219741f941a,2025-12-19,UP01,repeated,16,170,5,5
TRPIND2512191296a737,2025-12-19,MP01,repeated,13,127,8,6
TRPSUR2512194c31a8eb,2025-12-19,GJ01,repeated,14,131,6,6
TRPSUR2512199fcc9e9a,2025-12-19,GJ01,new,5,59,9,8
TRPVAD251219d120055a,2025-12-19,GJ02,new,8,82,9,7
TRPVIS2512191cb79aa4,2025-12-19,AP01,new,11,126,8,10
TRPVAD2512195002a139,2025-12-19,GJ02,repeated,10,98,5,7
TRPIND2512197a008800,2025-12-19,MP01,repeated,8,87,6,8
TRPCHA2512193a4bf7e1,2025-12-19,CH01,repeated,24,242,9,9
TRPJAI2512190024e4d5,2025-12-19,RJ01,repeated,41,529,7,9
TRPLUC251219eb7e1789,2025-12-19,UP01,repeated,11,125,5,5
TRPLUC251219f69d71af,2025-12-19,UP01,new,15,161,7,7
TRPKOC2512199e5a2628,2025-12-19,KL01,repeated,18,229,8,10
TRPLUC251219ea0c9d9c,2025-12-19,UP01,repeated,9,107,7,7
TRPCHA251219bbf8f4af,2025-12-19,CH01,repeated,25,251,8,7
TRPLUC2512198faa8f49,2025-12-19,UP01,repeated,20,206,6,6
TRPMYS2512196632af2a,2025-12-19,KA01,new,14,175,10,8
TRPKOC251219e50ba86e,2025-12-19,KL01,repeated,10,141,7,9
TRPLUC25121910f89871,2025-12-19,UP01,repeated,10,116,5,8
TRPLUC2512193ff66b68,2025-12-19,UP01,repeated,9,107,7,5
TRPCOI2512195da3c05e,2025-12-19,TN01,repeated,15,143,7,8
TRPVAD25121948c8d31e,2025-12-19,GJ02,repeated,6,66,5,5
TRPKOC25121911b512ff,2025-12-19,KL01,repeated,31,372,8,8
TRPJAI2512199569c4bf,2025-12-19,RJ01,repeated,21,289,8,9
TRPCOI251219bb75b988,2025-12-19,TN01,repeated,16,151,9,6
TRPLUC251219a2be1232,2025-12-19,UP01,new,12,134,9,8
TRPCOI2512196c5318c1,2025-12-19,TN01,repeated,16,151,9,6
TRPLUC25121908827f50,2025-12-19,UP01,repeated,17,179,6,8
TRPSUR2512195a1f50b0,2025-12-19,GJ01,repeated,9,91,6,6
TRPSUR251219e817ed1f,2025-12-19,GJ01,repeated,12,115,6,5
TRPMYS251219357c8dfb,2025-12-19,KA01,repeated,17,205,9,8
TRPLUC2512194a414c2c,2025-12-19,UP01,repeated,5,71,5,7
TRPLUC25121909421769,2025-12-19,UP01,repeated,6,80,5,5
TRPSUR25121933ff23f8,2025-12-19,GJ01,repeated,14,131,6,6
TRPIND251219af5aedfc,2025-12-19,MP01,repeated,15,143,7,9
TRPCOI251219d8a493fe,2025-12-19,TN01,repeated,20,183,8,9
TRPCHA25121937c4796d,2025-12-19,CH01,repeated,29,287,7,6
TRPIND25121992f96841,2025-12-19,MP01,repeated,20,183,7,6
TRPVAD251219e9a72d18,2025-12-19,GJ02,repeated,6,66,6,8
TRPKOC25121986fbd63d,2025-12-19,KL01,repeated,36,427,8,9
TRPVIS2512199dd2a829,2025-12-19,AP01,repeated,31,306,9,9
TRPIND2512197ebc0593,2025-12-19,MP01,repeated,17,159,7,6
TRPCOI251219d32bfcaf,2025-12-19,TN01,repeated,13,127,7,8
TRPJAI251219a52719f4,2025-12-19,RJ01,new,30,397,10,10
TRPJAI251219efd14a6b,2025-12-19,RJ01,new,34,445,9,9
TRPLUC251219d3594962,2025-12-19,UP01,repeated,11,125,5,5
TRPVIS25121981a596cf,2025-12-19,AP01,repeated,20,207,8,9
TRPVAD2512197642bc0e,2025-12-19,GJ02,repeated,8,82,5,8
TRPKOC2512193c6de913,2025-12-19,KL01,new,15,196,9,8
TRPLUC2512197404aec4,2025-12-19,UP01,repeated,9,107,6,5
TRPLUC251219e18ba307,2025-12-19,UP01,repeated,15,161,5,6
TRPJAI25121945e80b2c,2025-12-19,RJ01,new,37,481,8,8
TRPJAI251219ac9c7b03,2025-12-19,RJ01,repeated,38,493,9,8
TRPIND251219b049c910,2025-12-19,MP01,repeated,13,127,7,7
TRPVAD251219fb152914,2025-12-19,GJ02,repeated,10,98,6,8
TRPVAD2512190a24486b,2025-12-19,GJ02,repeated,6,66,7,7
TRPSUR251219ec1335d0,2025-12-19,GJ01,repeated,6,67,7,8
TRPJAI25121928aa015a,2025-12-19,RJ01,repeated,27,361,9,9
TRPJAI251219b97ef9e5,2025-12-19,RJ01,repeated,28,373,8,9
TRPSUR25121955cfa6a5,2025-12-19,GJ01,repeated,13,123,5,6
TRPVAD251219f6c3f449,2025-12-19,GJ02,new,11,106,7,6
TRPLUC2512199410e5f5,2025-12-19,UP01,repeated,18,188,7,7
TRPKOC251219353a4625,2025-12-19,KL01,repeated,11,152,8,8
TRPJAI251219e067136b,2025-12-19,RJ01,repeated,41,529,8,10
TRPCOI251219cb67adc6,2025-12-19,TN01,repeated,21,191,9,8
TRPCHA251219a3c542ac,2025-12-19,CH01,repeated,17,179,6,7
TRPIND251219da6d092e,2025-12-19,MP01,repeated,13,127,7,9
TRPLUC2512191c615ea6,2025-12-19,UP01,repeated,6,80,6,6
TRPCOI251219a84ff57e,2025-12-19,TN01,repeated,19,175,8,7
TRPMYS251219d4a03649,2025-12-19,KA01,new,16,195,10,8
TRPCOI2512198d93bea9,2025-12-19,TN01,repeated,13,127,9,8
TRPVAD251219c24c2ef6,2025-12-19,GJ02,repeated,5,58,6,5
TRPVIS251219b26f447f,2025-12-19,AP01,repeated,18,189,7,9
TRPCOI251219a11ebe82,2025-12-19,TN01,repeated,21,191,6,7
TRPKOC2512194d40cd8f,2025-12-19,KL01,repeated,25,306,8,10
TRPCHA2512197a94f21a,2025-12-19,CH01,repeated,15,161,8,9
TRPLUC251219bf4e9ea5,2025-12-19,UP01,repeated,8,98,7,7
TRPVAD251219d49abaa9,2025-12-19,GJ02,repeated,8,82,7,5
TRPVAD2512191986b76a,2025-12-19,GJ02,repeated,17,154,6,6
TRPJAI251219cb628629,2025-12-19,RJ01,repeated,42,541,7,9
TRPJAI25121940c7c05a,2025-12-19,RJ01,repeated,23,313,7,8
TRPSUR251219b0c53862,2025-12-19,GJ01,repeated,8,83,5,5
TRPVAD2512191dfc75d3,2025-12-19,GJ02,repeated,5,58,7,7
TRPLUC2512196425978d,2025-12-19,UP01,repeated,20,206,6,6
TRPSUR25121903564b3e,2025-12-19,GJ01,repeated,17,155,6,7
TRPIND2512192fcc6086,2025-12-19,MP01,repeated,21,191,7,9
TRPCOI2512197a726679,2025-12-19,TN01,repeated,9,95,7,9
TRPIND2512195d4ef141,2025-12-19,MP01,repeated,25,223,8,9
TRPIND25121918ce42c9,2025-12-19,MP01,repeated,8,87,9,8
TRPLUC251219a546efe8,2025-12-19,UP01,repeated,11,125,7,6
TRPKOC251219f3fe3a16,2025-12-19,KL01,new,12,163,10,10
TRPKOC251219965b96b1,2025-12-19,KL01,new,17,218,9,10
TRPVIS2512197c98f484,2025-12-19,AP01,repeated,32,315,7,8
TRPIND251219da4078a6,2025-12-19,MP01,repeated,10,103,9,6
TRPMYS251219c266f582,2025-12-19,KA01,repeated,22,255,7,10
TRPVIS251219fd51d4eb,2025-12-19,AP01,new,29,288,9,9
TRPIND251219edd3c838,2025-12-19,MP01,repeated,15,143,6,7
TRPVAD251219eeb97023,2025-12-19,GJ02,repeated,8,82,7,7
TRPLUC2512199668c60b,2025-12-19,UP01,repeated,19,197,6,5
TRPSUR251219b34d9d6a,2025-12-19,GJ01,repeated,10,99,6,7
TRPIND2512194ad72a40,2025-12-19,MP01,repeated,18,167,9,7
TRPKOC251219c83c0e60,2025-12-19,KL01,new,27,328,10,8
TRPVIS251219f130b5e2,2025-12-19,AP01,repeated,29,288,9,9
TRPMYS2512197cf3d4c9,2025-12-19,KA01,new,23,265,10,9
TRPVAD251219f29e00a3,2025-12-19,GJ02,new,14,130,9,6
TRPVIS2512194b2fd3f5,2025-12-19,AP01,new,34,333,8,10
TRPCHA2512197af66289,2025-12-19,CH01,repeated,33,323,9,8
TRPLUC251219cacb7224,2025-12-19,UP01,new,7,89,7,8
TRPVAD25121986e6e03b,2025-12-19,GJ02,repeated,8,82,6,6
TRPLUC25121936a40e54,2025-12-19,UP01,repeated,20,206,5,5
TRPIND251219e846b7fb,2025-12-19,MP01,repeated,24,215,6,9
TRPVIS251219d496430d,2025-12-19,AP01,repeated,23,234,8,9
TRPSUR2512196f50a902,2025-12-19,GJ01,new,16,147,9,7
TRPVIS251219040241e6,2025-12-19,AP01,new,23,234,10,9
TRPSUR251219b9df9db7,2025-12-19,GJ01,new,6,67,7,7
TRPJAI2512199ad4448c,2025-12-19,RJ01,new,25,337,9,10
TRPIND251219bce924d8,2025-12-19,MP01,repeated,25,223,9,9
TRPVAD251219b5e9ae2f,2025-12-19,GJ02,repeated,10,98,7,6
TRPSUR251219051cfb87,2025-12-19,GJ01,repeated,5,59,7,5
TRPLUC25121938b682ce,2025-12-19,UP01,repeated,17,179,6,8
TRPKOC251219ccdb0693,2025-12-19,KL01,repeated,27,328,9,8
TRPJAI251219dce8ea31,2025-12-19,RJ01,repeated,22,301,9,8
TRPCOI2512192019c1c2,2025-12-19,TN01,repeated,22,199,6,9
TRPLUC2512193d377c3d,2025-12-19,UP01,repeated,15,161,7,8
TRPJAI251219a434048c,2025-12-19,RJ01,new,16,229,10,10
TRPKOC25121976797b24,2025-12-19,KL01,repeated,29,350,9,10
TRPSUR2512194c39abb4,2025-12-19,GJ01,repeated,5,59,7,6
TRPJAI251219b35378d5,2025-12-19,RJ01,new,24,325,9,10
TRPJAI251219870685fd,2025-12-19,RJ01,repeated,28,373,9,8
TRPSUR2512191c7bcaef,2025-12-19,GJ01,repeated,12,115,6,6
TRPCOI25121968663e50,2025-12-19,TN01,new,10,103,10,8
TRPJAI25121975ef33ce,2025-12-19,RJ01,new,17,241,9,8
TRPLUC251219a550b01d,2025-12-19,UP01,repeated,9,107,5,7
TRPKOC2512191cc5e6c0,2025-12-19,KL01,new,27,328,10,10
TRPLUC2512192ca5ffbc,2025-12-19,UP01,repeated,15,161,6,8
TRPCHA251219acaaec5b,2025-12-19,CH01,repeated,33,323,7,8
TRPCHA251219c9937ce9,2025-12-19,CH01,repeated,20,206,8,9
TRPLUC25121914ec5b34,2025-12-19,UP01,repeated,14,152,6,7
TRPKOC2512196221de4d,2025-12-19,KL01,repeated,38,449,7,8
TRPIND25121966ff5efe,2025-12-19,MP01,repeated,21,191,7,6
TRPVAD251219457a86e9,2025-12-19,GJ02,repeated,15,138,5,6
TRPJAI25121973e4ebb9,2025-12-19,RJ01,repeated,40,517,9,10
TRPLUC251219e683e9a4,2025-12-19,UP01,repeated,6,80,6,7
TRPCOI251219107d9e0f,2025-12-19,TN01,new,18,167,8,8
TRPIND2512197480f1c2,2025-12-19,MP01,repeated,11,111,8,8
TRPVIS2512194be82994,2025-12-19,AP01,repeated,29,288,9,8
TRPVIS251219fafe7c75,2025-12-19,AP01,repeated,15,162,8,10
TRPJAI25121940354c1f,2025-12-19,RJ01,repeated,30,397,8,10
TRPJAI2512199054ac01,2025-12-19,RJ01,repeated,26,349,8,9
TRPJAI251219c39e4f79,2025-12-19,RJ01,repeated,25,337,8,8
TRPCHA251219be6487f8,2025-12-19,CH01,repeated,13,143,6,9
TRPSUR251219e9418d23,2025-12-19,GJ01,repeated,7,75,6,5
TRPCOI25121934cd4c60,2025-12-19,TN01,repeated,11,111,7,8
TRPLUC2512197c11f63d,2025-12-19,UP01,repeated,18,188,6,8
TRPSUR25121980785dfe,2025-12-19,GJ01,repeated,9,91,6,7
TRPLUC251219f19736da,2025-12-19,UP01,new,11,125,7,7
TRPKOC2512191fe213fe,2025-12-19,KL01,repeated,28,339,9,9
TRPVIS251219ed431692,2025-12-19,AP01,repeated,28,279,9,8
TRPVIS25121960b09488,2025-12-19,AP01,repeated,24,243,8,8
TRPLUC251219ada6c91c,2025-12-19,UP01,repeated,10,116,5,6
TRPCHA2512196bb9447e,2025-12-19,CH01,new,32,314,10,7
TRPVIS251219a94a9ac0,2025-12-19,AP01,new,26,261,9,9
TRPJAI251219281556d0,2025-12-19,RJ01,repeated,29,385,9,8
TRPSUR25121949fc11a3,2025-12-19,GJ01,repeated,17,155,7,5
TRPJAI25121995a1adbd,2025-12-19,RJ01,repeated,18,253,9,9
TRPCOI251219a30c26bf,2025-12-19,TN01,repeated,15,143,8,8
TRPCHA251219883ec8fe,2025-12-19,CH01,repeated,13,143,8,9
TRPCHA251219dfcccfd1,2025-12-19,CH01,repeated,26,260,8,7
TRPCHA251219325f8254,2025-12-19,CH01,new,26,260,7,9
TRPVIS251219e2269bc0,2025-12-19,AP01,repeated,34,333,9,10
TRPVIS251219888a5014,2025-12-19,AP01,repeated,33,324,7,8
TRPVAD251219c06504e5,2025-12-19,GJ02,repeated,17,154,6,5
TRPIND25121967fe1df5,2025-12-19,MP01,repeated,12,119,9,8
TRPIND2512199e5cb9f2,2025-12-19,MP01,repeated,11,111,7,8
TRPSUR251219e373cd17,2025-12-19,GJ01,repeated,7,75,7,6
TRPSUR2512198f9ebf93,2025-12-19,GJ01,repeated,16,147,5,7
TRPVAD251219a48881c0,2025-12-19,GJ02,repeated,6,66,5,6
TRPSUR2512192b1e43cc,2025-12-19,GJ01,repeated,7,75,7,5
TRPSUR251219c2c9c363,2025-12-19,GJ01,repeated,10,99,7,5
TRPSUR251219a30991c7,2025-12-19,GJ01,repeated,15,139,7,5
TRPSUR25121979cbd8c6,2025-12-19,GJ01,repeated,11,107,7,5
TRPLUC251219a9b3370f,2025-12-19,UP01,repeated,20,206,7,8
TRPVIS25121977924a6b,2025-12-19,AP01,repeated,32,315,9,9
TRPKOC2512191eeb7d4d,2025-12-19,KL01,repeated,12,163,7,8
TRPKOC251219efd3fc99,2025-12-19,KL01,repeated,32,383,9,8
TRPCOI251219539c6c7e,2025-12-19,TN01,repeated,19,175,6,6
TRPSUR2512196b3cf259,2025-12-19,GJ01,repeated,7,75,7,6
TRPJAI251219ebd9d699,2025-12-19,RJ01,repeated,30,397,9,8
TRPSUR251219eab55012,2025-12-19,GJ01,repeated,10,99,5,5
TRPIND25121996b15a38,2025-12-19,MP01,repeated,15,143,6,7
TRPSUR251219ae3684de,2025-12-19,GJ01,repeated,8,83,6,6
TRPLUC2512192165efd5,2025-12-19,UP01,repeated,5,71,5,6
TRPLUC251219d68b22d8,2025-12-19,UP01,new,11,125,9,7
TRPLUC251219d11274c7,2025-12-19,UP01,repeated,6,80,5,6
TRPSUR251219c5bb07d3,2025-12-19,GJ01,repeated,6,67,5,5
TRPCHA251219f42c82e7,2025-12-19,CH01,repeated,23,233,8,8
TRPLUC251219962db94c,2025-12-19,UP01,repeated,15,161,6,6
TRPSUR25121961fd7cb4,2025-12-19,GJ01,repeated,14,131,7,8
TRPKOC2512199d7dcf17,2025-12-19,KL01,repeated,12,163,7,9
TRPCOI251219eb01386c,2025-12-19,TN01,repeated,11,111,6,6
TRPCOI251219bc38c80e,2025-12-19,TN01,new,12,119,9,7
TRPMYS251219d7c10daa,2025-12-19,KA01,repeated,22,255,8,10
TRPCHA251219f56072a2,2025-12-19,CH01,new,34,332,7,9
TRPVIS25121941cc78d1,2025-12-19,AP01,repeated,27,270,7,10
TRPCHA251219bb693087,2025-12-19,CH01,new,20,206,7,8
TRPCHA251219bd09dadf,2025-12-19,CH01,repeated,12,134,9,6
TRPCHA251219b66cfc70,2025-12-19,CH01,new,20,206,9,9
TRPJAI251219f97c731d,2025-12-19,RJ01,repeated,23,313,9,8
TRPCHA251219332a58d9,2025-12-19,CH01,repeated,26,260,7,9
TRPSUR2512190ba952f2,2025-12-19,GJ01,repeated,13,123,7,8
TRPLUC2512198fd831c5,2025-12-19,UP01,repeated,10,116,6,5
TRPLUC251219bd4e58c5,2025-12-19,UP01,repeated,13,143,6,6
TRPCHA251219e30a67b6,2025-12-19,CH01,new,17,179,10,9
TRPJAI25121901f472e9,2025-12-19,RJ01,new,15,217,9,8
TRPLUC251219633fae1d,2025-12-19,UP01,repeated,16,170,6,8
TRPIND251219f042b899,2025-12-19,MP01,repeated,13,127,7,9
TRPVAD251219ff61d8bc,2025-12-19,GJ02,new,16,146,8,7
TRPSUR251219b03fd923,2025-12-19,GJ01,new,6,67,7,6
TRPLUC251219ea9b55bc,2025-12-19,UP01,repeated,19,197,6,7
TRPIND251219b7c9418c,2025-12-19,MP01,repeated,20,183,9,9
TRPVAD251219a2633f46,2025-12-19,GJ02,repeated,8,82,6,7
TRPLUC251219a0cb3d1f,2025-12-19,UP01,repeated,19,197,7,7
TRPVAD251219eda10cd9,2025-12-19,GJ02,repeated,11,106,6,6
TRPCHA25121990089aad,2025-12-19,CH01,new,12,134,10,7
TRPIND2512197a2d7cde,2025-12-19,MP01,repeated,16,151,7,6
TRPCHA2512196cc8b1ca,2025-12-19,CH01,new,21,215,8,8
TRPJAI251219ef277b02,2025-12-19,RJ01,new,27,361,9,10
TRPLUC251219d1a1fa92,2025-12-19,UP01,repeated,7,89,5,5
TRPKOC2512190d3ec74e,2025-12-19,KL01,new,15,196,9,10
TRPCOI2512198a9128af,2025-12-19,TN01,new,22,199,10,8
TRPVAD251219f3712df1,2025-12-19,GJ02,repeated,18,162,7,6
TRPLUC2512196f7e7f0a,2025-12-19,UP01,repeated,14,152,6,8
TRPKOC251219899441b8,2025-12-19,KL01,repeated,33,394,8,9
TRPLUC25121947b94637,2025-12-19,UP01,repeated,8,98,5,5
TRPSUR2512190eb28c4b,2025-12-19,GJ01,new,17,155,7,8
TRPKOC251219794587eb,2025-12-19,KL01,repeated,13,174,9,10
TRPJAI251219bca7c180,2025-12-19,RJ01,new,18,253,9,9
TRPVAD2512191bb554e5,2025-12-19,GJ02,repeated,11,106,7,7
TRPKOC2512191502f304,2025-12-19,KL01,repeated,27,328,7,10
TRPLUC251219ace6a9ce,2025-12-19,UP01,new,7,89,8,8
TRPVIS251219d2d816f4,2025-12-19,AP01,repeated,35,342,9,10
TRPVAD2512195203fa80,2025-12-19,GJ02,repeated,18,162,6,6
TRPJAI2512195982b539,2025-12-19,RJ01,repeated,35,457,7,10
TRPJAI251219e78f8ebf,2025-12-19,RJ01,repeated,24,325,9,8
TRPVIS251219be648105,2025-12-19,AP01,new,26,261,10,8
TRPCOI25121987f849c0,2025-12-19,TN01,new,10,103,7,9
TRPLUC251219e4bf22b3,2025-12-19,UP01,repeated,5,71,5,6
TRPJAI251219350b1bb5,2025-12-19,RJ01,new,30,397,10,8
TRPKOC2512197ad60b1e,2025-12-19,KL01,new,34,405,8,10
TRPJAI251219df5609dc,2025-12-19,RJ01,repeated,33,433,9,10
TRPLUC251219e1a1b69d,2025-12-19,UP01,repeated,20,206,6,8
TRPCOI251219f97b15a9,2025-12-19,TN01,repeated,15,143,6,7
TRPSUR251219d0be4948,2025-12-19,GJ01,repeated,15,139,7,6
TRPIND251219e8bb8eb3,2025-12-19,MP01,repeated,10,103,7,9
TRPLUC251219cf7d0831,2025-12-19,UP01,repeated,7,89,6,7
TRPVAD25121953ae0560,2025-12-19,GJ02,repeated,6,66,6,7
TRPSUR2512193cf24622,2025-12-19,GJ01,repeated,8,83,5,5
TRPLUC251219d24fabea,2025-12-19,UP01,repeated,12,134,6,5
TRPCOI251219809c8157,2025-12-19,TN01,new,13,127,9,8
TRPLUC251219d6299b56,2025-12-19,UP01,repeated,15,161,7,6
TRPSUR251219d5d2d667,2025-12-19,GJ01,repeated,5,59,6,7
TRPLUC2512193464cbf4,2025-12-19,UP01,new,13,143,9,7
TRPJAI2512199688a38d,2025-12-19,RJ01,repeated,18,253,8,8
TRPKOC251219796bb75d,2025-12-19,KL01,new,31,372,8,8
TRPVIS251219b60252c7,2025-12-19,AP01,repeated,13,144,8,9
TRPMYS2512193fb23989,2025-12-19,KA01,new,25,285,8,9
TRPLUC25121994bf51c6,2025-12-19,UP01,repeated,11,125,5,5
TRPCOI251219b47128e7,2025-12-19,TN01,new,15,143,7,8
TRPSUR251219b8a20f5a,2025-12-19,GJ01,repeated,12,115,6,6
TRPLUC25121996345136,2025-12-19,UP01,new,16,170,8,8
TRPLUC251219276619e0,2025-12-19,UP01,repeated,18,188,7,6
TRPSUR251219c46c4901,2025-12-19,GJ01,repeated,11,107,6,8
TRPJAI251219cbb036da,2025-12-19,RJ01,new,43,553,10,8
TRPCHA251219b9b7066d,2025-12-19,CH01,repeated,16,170,8,8
TRPMYS25121900c21cb2,2025-12-19,KA01,repeated,23,265,7,10
TRPLUC251219bccabc8e,2025-12-19,UP01,repeated,20,206,5,5
TRPVAD251219a2bfb87a,2025-12-19,GJ02,repeated,9,90,2,4
TRPSUR251219ea5eae3e,2025-12-19,GJ01,repeated,10,99,5,6
TRPIND251219ac6fe287,2025-12-19,MP01,repeated,19,175,6,9
TRPVAD2512193c08b2d7,2025-12-19,GJ02,repeated,15,138,6,8
TRPVIS2512190bf36c5f,2025-12-19,AP01,repeated,32,315,7,9
TRPCHA2512192abedc6a,2025-12-19,CH01,repeated,24,242,8,6
TRPIND251219de5e6988,2025-12-19,MP01,new,11,111,8,9
TRPSUR25121987e54abb,2025-12-19,GJ01,repeated,6,67,6,7
TRPLUC2512194d751893,2025-12-19,UP01,repeated,18,188,5,7
TRPJAI251219166802f6,2025-12-19,RJ01,repeated,19,265,8,9
TRPKOC251219dcff3a51,2025-12-19,KL01,new,34,405,10,10
TRPSUR251219d2bd6165,2025-12-19,GJ01,repeated,7,75,6,7
TRPCHA2512199d1b3640,2025-12-19,CH01,repeated,23,233,8,9
TRPVAD251219cbf300a3,2025-12-19,GJ02,repeated,17,154,6,7
TRPJAI251219cb7ed037,2025-12-19,RJ01,repeated,18,253,8,10
TRPSUR2512195bd0e4fd,2025-12-19,GJ01,repeated,13,123,5,6
TRPVAD251219dd64850e,2025-12-19,GJ02,new,11,106,9,6
TRPIND251219dfe09263,2025-12-19,MP01,repeated,23,207,6,9
TRPVAD251219f819a260,2025-12-19,GJ02,repeated,15,138,6,6
TRPVIS251219efcf9123,2025-12-19,AP01,repeated,33,324,9,10
TRPJAI2512196410c488,2025-12-19,RJ01,repeated,29,385,8,10
TRPIND2512195e13f7d4,2025-12-19,MP01,repeated,16,151,8,7
TRPJAI25121951310bf3,2025-12-19,RJ01,repeated,27,361,9,8
TRPLUC251219fd725da2,2025-12-19,UP01,repeated,16,170,6,7
TRPJAI251219f23b7a7d,2025-12-19,RJ01,repeated,24,325,9,9
TRPCHA251219a844a7d8,2025-12-19,CH01,repeated,30,296,9,7
TRPLUC2512190a96ca6c,2025-12-19,UP01,repeated,8,98,5,6
TRPMYS251219f93061b7,2025-12-19,KA01,repeated,10,135,9,8
TRPCHA25121980a0d3d6,2025-12-19,CH01,new,26,260,10,8
TRPSUR2512190d2643d9,2025-12-19,GJ01,repeated,9,91,5,5
TRPCHA25121973dc00bd,2025-12-19,CH01,new,19,197,7,8
TRPSUR251219409e4208,2025-12-19,GJ01,repeated,6,67,6,7
TRPKOC251219fc18f278,2025-12-19,KL01,new,18,229,9,9
TRPSUR25121938555873,2025-12-19,GJ01,repeated,13,123,5,6
TRPIND25121930f0e728,2025-12-19,MP01,new,17,159,10,9
TRPJAI2512190362e172,2025-12-19,RJ01,repeated,34,445,7,9
TRPJAI25121983ccd9ae,2025-12-19,RJ01,repeated,37,481,7,10
TRPJAI2512195b3a3470,2025-12-19,RJ01,new,15,217,8,10
TRPKOC251219cd1f6e66,2025-12-19,KL01,repeated,16,207,9,10
TRPVAD251219e1c8c149,2025-12-19,GJ02,repeated,10,98,5,8
TRPSUR25121907c26ce2,2025-12-19,GJ01,repeated,16,147,6,7
TRPSUR25121900242919,2025-12-19,GJ01,repeated,5,59,6,7
TRPMYS25121957a3d073,2025-12-19,KA01,repeated,15,185,8,8
TRPLUC251219dfffb2e1,2025-12-19,UP01,repeated,18,188,5,8
TRPIND251219883ce8cb,2025-12-19,MP01,repeated,20,183,7,6
TRPIND251219b2f00db9,2025-12-19,MP01,repeated,18,167,6,7
TRPLUC2512194cac5878,2025-12-19,UP01,repeated,7,89,5,5
TRPIND2512198eb7f5c4,2025-12-19,MP01,new,11,111,10,8
TRPCHA251219e2492f7c,2025-12-19,CH01,repeated,21,215,7,9
TRPJAI251219207853f5,2025-12-19,RJ01,new,41,529,9,10
TRPJAI25121988b473c9,2025-12-19,RJ01,new,26,349,8,10
TRPVAD2512191d15e812,2025-12-19,GJ02,repeated,6,66,5,7
TRPVAD251219d5cce715,2025-12-19,GJ02,repeated,5,58,6,7
TRPVIS2512194df1ca64,2025-12-19,AP01,repeated,31,306,8,8
TRPIND251219bd94f1f0,2025-12-19,MP01,repeated,23,207,6,8
TRPJAI251219088621f5,2025-12-19,RJ01,repeated,43,553,7,8
TRPJAI251219efbfd66e,2025-12-19,RJ01,new,41,529,9,8
TRPLUC25121946015063,2025-12-19,UP01,repeated,10,116,5,5
TRPIND251219ec7c5928,2025-12-19,MP01,new,20,183,10,7
TRPVAD251219ef7741ea,2025-12-19,GJ02,repeated,8,82,5,5
TRPJAI251219f3abf5a7,2025-12-19,RJ01,new,34,445,8,8
TRPKOC251219933a5106,2025-12-19,KL01,new,24,295,10,8
TRPIND2512197ede7b70,2025-12-19,MP01,new,16,151,10,8
TRPLUC2512192138749d,2025-12-19,UP01,repeated,18,188,5,5
TRPKOC25121901ff7468,2025-12-19,KL01,repeated,22,273,8,8
TRPCHA251219657260a0,2025-12-19,CH01,repeated,26,260,6,9
TRPSUR2512194938f55f,2025-12-19,GJ01,repeated,13,123,6,7
TRPCOI25121980f3917e,2025-12-19,TN01,repeated,8,87,9,9
TRPCOI251219c2e05bd1,2025-12-19,TN01,repeated,21,191,7,8
TRPIND25121972bda60f,2025-12-19,MP01,new,17,159,7,7
TRPIND251219b0c6b26e,2025-12-19,MP01,repeated,9,95,6,6
TRPKOC251219b146d332,2025-12-19,KL01,repeated,37,438,9,10
TRPSUR2512190f06829a,2025-12-19,GJ01,repeated,13,123,5,7
TRPSUR251219b68add83,2025-12-19,GJ01,repeated,17,155,7,7
TRPVIS25121983950d1c,2025-12-19,AP01,new,13,144,8,10
TRPCHA251219e50167a7,2025-12-19,CH01,new,12,134,9,7
TRPVIS2512198322fb4b,2025-12-19,AP01,repeated,31,306,9,9
TRPKOC251219fdcadad9,2025-12-19,KL01,repeated,21,262,8,8
TRPCHA2512193a5d53b5,2025-12-19,CH01,new,22,224,7,9
TRPKOC2512198a824115,2025-12-19,KL01,repeated,33,394,7,10
TRPKOC25121960eff269,2025-12-19,KL01,new,22,273,8,8
TRPLUC2512195f6bb546,2025-12-19,UP01,new,9,107,9,7
TRPIND251219ff1ceaa7,2025-12-19,MP01,repeated,14,135,8,7
TRPVAD2512196a7fdb92,2025-12-19,GJ02,repeated,11,106,7,5
TRPKOC2512199db65385,2025-12-19,KL01,repeated,14,185,8,10
TRPSUR2512190fe03165,2025-12-19,GJ01,repeated,15,139,7,7
TRPLUC2512191a7cd4a6,2025-12-19,UP01,repeated,17,179,7,7
TRPCHA251219f919e5b6,2025-12-19,CH01,new,18,188,9,9
TRPLUC25121935ac2af2,2025-12-19,UP01,repeated,8,98,6,7
TRPVAD2512191ea020ca,2025-12-19,GJ02,repeated,15,138,6,7
TRPKOC25121999c9afa1,2025-12-19,KL01,repeated,11,152,9,8
TRPJAI251219390114ba,2025-12-19,RJ01,repeated,29,385,7,8
TRPMYS25121970fbce2d,2025-12-19,KA01,new,8,115,8,10
TRPIND251219b6ac86c8,2025-12-19,MP01,new,18,167,10,9
TRPSUR2512196c900477,2025-12-19,GJ01,repeated,8,83,5,6
TRPSUR251219cec1685e,2025-12-19,GJ01,repeated,13,123,5,8
TRPSUR251219fef6e944,2025-12-19,GJ01,repeated,10,99,6,7
TRPKOC251219bb252a06,2025-12-19,KL01,repeated,16,207,8,10
TRPKOC25121923a3518c,2025-12-19,KL01,repeated,32,383,8,8
TRPIND251219e9c8347f,2025-12-19,MP01,repeated,17,159,9,8
TRPIND251219dd52511e,2025-12-19,MP01,repeated,12,119,8,8
TRPVIS251219564ed0d0,2025-12-19,AP01,repeated,17,180,9,10
TRPSUR2512194c4faa1f,2025-12-19,GJ01,repeated,15,139,6,7
TRPLUC251219e4b29a49,2025-12-19,UP01,new,5,71,8,7
TRPKOC251219ee4d9d98,2025-12-19,KL01,repeated,36,427,7,9
TRPVAD251219dc660a26,2025-12-19,GJ02,repeated,18,162,6,6
TRPCOI25121971df395a,2025-12-19,TN01,repeated,10,103,9,8
TRPMYS251219eae00b32,2025-12-19,KA01,repeated,12,155,7,10
TRPVIS251219e69e6a85,2025-12-19,AP01,repeated,11,126,8,9
TRPCHA251219d06c2e43,2025-12-19,CH01,repeated,32,314,6,8
TRPVAD2512192d47b7e2,2025-12-19,GJ02,repeated,5,58,5,6
TRPSUR251219ca38271d,2025-12-19,GJ01,repeated,12,115,7,8
TRPJAI2512199b85a3d4,2025-12-19,RJ01,new,18,253,10,9
TRPSUR251219845db505,2025-12-19,GJ01,repeated,5,59,7,7
TRPJAI251219eb0779fe,2025-12-19,RJ01,repeated,37,481,9,8
TRPLUC25121990621daa,2025-12-19,UP01,repeated,5,71,7,5
TRPLUC25121927060e56,2025-12-19,UP01,repeated,14,152,6,7
TRPCOI25121992dda442,2025-12-19,TN01,repeated,16,151,9,7
TRPVAD251219fb86cc1f,2025-12-19,GJ02,repeated,9,90,6,5
TRPVIS25121908b955d9,2025-12-19,AP01,new,12,135,8,8
TRPSUR2512191ce27b6a,2025-12-19,GJ01,repeated,8,83,7,5
TRPSUR2512191eb4179b,2025-12-19,GJ01,repeated,11,107,5,6
TRPJAI2512195f2d6c8a,2025-12-19,RJ01,repeated,16,229,9,10
TRPKOC25121998f72f87,2025-12-19,KL01,repeated,38,449,8,10
TRPJAI251219197029e6,2025-12-19,RJ01,repeated,17,241,9,9
TRPIND251219ee290710,2025-12-19,MP01,repeated,20,183,7,6
TRPLUC251219ee954d7a,2025-12-19,UP01,repeated,5,71,7,7
TRPIND2512199193f9b8,2025-12-19,MP01,new,21,191,7,7
TRPLUC251219008e11b1,2025-12-19,UP01,repeated,8,98,7,7
TRPMYS251219d4617ae6,2025-12-19,KA01,new,13,165,9,9
TRPLUC251219be5f1f6a,2025-12-19,UP01,new,16,170,9,8
TRPSUR25121935d5f9a9,2025-12-19,GJ01,repeated,11,107,6,5
TRPCOI251219d794736b,2025-12-19,TN01,repeated,11,111,7,6
TRPJAI251219b4d65a18,2025-12-19,RJ01,new,37,481,10,10
TRPVAD25121935deaf43,2025-12-19,GJ02,repeated,9,90,5,8
TRPLUC2512197cbfe0a1,2025-12-19,UP01,new,15,161,9,6
TRPIND25121958ce50ec,2025-12-19,MP01,repeated,11,111,7,6
TRPLUC25121995b0fa6c,2025-12-19,UP01,repeated,10,116,7,6
TRPMYS251219ad52f750,2025-12-19,KA01,new,17,205,8,9
TRPCOI251219a404fbb3,2025-12-19,TN01,repeated,18,167,6,7
TRPIND25121991d0e2c5,2025-12-19,MP01,repeated,18,167,8,7
TRPCHA251219c4fcf528,2025-12-19,CH01,repeated,26,260,9,9
TRPSUR251219e2a53a36,2025-12-19,GJ01,repeated,10,99,6,8
TRPCHA251219eda5c999,2025-12-19,CH01,repeated,19,197,9,6
TRPLUC251219b5e17b9b,2025-12-19,UP01,repeated,20,206,5,5
TRPLUC2512198f6efa6f,2025-12-19,UP01,repeated,10,116,7,8
TRPJAI251219417d01dd,2025-12-19,RJ01,repeated,43,553,9,9
TRPJAI251219f54e82c9,2025-12-19,RJ01,repeated,15,217,8,8
TRPVIS2512191c8503aa,2025-12-19,AP01,new,11,126,10,10
TRPLUC25121990d4aeaa,2025-12-19,UP01,repeated,13,143,5,8
TRPKOC251219d920a39f,2025-12-19,KL01,repeated,18,229,8,10
TRPCHA25121952524f77,2025-12-19,CH01,repeated,16,170,8,7
TRPLUC251219309a67de,2025-12-19,UP01,repeated,5,71,7,5
TRPVAD25121931a89b72,2025-12-19,GJ02,repeated,12,114,7,7
TRPSUR2512193a186e75,2025-12-19,GJ01,repeated,7,75,7,5
TRPCHA25121978e17b6e,2025-12-19,CH01,new,31,305,10,8
TRPSUR251219eaa815b2,2025-12-19,GJ01,new,6,67,9,8
TRPVAD2512193a629017,2025-12-19,GJ02,repeated,18,162,6,6
TRPIND251219cb39862f,2025-12-19,MP01,repeated,24,215,9,6
TRPVIS25121973826574,2025-12-19,AP01,repeated,21,216,9,10
TRPLUC251219766314cb,2025-12-19,UP01,repeated,17,179,7,7
TRPCOI2512198341f84d,2025-12-19,TN01,new,20,183,7,8
TRPKOC2512194c8872ce,2025-12-19,KL01,repeated,26,317,9,8
TRPVIS251219e6a708c8,2025-12-19,AP01,repeated,25,252,9,10
TRPKOC25121954a7c66f,2025-12-19,KL01,repeated,14,185,9,8
TRPVIS25121940ba4eec,2025-12-19,AP01,repeated,12,135,9,8
TRPVIS251219a8cb84f5,2025-12-19,AP01,repeated,20,207,9,10
TRPJAI251219e70d9103,2025-12-19,RJ01,repeated,35,457,7,9
TRPSUR251219d0a92c5a,2025-12-19,GJ01,new,5,59,9,8
TRPVAD2512192c8ee4eb,2025-12-19,GJ02,repeated,13,122,7,8
TRPSUR251219af37016f,2025-12-19,GJ01,repeated,17,155,6,8
TRPSUR2512198c2fc797,2025-12-19,GJ01,new,7,75,7,7
TRPKOC2512195220a887,2025-12-19,KL01,new,23,284,8,10
TRPSUR2512191fdcf61b,2025-12-19,GJ01,repeated,14,131,7,8
TRPCHA25121906ee5d4e,2025-12-19,CH01,repeated,33,323,8,7
TRPSUR251219ad0208d7,2025-12-19,GJ01,repeated,8,83,6,7
TRPIND251219ed489f1e,2025-12-19,MP01,repeated,19,175,6,8
TRPKOC251219fcafbba3,2025-12-19,KL01,repeated,33,394,8,9
TRPJAI251219eedaa4ee,2025-12-19,RJ01,repeated,45,577,7,8
TRPVAD251219b4ec3de2,2025-12-19,GJ02,repeated,15,138,7,8
TRPKOC25121972396f3f,2025-12-19,KL01,new,25,306,9,10
TRPJAI2512194b24043c,2025-12-19,RJ01,new,24,325,10,10
TRPSUR2512192ad03f5f,2025-12-19,GJ01,new,13,123,7,8
TRPVAD251219a7c2054e,2025-12-19,GJ02,repeated,7,74,5,8
TRPJAI2512190540dd12,2025-12-19,RJ01,repeated,20,277,9,9
TRPCHA251219dc14491b,2025-12-19,CH01,repeated,21,215,7,7
TRPIND251219c6460873,2025-12-19,MP01,repeated,16,151,9,6
TRPVIS251219deedb382,2025-12-19,AP01,repeated,25,252,8,10
TRPKOC251219f044c730,2025-12-19,KL01,repeated,38,449,7,8
TRPLUC2512190130cb13,2025-12-19,UP01,repeated,6,80,5,5
TRPKOC2512198ec07072,2025-12-19,KL01,repeated,28,339,7,9
TRPLUC251219ea66d7e9,2025-12-19,UP01,repeated,9,107,5,5
TRPCHA2512192c708704,2025-12-19,CH01,repeated,21,215,8,6
TRPJAI251219e2fb9b2e,2025-12-19,RJ01,repeated,33,433,8,9
TRPKOC2512192f24685c,2025-12-19,KL01,repeated,23,284,9,10
TRPIND251219eed3f9e7,2025-12-19,MP01,repeated,14,135,8,6
TRPLUC2512193d5e4e77,2025-12-19,UP01,repeated,9,107,6,8
TRPCHA251219331d8272,2025-12-19,CH01,repeated,16,170,6,9
TRPMYS2512191228baa0,2025-12-19,KA01,new,18,215,10,8
TRPLUC2512193cee4242,2025-12-19,UP01,new,11,125,7,8
TRPCHA251219f2df7234,2025-12-19,CH01,new,16,170,10,7
TRPVAD25121907296fc0,2025-12-19,GJ02,repeated,6,66,7,6
TRPLUC2512195a846496,2025-12-19,UP01,repeated,8,98,7,8
TRPLUC251219a7d7ce9f,2025-12-19,UP01,repeated,17,179,5,6
TRPIND251219847db8e3,2025-12-19,MP01,repeated,8,87,6,7
TRPJAI251219fa208a09,2025-12-19,RJ01,repeated,38,493,7,9
TRPSUR25121978df4727,2025-12-19,GJ01,repeated,16,147,6,7
TRPLUC2512191fb1e503,2025-12-19,UP01,repeated,8,98,5,6
TRPLUC2512196b8e986f,2025-12-19,UP01,repeated,6,80,7,5
TRPVAD251219b61f020f,2025-12-19,GJ02,new,6,66,7,8
TRPCHA2512190c7c9aa7,2025-12-19,CH01,new,21,215,8,8
TRPKOC2512193cb09158,2025-12-19,KL01,new,27,328,9,9
TRPLUC25121949792f62,2025-12-19,UP01,repeated,18,188,7,7
TRPKOC251219f1e29152,2025-12-19,KL01,repeated,37,438,8,10
TRPIND251219c88b1f1d,2025-12-19,MP01,repeated,21,191,8,9
TRPSUR2512195cef398f,2025-12-19,GJ01,repeated,5,59,6,6
TRPMYS251219e8bc845b,2025-12-19,KA01,repeated,17,205,8,9
TRPLUC251219cc33939c,2025-12-19,UP01,repeated,10,116,6,6
TRPCOI2512190c8cd5df,2025-12-19,TN01,repeated,18,167,6,9
TRPKOC25121936bd36e1,2025-12-19,KL01,repeated,10,141,8,9
TRPMYS25121960affa4d,2025-12-19,KA01,repeated,14,175,7,8
TRPLUC251219ade954e6,2025-12-19,UP01,repeated,14,152,7,5
TRPVAD25121952061aef,2025-12-19,GJ02,repeated,18,162,5,8
TRPSUR251219dab5fc76,2025-12-19,GJ01,repeated,11,107,7,7
TRPIND25121914aec0a7,2025-12-19,MP01,repeated,20,183,6,8
TRPVIS251219bdcfad38,2025-12-19,AP01,repeated,25,252,7,10
TRPLUC251219a8ba116d,2025-12-19,UP01,repeated,5,71,6,8
TRPVIS251219d1fa10c6,2025-12-19,AP01,repeated,24,243,8,9
TRPIND251219e2fb2dff,2025-12-19,MP01,repeated,20,183,9,6
TRPLUC251219330ae60f,2025-12-19,UP01,repeated,18,188,5,5
TRPJAI25121949bb2c20,2025-12-19,RJ01,repeated,17,241,7,9
TRPVIS2512197846be03,2025-12-19,AP01,repeated,30,297,7,8
TRPCHA25121998c836cb,2025-12-19,CH01,repeated,20,206,9,9
TRPCHA2512198c0a86ac,2025-12-19,CH01,repeated,27,269,8,8
TRPSUR251219d299a961,2025-12-19,GJ01,repeated,12,115,6,5
TRPLUC251219ae8ed688,2025-12-19,UP01,repeated,5,71,5,6
TRPVAD2512196cf25dcc,2025-12-19,GJ02,repeated,18,162,6,8
TRPLUC25121922b12bf0,2025-12-19,UP01,repeated,14,152,6,6
TRPVAD2512194e5135b8,2025-12-19,GJ02,repeated,17,154,6,6
TRPCHA2512195481c94f,2025-12-19,CH01,repeated,32,314,8,6
TRPLUC251219a0314fb1,2025-12-19,UP01,repeated,7,89,5,8
TRPLUC2512198f00f889,2025-12-19,UP01,new,14,152,9,7
TRPSUR25121916aae0b1,2025-12-19,GJ01,repeated,14,131,6,6
TRPCHA251219c1846340,2025-12-19,CH01,repeated,17,179,7,8
TRPVIS25121949bf038b,2025-12-19,AP01,new,30,297,10,10
TRPMYS2512197ac319bd,2025-12-19,KA01,new,10,135,8,9
TRPSUR2512193ae7f800,2025-12-19,GJ01,repeated,17,155,6,7
TRPVIS251219e2dfc1b7,2025-12-19,AP01,new,20,207,8,8
TRPVAD2512197bb70b6c,2025-12-19,GJ02,new,9,90,8,7
TRPJAI251219c8594098,2025-12-19,RJ01,repeated,32,421,7,8
TRPJAI2512192d4b3ed0,2025-12-19,RJ01,repeated,25,337,7,10
TRPIND251219368d7619,2025-12-19,MP01,repeated,18,167,8,6
TRPSUR251219f03bb761,2025-12-19,GJ01,repeated,13,123,5,7
TRPSUR2512195005cc5a,2025-12-19,GJ01,new,15,139,7,8
TRPSUR2512196e8ebf33,2025-12-19,GJ01,repeated,8,83,7,8
TRPCHA25121908acc2cd,2025-12-19,CH01,repeated,14,152,7,7
TRPSUR25121900acfa62,2025-12-19,GJ01,repeated,11,107,5,8
TRPVIS251219f8ea708a,2025-12-19,AP01,repeated,16,171,9,8
TRPLUC251219b24d1943,2025-12-19,UP01,repeated,7,89,5,7
TRPMYS25121940dcdaaf,2025-12-19,KA01,repeated,15,185,7,10
TRPCOI25121945c2e928,2025-12-19,TN01,new,16,151,8,8
TRPIND2512194723e83b,2025-12-19,MP01,repeated,13,127,8,6
TRPVIS251219be6a33e8,2025-12-19,AP01,repeated,12,135,9,9
TRPSUR251219648cf0d9,2025-12-19,GJ01,repeated,12,115,6,6
TRPJAI251219b43673c2,2025-12-19,RJ01,repeated,27,361,7,9
TRPLUC251219e24bfc2b,2025-12-19,UP01,repeated,8,98,6,7
TRPSUR2512197f342007,2025-12-19,GJ01,repeated,17,155,6,6
TRPSUR2512190bad11ee,2025-12-19,GJ01,repeated,9,91,5,6
TRPKOC2512196e0252d5,2025-12-19,KL01,repeated,35,416,9,9
TRPLUC251219c9d2344f,2025-12-19,UP01,repeated,16,170,6,8
TRPJAI251219a7ffdcad,2025-12-19,RJ01,new,36,469,9,10
TRPCHA251219202d00a0,2025-12-19,CH01,repeated,18,188,8,9
TRPLUC251219e512e059,2025-12-19,UP01,repeated,7,89,6,8
TRPCHA251219c04ec74b,2025-12-19,CH01,new,28,278,9,7
TRPKOC25121922c971d2,2025-12-19,KL01,repeated,22,273,8,9
TRPKOC2512199e5dba3a,2025-12-19,KL01,repeated,12,163,7,8
TRPSUR25121976b39212,2025-12-19,GJ01,repeated,6,67,6,7
TRPCOI2512197d9ed315,2025-12-19,TN01,repeated,16,151,6,6
TRPVAD251219459add18,2025-12-19,GJ02,repeated,10,98,5,5
TRPIND2512199c842917,2025-12-19,MP01,new,20,183,7,7
TRPJAI25121971115e56,2025-12-19,RJ01,new,31,409,8,9
TRPJAI251219fa4e5262,2025-12-19,RJ01,new,33,433,8,10
TRPVAD251219833ee50b,2025-12-19,GJ02,repeated,7,74,5,8
TRPVAD251219e820578c,2025-12-19,GJ02,repeated,5,58,6,8
TRPKOC25121933b116b8,2025-12-19,KL01,new,14,185,8,10
TRPSUR25121958596170,2025-12-19,GJ01,new,13,123,9,7
TRPIND25121934bcec50,2025-12-19,MP01,repeated,10,103,6,6
TRPKOC251219fb45f63e,2025-12-19,KL01,new,37,438,10,10
TRPKOC251219511825e8,2025-12-19,KL01,repeated,36,427,9,9
TRPJAI251219ae5932c7,2025-12-19,RJ01,new,40,517,9,10
TRPCHA2512199694dc7b,2025-12-19,CH01,repeated,23,233,8,9
TRPIND251219c89410cb,2025-12-19,MP01,repeated,15,143,6,6
TRPCOI251219e15110e9,2025-12-19,TN01,repeated,14,135,7,7
TRPJAI25121928548bf6,2025-12-19,RJ01,repeated,39,505,9,9
TRPSUR251219d880dd0e,2025-12-19,GJ01,repeated,12,115,6,7
TRPVAD251219845842d0,2025-12-19,GJ02,repeated,15,138,7,6
TRPVAD251219f551a32d,2025-12-19,GJ02,repeated,12,114,5,5
TRPLUC25121954c33f95,2025-12-19,UP01,new,5,71,8,6
TRPJAI251219635972f6,2025-12-19,RJ01,repeated,30,397,7,9
TRPSUR25121973df8f5b,2025-12-19,GJ01,repeated,5,59,5,7
TRPLUC25121929b13e6a,2025-12-19,UP01,repeated,15,161,6,8
TRPLUC25121943325f5c,2025-12-19,UP01,repeated,11,125,7,6
TRPJAI2512190e972516,2025-12-19,RJ01,repeated,36,469,7,8
TRPCHA2512196a40ce93,2025-12-19,CH01,new,22,224,8,9
TRPVIS2512198b9b304f,2025-12-19,AP01,new,27,270,9,10
TRPSUR251219dc9981e8,2025-12-19,GJ01,repeated,16,147,7,7
TRPKOC251219b150ca77,2025-12-19,KL01,repeated,19,240,8,10
TRPLUC2512199f8ec365,2025-12-19,UP01,new,5,71,7,7
TRPKOC251219ae4e4176,2025-12-19,KL01,new,11,152,8,9
TRPLUC251219db690b27,2025-12-19,UP01,new,15,161,9,7
TRPJAI251219d01614ee,2025-12-19,RJ01,repeated,15,217,8,8
TRPSUR2512196e6dcb8d,2025-12-19,GJ01,repeated,7,75,7,7
TRPKOC251219993c9251,2025-12-19,KL01,new,17,218,3,3
TRPSUR251219f531cba2,2025-12-19,GJ01,repeated,17,155,6,5
TRPVAD25121993fd59b6,2025-12-19,GJ02,new,15,138,7,6
TRPSUR251219fa0d9bae,2025-12-19,GJ01,repeated,10,99,6,8
TRPLUC2512193f3b299b,2025-12-19,UP01,repeated,12,134,6,5
TRPCHA2512193612b310,2025-12-19,CH01,new,32,314,7,8
TRPSUR25121982be0501,2025-12-19,GJ01,repeated,16,147,7,7
TRPKOC25121956fa6f7a,2025-12-19,KL01,repeated,17,218,9,8
TRPIND251219d13e91e6,2025-12-19,MP01,new,25,223,10,9
TRPSUR251219a9abb66e,2025-12-19,GJ01,repeated,8,83,6,7
TRPVAD2512194066b584,2025-12-19,GJ02,repeated,6,66,6,6
TRPIND251219e8f1b912,2025-12-19,MP01,repeated,25,223,9,6
TRPLUC251219868e90d5,2025-12-19,UP01,repeated,20,206,5,7
TRPCOI2512197834595f,2025-12-19,TN01,repeated,9,95,8,6
TRPVAD25121932fe9171,2025-12-19,GJ02,repeated,7,74,6,6
TRPJAI2512196759e172,2025-12-19,RJ01,new,36,469,8,9
TRPLUC251219bce9c1ee,2025-12-19,UP01,new,8,98,9,8
TRPCOI251219c8ccb8a8,2025-12-19,TN01,repeated,11,111,7,8
TRPIND251219e8016e1f,2025-12-19,MP01,repeated,12,119,7,6
TRPSUR251219c4ff8dbd,2025-12-19,GJ01,repeated,7,75,5,8
TRPVAD251219cdc4e190,2025-12-19,GJ02,repeated,10,98,6,5
TRPVAD251219d27a8d69,2025-12-19,GJ02,repeated,10,98,7,5
TRPJAI251219140bd22b,2025-12-19,RJ01,repeated,35,457,8,8
TRPKOC25121991df18a6,2025-12-19,KL01,repeated,16,207,9,8
TRPLUC251219f1d1b3da,2025-12-19,UP01,repeated,15,161,6,8
TRPSUR25121973e146b4,2025-12-19,GJ01,repeated,10,99,6,7
TRPLUC251219262a7b3c,2025-12-19,UP01,repeated,13,143,7,8
TRPCHA25121948069e76,2025-12-19,CH01,repeated,18,188,9,9
TRPLUC25121913080dea,2025-12-19,UP01,repeated,5,71,6,6
TRPJAI25121984ccd0ac,2025-12-19,RJ01,repeated,27,361,7,10
TRPSUR251219a84b4747,2025-12-19,GJ01,repeated,11,107,6,5
TRPCOI2512199e8da30d,2025-12-19,TN01,new,13,127,7,9
TRPVIS25121937d48aa8,2025-12-19,AP01,repeated,11,126,9,8
TRPLUC25121968b60a42,2025-12-19,UP01,repeated,7,89,5,8
TRPJAI251219a6beb41f,2025-12-19,RJ01,repeated,37,481,8,9
TRPIND251219ff5cdb5f,2025-12-19,MP01,repeated,16,151,7,6
TRPLUC251219b2931960,2025-12-19,UP01,repeated,15,161,5,5
TRPKOC2512190f870473,2025-12-19,KL01,new,13,174,8,9
TRPLUC251219265c985a,2025-12-19,UP01,repeated,10,116,5,6
TRPLUC2512199fc3e532,2025-12-19,UP01,repeated,5,71,5,8
TRPJAI251219d933fd98,2025-12-19,RJ01,repeated,40,517,9,9
TRPCOI2512198ed2468d,2025-12-19,TN01,new,20,183,10,8
TRPSUR251219e798b57f,2025-12-19,GJ01,repeated,9,91,5,5
TRPJAI2512190b6ecbb4,2025-12-19,RJ01,repeated,41,529,9,10
TRPJAI2512197c298d9c,2025-12-19,RJ01,new,34,445,10,8
TRPMYS251219522cea70,2025-12-19,KA01,new,18,215,8,10
TRPIND25121993e317a1,2025-12-19,MP01,repeated,11,111,8,8
TRPLUC251219c2972058,2025-12-19,UP01,repeated,5,71,7,5
TRPVAD251219a67c2ff5,2025-12-19,GJ02,repeated,5,58,5,6
TRPSUR251219591ca080,2025-12-19,GJ01,repeated,9,91,6,6
TRPSUR2512195b669f38,2025-12-19,GJ01,repeated,11,107,7,6
TRPVIS2512198f9d317b,2025-12-19,AP01,repeated,15,162,8,10
TRPJAI2512190fca0abd,2025-12-19,RJ01,repeated,36,469,7,10
TRPIND2512196e306c34,2025-12-19,MP01,repeated,25,223,7,7
TRPSUR25121950725d08,2025-12-19,GJ01,repeated,5,59,5,8
TRPSUR251219490f18f6,2025-12-19,GJ01,repeated,11,107,6,7
TRPLUC2512195b1d36e4,2025-12-19,UP01,repeated,13,143,6,6
TRPLUC2512198a7a0a3a,2025-12-19,UP01,repeated,14,152,7,6
TRPVIS251219bf80ba8c,2025-12-19,AP01,new,18,189,8,9
TRPIND25121903f96409,2025-12-19,MP01,repeated,21,191,6,8
TRPJAI251219f42302db,2025-12-19,RJ01,repeated,39,505,7,9
TRPVAD251219c2851523,2025-12-19,GJ02,repeated,13,122,6,7
TRPVAD25121992c8c899,2025-12-19,GJ02,repeated,8,82,7,5
TRPCHA251219bd44bfb8,2025-12-19,CH01,repeated,28,278,6,6
TRPJAI251219167d5b13,2025-12-19,RJ01,new,17,241,8,8
TRPKOC2512198de22d09,2025-12-19,KL01,new,19,240,10,9
TRPSUR251219024e0b24,2025-12-19,GJ01,repeated,16,147,5,6
TRPSUR2512194be81646,2025-12-19,GJ01,repeated,14,131,6,6
TRPVIS251219853db3cf,2025-12-19,AP01,new,14,153,9,9
TRPLUC251219970d2c6b,2025-12-19,UP01,repeated,12,134,5,6
TRPJAI25121905836511,2025-12-19,RJ01,repeated,18,253,7,10
TRPSUR25121986bc0c73,2025-12-19,GJ01,repeated,7,75,7,7
TRPVIS25121906531bfb,2025-12-19,AP01,repeated,32,315,8,9
TRPVAD2512196baac600,2025-12-19,GJ02,repeated,10,98,6,6
TRPIND2512198fbb2b62,2025-12-19,MP01,repeated,25,223,9,8
TRPVAD251219f08264ee,2025-12-19,GJ02,repeated,6,66,6,5
TRPVIS251219ce5736ae,2025-12-19,AP01,new,23,234,8,8
TRPLUC251219615b06c3,2025-12-19,UP01,repeated,19,197,7,7
TRPIND251219e5066c53,2025-12-19,MP01,new,9,95,7,7
TRPSUR251219d32e3b76,2025-12-19,GJ01,repeated,10,99,6,8
TRPJAI251219effd3a60,2025-12-19,RJ01,repeated,32,421,9,8
TRPJAI251219475979d8,2025-12-19,RJ01,new,29,385,8,9
TRPLUC251219463d5fb2,2025-12-19,UP01,new,11,125,7,7
TRPCOI2512191c09bb39,2025-12-19,TN01,repeated,10,103,8,6
TRPKOC251219180a0110,2025-12-19,KL01,repeated,11,152,8,10
TRPCOI25121999e2821a,2025-12-19,TN01,repeated,11,111,9,6
TRPSUR25121905f084ab,2025-12-19,GJ01,repeated,12,115,6,7
TRPSUR251219e7d27658,2025-12-19,GJ01,repeated,13,123,7,7
TRPLUC251219d94220b3,2025-12-19,UP01,repeated,12,134,5,6
TRPJAI251219ec057ced,2025-12-19,RJ01,new,41,529,8,8
TRPSUR2512195e813ff3,2025-12-19,GJ01,repeated,13,123,7,6
TRPKOC25121940d5d72b,2025-12-19,KL01,repeated,17,218,8,10
TRPLUC2512195e6aa349,2025-12-19,UP01,repeated,13,143,5,7
TRPCHA251219dda5ccad,2025-12-19,CH01,repeated,14,152,6,8
TRPVAD251219a20e85bd,2025-12-19,GJ02,repeated,8,82,5,7
TRPJAI2512193c1b5578,2025-12-19,RJ01,new,38,493,9,9
TRPVIS25121992f3e74d,2025-12-19,AP01,repeated,34,333,8,9
TRPKOC2512192edddc31,2025-12-19,KL01,new,13,174,9,10
TRPCHA25121989381a6c,2025-12-19,CH01,repeated,33,323,6,7
TRPJAI2512196e38d182,2025-12-19,RJ01,repeated,34,445,7,8
TRPLUC2512196318236c,2025-12-19,UP01,repeated,18,188,7,6
TRPLUC251219ddaf0e1a,2025-12-19,UP01,repeated,14,152,7,8
TRPSUR251219f4f1f063,2025-12-19,GJ01,repeated,8,83,7,6
TRPLUC2512195da87243,2025-12-19,UP01,repeated,13,143,6,8
TRPCHA251219c95fcdf9,2025-12-19,CH01,new,22,224,10,8
TRPSUR2512195a5fc6f5,2025-12-19,GJ01,repeated,8,83,5,8
TRPCHA251219e9ec66b1,2025-12-19,CH01,repeated,29,287,7,7
TRPLUC25121946eb106b,2025-12-19,UP01,repeated,15,161,5,5
TRPLUC25121950db09da,2025-12-19,UP01,new,16,170,7,7
TRPVAD2512195da364f0,2025-12-19,GJ02,new,15,138,9,8
TRPLUC251219a69e5640,2025-12-19,UP01,repeated,19,197,5,8
TRPKOC25121922984224,2025-12-19,KL01,repeated,35,416,9,10
TRPLUC25121967b33783,2025-12-19,UP01,repeated,14,152,6,7
TRPVIS2512194c8fde11,2025-12-19,AP01,new,30,297,9,10
TRPVIS251219deff9416,2025-12-19,AP01,repeated,23,234,8,8
TRPSUR251219091ec719,2025-12-19,GJ01,new,15,139,7,6
TRPVIS2512194d8c9376,2025-12-19,AP01,new,22,225,8,8
TRPLUC251219bd00593e,2025-12-19,UP01,new,19,197,7,8
TRPCHA25121973c738b0,2025-12-19,CH01,repeated,28,278,7,9
TRPKOC251219a2224412,2025-12-19,KL01,new,30,361,8,10
TRPJAI251219c4bde0c4,2025-12-19,RJ01,repeated,30,397,8,10
TRPVIS25121971c940e6,2025-12-19,AP01,new,24,243,10,8
TRPIND2512194a6826da,2025-12-19,MP01,repeated,8,87,6,9
TRPVAD2512194ea62304,2025-12-19,GJ02,repeated,13,122,6,7
TRPLUC251219c00d55a5,2025-12-19,UP01,repeated,5,71,6,7
TRPSUR251219393475d9,2025-12-19,GJ01,repeated,9,91,7,5
TRPSUR2512196c2328ac,2025-12-19,GJ01,repeated,15,139,5,7
TRPVAD2512191814fc1c,2025-12-19,GJ02,repeated,8,82,6,6
TRPJAI2512198e68c288,2025-12-19,RJ01,repeated,29,385,9,10
TRPJAI251219faa6bd98,2025-12-19,RJ01,repeated,25,337,9,8
TRPMYS251219522a7b7f,2025-12-19,KA01,repeated,8,115,9,10
TRPVIS2512198e71db18,2025-12-19,AP01,repeated,29,288,8,10
TRPJAI251219199e2a41,2025-12-19,RJ01,repeated,42,541,7,10
TRPKOC251219955dbf3c,2025-12-19,KL01,repeated,28,339,9,10
TRPVAD251219e7ab4ebf,2025-12-19,GJ02,repeated,9,90,5,5
TRPSUR2512199d64e2ab,2025-12-19,GJ01,repeated,11,107,5,8
TRPSUR251219e5c57656,2025-12-19,GJ01,repeated,15,139,5,8
TRPLUC251219031008eb,2025-12-19,UP01,repeated,17,179,7,7
TRPCHA251219200bf00c,2025-12-19,CH01,new,14,152,10,7
TRPCHA251219fd93d1e2,2025-12-19,CH01,repeated,14,152,6,9
TRPVAD251219d0cc5f21,2025-12-19,GJ02,new,16,146,9,7
TRPSUR2512196fec778e,2025-12-19,GJ01,repeated,16,147,7,8
TRPMYS251219870747f6,2025-12-19,KA01,new,9,125,8,10
TRPVIS251219a6794c0c,2025-12-19,AP01,new,27,270,9,8
TRPJAI251219d95da063,2025-12-19,RJ01,repeated,30,397,9,10
TRPSUR25121931ccf80e,2025-12-19,GJ01,repeated,15,139,6,7
TRPIND2512191fb6dc2f,2025-12-19,MP01,new,20,183,8,7
TRPKOC2512192afa2657,2025-12-19,KL01,new,14,185,9,8
TRPKOC2512191978dec2,2025-12-19,KL01,repeated,18,229,7,10
TRPSUR251219fc3f399b,2025-12-19,GJ01,repeated,11,107,7,6
TRPSUR251219a3eda4f1,2025-12-19,GJ01,repeated,11,107,6,5
TRPSUR25121983bd615c,2025-12-19,GJ01,new,8,83,7,7
TRPCHA25121980378d95,2025-12-19,CH01,new,15,161,8,8
TRPJAI251219f031c0a2,2025-12-19,RJ01,repeated,19,265,8,9
TRPIND251219d0baeb10,2025-12-19,MP01,repeated,8,87,6,8
TRPCHA251219b9c141db,2025-12-19,CH01,new,16,170,9,7
TRPLUC25121911175996,2025-12-19,UP01,repeated,10,116,6,8
TRPCOI251219ece50719,2025-12-19,TN01,repeated,13,127,7,6
TRPCOI251219aaecf91a,2025-12-19,TN01,repeated,21,191,7,7
TRPVAD251219b0e13ca0,2025-12-19,GJ02,repeated,7,74,6,5
TRPLUC2512196d443d23,2025-12-19,UP01,new,15,161,8,8
TRPVIS251219f30b355e,2025-12-19,AP01,repeated,19,198,7,10
TRPCOI25121925611025,2025-12-19,TN01,repeated,9,95,6,8
TRPKOC2512195c7c0d8a,2025-12-19,KL01,repeated,32,383,7,9
TRPLUC2512193f28e575,2025-12-19,UP01,repeated,13,143,7,7
TRPLUC251219b0d355dc,2025-12-19,UP01,repeated,8,98,5,5
TRPSUR25121931743c24,2025-12-19,GJ01,repeated,14,131,7,5
TRPKOC251219f9eee71d,2025-12-19,KL01,new,14,185,9,8
TRPLUC2512191f0c877b,2025-12-19,UP01,new,13,143,7,7
TRPJAI251219e74d2bc7,2025-12-19,RJ01,new,23,313,8,10
TRPCOI25121986a25ddd,2025-12-19,TN01,repeated,22,199,7,8
TRPIND2512192d31a136,2025-12-19,MP01,repeated,20,183,8,6
TRPJAI251219da01df74,2025-12-19,RJ01,new,44,565,9,10
TRPKOC251219348b1f75,2025-12-19,KL01,repeated,12,163,8,8
TRPVAD251219705a40c9,2025-12-19,GJ02,repeated,10,98,5,6
TRPIND2512199d721c32,2025-12-19,MP01,new,22,199,7,8
TRPVAD2512193cd290be,2025-12-19,GJ02,repeated,12,114,6,7
TRPLUC251219106776fe,2025-12-19,UP01,repeated,5,71,7,7
TRPSUR251219bc3cff54,2025-12-19,GJ01,repeated,5,59,7,7
TRPKOC2512193c5843b5,2025-12-19,KL01,new,22,273,9,10
TRPSUR251219eeabed2c,2025-12-19,GJ01,new,11,107,7,7
TRPKOC2512199d545bc1,2025-12-19,KL01,repeated,34,405,7,9
TRPKOC2512198ca1d58d,2025-12-19,KL01,new,28,339,8,10
TRPLUC2512199977efa4,2025-12-19,UP01,new,20,206,8,6
TRPSUR251219ce58b7b4,2025-12-19,GJ01,new,5,59,8,6
TRPCHA251219d5833571,2025-12-19,CH01,repeated,22,224,6,7
TRPLUC251219459e9234,2025-12-19,UP01,repeated,19,197,6,7
TRPLUC251219842b6ca7,2025-12-19,UP01,repeated,19,197,7,5
TRPSUR251219cc4e341e,2025-12-19,GJ01,new,12,115,8,6
TRPVIS2512198939bfb1,2025-12-19,AP01,new,23,234,8,8
TRPCOI251219f09b2281,2025-12-19,TN01,repeated,17,159,9,6
TRPJAI251219e679be62,2025-12-19,RJ01,repeated,16,229,7,10
TRPSUR251219c7fd9c61,2025-12-19,GJ01,repeated,13,123,5,5
TRPVIS25121931d76d7f,2025-12-19,AP01,repeated,18,189,9,9
TRPCOI2512194b799d3d,2025-12-19,TN01,repeated,12,119,9,9
TRPLUC251219517936fc,2025-12-19,UP01,repeated,15,161,5,7
TRPVAD2512191d5e0020,2025-12-19,GJ02,new,16,146,9,6
TRPIND25121975531dca,2025-12-19,MP01,repeated,13,127,8,9
TRPVIS251219831e48a1,2025-12-19,AP01,new,14,153,10,10
TRPVIS2512195339fd3e,2025-12-19,AP01,repeated,28,279,8,9
TRPLUC25121988f1187a,2025-12-19,UP01,repeated,10,116,5,7
TRPSUR251219506a6de0,2025-12-19,GJ01,new,8,83,9,8
TRPJAI2512195d30416b,2025-12-19,RJ01,new,33,433,8,9
TRPLUC251219bacc45f8,2025-12-19,UP01,repeated,6,80,6,6
TRPJAI2512192dfbf531,2025-12-19,RJ01,new,38,493,9,8
TRPCOI251219820b00d3,2025-12-19,TN01,repeated,12,119,8,9
TRPIND2512198982e7af,2025-12-19,MP01,repeated,19,175,7,7
TRPSUR251219f2839cee,2025-12-19,GJ01,repeated,13,123,7,5
TRPKOC25121982798944,2025-12-19,KL01,repeated,35,416,7,9
TRPIND2512194904890b,2025-12-19,MP01,repeated,16,151,6,9
TRPLUC251219952f4747,2025-12-19,UP01,repeated,14,152,5,6
TRPKOC251219f9da1d8e,2025-12-19,KL01,new,23,284,9,8
TRPSUR25121986ac655a,2025-12-19,GJ01,repeated,13,123,7,6
TRPVAD25121970dfd68b,2025-12-19,GJ02,new,12,114,8,7
TRPJAI251219dd3d7ca2,2025-12-19,RJ01,new,36,469,8,8
TRPJAI251219b54a6483,2025-12-19,RJ01,repeated,38,493,8,10
TRPKOC2512197895eccf,2025-12-19,KL01,new,23,284,10,8
TRPLUC251219cbc4bd6c,2025-12-19,UP01,repeated,7,89,7,5
TRPKOC2512195663a611,2025-12-19,KL01,new,25,306,8,10
TRPJAI251219dd1f78bb,2025-12-19,RJ01,repeated,18,253,8,9
TRPLUC251219bb13d68b,2025-12-19,UP01,repeated,5,71,5,7
TRPIND251219b42c1ee3,2025-12-19,MP01,repeated,15,143,7,6
TRPLUC2512199315461b,2025-12-19,UP01,repeated,6,80,5,7
TRPIND251219fccffaec,2025-12-19,MP01,repeated,20,183,8,6
TRPJAI2512199f7828d5,2025-12-19,RJ01,repeated,43,553,8,8
TRPVAD2512199c46be18,2025-12-19,GJ02,repeated,14,130,7,8
TRPSUR251219ddd9bab7,2025-12-19,GJ01,repeated,15,139,6,7
TRPVAD2512195ea14489,2025-12-19,GJ02,repeated,10,98,7,5
TRPCOI2512193671d034,2025-12-19,TN01,repeated,8,87,6,6
TRPLUC2512193a9d9d9f,2025-12-19,UP01,repeated,6,80,6,7
TRPSUR25121996c399b1,2025-12-19,GJ01,repeated,17,155,7,8
TRPJAI2512197b795076,2025-12-19,RJ01,repeated,43,553,7,10
TRPKOC251219b87d5f80,2025-12-19,KL01,new,31,372,10,9
TRPLUC251219b5c12e75,2025-12-19,UP01,new,10,116,9,7
TRPIND2512193e42cdc8,2025-12-19,MP01,repeated,24,215,9,8
TRPLUC251219a93174e8,2025-12-19,UP01,repeated,7,89,7,8
TRPCOI25121923b44ee2,2025-12-19,TN01,repeated,17,159,8,6
TRPKOC25121967976ee1,2025-12-19,KL01,repeated,13,174,7,9
TRPIND251219626c48dd,2025-12-19,MP01,repeated,20,183,6,7
TRPKOC25121933db7ab8,2025-12-19,KL01,new,14,185,8,8
TRPLUC251219685b2d69,2025-12-19,UP01,repeated,14,152,5,5
TRPSUR251219ec10a45e,2025-12-19,GJ01,repeated,11,107,6,5
TRPKOC251219cc31ac93,2025-12-19,KL01,new,16,207,8,9
TRPSUR25121956b653d8,2025-12-19,GJ01,repeated,6,67,6,6
TRPIND25121967673559,2025-12-19,MP01,repeated,11,111,9,7
TRPKOC25121956a11794,2025-12-19,KL01,new,16,207,8,8
TRPSUR251219869f1748,2025-12-19,GJ01,repeated,6,67,6,6
TRPLUC25121993ae8deb,2025-12-19,UP01,repeated,12,134,6,7
TRPKOC251219cb247406,2025-12-19,KL01,repeated,26,317,7,8
TRPVAD25121905d5b0b5,2025-12-19,GJ02,repeated,18,162,7,6
TRPJAI25121951c64a52,2025-12-19,RJ01,repeated,23,313,8,9
TRPCHA2512191e34c96b,2025-12-19,CH01,repeated,17,179,8,9
TRPCHA2512193079af17,2025-12-19,CH01,repeated,12,134,9,6
TRPLUC251219ebfee80f,2025-12-19,UP01,repeated,5,71,5,8
TRPSUR25121908fd0baf,2025-12-19,GJ01,repeated,17,155,6,7
TRPLUC2512196bfb0e22,2025-12-19,UP01,repeated,13,143,6,5
TRPKOC251219ed9163fd,2025-12-19,KL01,repeated,27,328,7,10
TRPCHA2512194e5d4db3,2025-12-19,CH01,new,13,143,10,8
TRPCHA25121900d0f50e,2025-12-19,CH01,repeated,17,179,6,9
TRPSUR251219b15f83c8,2025-12-19,GJ01,repeated,10,99,5,6
TRPJAI2512192e0231ca,2025-12-19,RJ01,repeated,41,529,9,8
TRPLUC251219f52642bb,2025-12-19,UP01,new,6,80,8,6
TRPJAI251219f97e4d43,2025-12-19,RJ01,repeated,23,313,9,10
TRPKOC251219f8a07ca4,2025-12-19,KL01,repeated,21,262,8,10
TRPLUC2512192ff5636b,2025-12-19,UP01,repeated,19,197,1,3
TRPVAD251219ec2951c0,2025-12-19,GJ02,repeated,16,146,7,7
TRPIND2512192132c567,2025-12-19,MP01,repeated,12,119,8,8
TRPKOC251219daa7a89b,2025-12-19,KL01,repeated,15,196,9,8
TRPVAD251219da7f2e71,2025-12-19,GJ02,repeated,14,130,6,6
TRPCHA2512196ef582ae,2025-12-19,CH01,repeated,21,215,8,8
TRPCOI25121914450299,2025-12-19,TN01,repeated,21,191,6,7
TRPIND2512195dea2ef7,2025-12-19,MP01,repeated,14,135,8,9
TRPJAI251219f5b9ddef,2025-12-19,RJ01,repeated,24,325,9,10
TRPLUC25121999d1c8b0,2025-12-19,UP01,repeated,14,152,7,7
TRPSUR251219e2747791,2025-12-19,GJ01,repeated,11,107,7,8
TRPSUR251219f598ce60,2025-12-19,GJ01,repeated,12,115,5,8
TRPLUC251219a79b3dfe,2025-12-19,UP01,repeated,5,71,5,8
TRPCOI251219d65d6e91,2025-12-19,TN01,repeated,18,167,6,8
TRPLUC2512192a0f306d,2025-12-19,UP01,repeated,19,197,6,5
TRPSUR251219a2dfaed2,2025-12-19,GJ01,repeated,17,155,7,7
TRPCHA25121954d1907b,2025-12-19,CH01,new,28,278,9,8
TRPSUR2512199aee0589,2025-12-19,GJ01,repeated,14,131,5,8
TRPVAD251219bfbb18ee,2025-12-19,GJ02,new,13,122,8,7
TRPSUR251219a1d8a31a,2025-12-19,GJ01,repeated,15,139,6,8
TRPKOC25121916f28591,2025-12-19,KL01,repeated,35,416,7,9
TRPKOC251219a99117ae,2025-12-19,KL01,repeated,37,438,8,10
TRPVAD251219b30f3ceb,2025-12-19,GJ02,repeated,8,82,7,6
TRPIND2512194f3907ae,2025-12-19,MP01,repeated,9,95,6,7
TRPCHA251219501bde03,2025-12-19,CH01,repeated,17,179,8,7
TRPSUR2512197efd016a,2025-12-19,GJ01,repeated,12,115,6,6
TRPCHA251219001b94df,2025-12-19,CH01,repeated,15,161,6,6
TRPJAI25121981960ff5,2025-12-19,RJ01,repeated,29,385,9,9
TRPVIS2512192662bf7a,2025-12-19,AP01,new,29,288,8,8
TRPLUC2512196dfb8bc1,2025-12-19,UP01,repeated,11,125,7,7
TRPVAD251219964181f2,2025-12-19,GJ02,repeated,5,58,7,7
TRPLUC2512193b7e4028,2025-12-19,UP01,new,12,134,9,8
TRPLUC2512198a758897,2025-12-19,UP01,repeated,16,170,7,7
TRPKOC25121994f17315,2025-12-19,KL01,new,34,405,10,9
TRPCHA2512191afab828,2025-12-19,CH01,repeated,14,152,6,7
TRPVAD25121967bd38d4,2025-12-19,GJ02,repeated,8,82,5,7
TRPVAD25121989f529b2,2025-12-19,GJ02,repeated,7,74,7,8
TRPKOC2512190b70bbfc,2025-12-19,KL01,repeated,18,229,9,8
TRPLUC2512198b966c8d,2025-12-19,UP01,repeated,15,161,5,5
TRPVIS251219365b274a,2025-12-19,AP01,repeated,31,306,7,9
TRPCHA2512192da8b280,2025-12-19,CH01,new,26,260,8,9
TRPSUR251219ecf41fe0,2025-12-19,GJ01,repeated,9,91,6,8
TRPIND25121926d901ad,2025-12-19,MP01,repeated,15,143,9,8
TRPCHA2512194b6143a2,2025-12-19,CH01,new,20,206,8,8
TRPLUC2512196498ff20,2025-12-19,UP01,repeated,15,161,7,5
TRPSUR251219dc73ec5f,2025-12-19,GJ01,new,6,67,9,8
TRPKOC25121963617dfd,2025-12-19,KL01,new,33,394,9,8
TRPJAI25121919948a6b,2025-12-19,RJ01,repeated,42,541,8,10
TRPVAD2512196ba99e2f,2025-12-19,GJ02,repeated,11,106,6,8
TRPCOI251219f87a3d1c,2025-12-19,TN01,repeated,17,159,8,9
