trip_id,date,city_id,passenger_type,distance_travelled(km),fare_amount,passenger_rating,driver_rating
TRPJAI250803860f4b6c,2025-08-03,RJ01,repeated,42,541,9,9
TRPLUC2508036bfb9f3a,2025-08-03,UP01,repeated,17,179,6,7
TRPCHA250803d47e69fa,2025-08-03,CH01,new,13,143,10,9
TRPKOC250803596f158b,2025-08-03,KL01,new,14,185,9,9
TRPIND250803a2005131,2025-08-03,MP01,new,12,119,8,9
TRPSUR250803bdd4970f,2025-08-03,GJ01,new,12,115,9,6
TRPVAD2508035e7e9847,2025-08-03,GJ02,new,11,106,7,7
TRPLUC250803c4295c52,2025-08-03,UP01,repeated,13,143,5,7
TRPCHA25080365601e1f,2025-08-03,CH01,repeated,22,224,9,6
TRPCHA250803d3b27fcf,2025-08-03,CH01,new,25,251,9,7
TRPMYS250803204b197d,2025-08-03,KA01,new,14,175,10,8
TRPKOC2508031bcd0229,2025-08-03,KL01,repeated,32,383,8,9
TRPJAI2508038b57fcb1,2025-08-03,RJ01,repeated,30,397,8,10
TRPIND2508037ec5f1e3,2025-08-03,MP01,new,13,127,9,9
TRPLUC2508032cb82d41,2025-08-03,UP01,repeated,5,71,6,8
TRPLUC25080375d7b0a3,2025-08-03,UP01,repeated,12,134,5,8
TRPIND250803afc859b7,2025-08-03,MP01,new,15,143,7,7
TRPLUC250803416f8bd8,2025-08-03,UP01,new,5,71,2,1
TRPCOI250803cdd5c3c4,2025-08-03,TN01,new,22,199,7,8
TRPKOC250803c03d16ba,2025-08-03,KL01,new,38,449,9,8
TRPVIS250803e9284550,2025-08-03,AP01,new,14,153,9,10
TRPVAD250803ac4bedf8,2025-08-03,GJ02,repeated,13,122,5,8
TRPLUC250803389bc65d,2025-08-03,UP01,repeated,6,80,6,6
TRPVIS2508035a35e860,2025-08-03,AP01,repeated,11,126,7,10
TRPCOI25080378d2f9ca,2025-08-03,TN01,new,15,143,10,8
TRPSUR250803388352fe,2025-08-03,GJ01,repeated,15,139,7,8
TRPJAI250803884a779a,2025-08-03,RJ01,repeated,45,577,9,9
TRPSUR250803c5f48174,2025-08-03,GJ01,repeated,16,147,6,6
TRPSUR250803b86cd47d,2025-08-03,GJ01,repeated,5,59,6,5
TRPLUC25080387acbeb9,2025-08-03,UP01,new,8,98,9,7
TRPSUR250803754ee155,2025-08-03,GJ01,new,5,59,7,8
TRPVIS250803ee3fa6f8,2025-08-03,AP01,new,23,234,9,8
TRPSUR2508036d5f0cbb,2025-08-03,GJ01,repeated,11,107,6,8
TRPLUC250803149b34e7,2025-08-03,UP01,repeated,17,179,5,5
TRPJAI2508030c15fd4e,2025-08-03,RJ01,new,42,541,8,8
TRPSUR250803ca18c858,2025-08-03,GJ01,repeated,8,83,5,6
TRPJAI2508038cfa0a41,2025-08-03,RJ01,new,19,265,8,8
TRPJAI250803bbef7ea7,2025-08-03,RJ01,repeated,33,433,7,8
TRPKOC250803265285ba,2025-08-03,KL01,repeated,25,306,7,8
TRPKOC250803af2fba23,2025-08-03,KL01,repeated,33,394,8,8
TRPJAI25080385a39edd,2025-08-03,RJ01,repeated,15,217,9,9
TRPVAD25080324edf3ee,2025-08-03,GJ02,repeated,14,130,6,6
TRPLUC2508033ec3dec9,2025-08-03,UP01,new,20,206,9,6
TRPCHA2508038677980c,2025-08-03,CH01,repeated,33,323,7,7
TRPJAI2508030a953f11,2025-08-03,RJ01,repeated,17,241,7,10
TRPIND250803a866ad42,2025-08-03,MP01,repeated,10,103,8,8
TRPIND250803ef86dd64,2025-08-03,MP01,repeated,14,135,9,6
TRPVIS2508039ef0bf30,2025-08-03,AP01,repeated,14,153,7,10
TRPVIS25080387d16bc6,2025-08-03,AP01,new,20,207,8,9
TRPIND250803e8074ecf,2025-08-03,MP01,repeated,23,207,8,7
TRPJAI250803aa266cca,2025-08-03,RJ01,repeated,38,493,8,10
TRPVIS250803ada446cb,2025-08-03,AP01,new,28,279,9,9
TRPJAI25080334059eb3,2025-08-03,RJ01,new,24,325,8,9
TRPJAI25080341208d99,2025-08-03,RJ01,new,35,457,9,10
TRPLUC250803a83b8828,2025-08-03,UP01,repeated,16,170,7,7
TRPJAI25080375cd5b9f,2025-08-03,RJ01,repeated,38,493,9,9
TRPCHA250803b8ab097b,2025-08-03,CH01,new,23,233,10,9
TRPJAI250803ee722ab1,2025-08-03,RJ01,new,20,277,10,10
TRPSUR25080392813134,2025-08-03,GJ01,repeated,11,107,6,5
TRPIND250803be8b9fc4,2025-08-03,MP01,repeated,14,135,8,6
TRPKOC250803af10c7d0,2025-08-03,KL01,new,11,152,10,10
TRPSUR2508033d7fea4e,2025-08-03,GJ01,repeated,11,107,6,7
TRPLUC250803e04b4c4d,2025-08-03,UP01,new,7,89,8,8
TRPVAD2508034b246bee,2025-08-03,GJ02,repeated,13,122,6,5
TRPCOI25080306dd6b58,2025-08-03,TN01,repeated,18,167,7,7
TRPIND25080369bc312a,2025-08-03,MP01,repeated,23,207,6,8
TRPMYS250803fccce984,2025-08-03,KA01,repeated,16,195,8,8
TRPIND250803567d8aa4,2025-08-03,MP01,repeated,21,191,9,8
TRPVIS250803ddbe3c3e,2025-08-03,AP01,repeated,20,207,7,10
TRPJAI2508038ca9e72d,2025-08-03,RJ01,new,39,505,10,10
TRPKOC2508034b336710,2025-08-03,KL01,new,22,273,10,10
TRPJAI2508036932884d,2025-08-03,RJ01,new,21,289,8,10
TRPCHA250803b48f4c52,2025-08-03,CH01,new,23,233,9,9
TRPLUC25080378e1b508,2025-08-03,UP01,repeated,12,134,7,5
TRPKOC25080393da7bbd,2025-08-03,KL01,new,23,284,8,9
TRPCOI250803cd18d951,2025-08-03,TN01,repeated,12,119,6,9
TRPLUC250803d6d60acf,2025-08-03,UP01,new,14,152,7,6
TRPVAD25080325192341,2025-08-03,GJ02,repeated,14,130,4,1
TRPCHA250803a5e3248e,2025-08-03,CH01,repeated,22,224,6,6
TRPCHA2508032ca9aac7,2025-08-03,CH01,new,29,287,9,8
TRPLUC25080363192616,2025-08-03,UP01,new,19,197,7,7
TRPIND25080371daac44,2025-08-03,MP01,new,13,127,8,7
TRPCHA25080304933779,2025-08-03,CH01,repeated,30,296,7,9
TRPCOI250803c6c4392d,2025-08-03,TN01,repeated,22,199,7,7
TRPLUC2508030599c6b9,2025-08-03,UP01,new,12,134,7,7
TRPLUC2508031560c34f,2025-08-03,UP01,new,19,197,7,6
TRPSUR2508035a2b14a8,2025-08-03,GJ01,repeated,11,107,7,8
TRPCHA250803219ffd11,2025-08-03,CH01,repeated,30,296,8,8
TRPSUR25080311a44bd2,2025-08-03,GJ01,repeated,16,147,6,8
TRPIND2508033844c0f0,2025-08-03,MP01,repeated,17,159,7,8
TRPLUC250803e9ed2615,2025-08-03,UP01,repeated,9,107,6,7
TRPJAI25080321d8a14f,2025-08-03,RJ01,new,20,277,10,8
TRPCOI250803cc91f2f9,2025-08-03,TN01,repeated,22,199,7,8
TRPSUR250803d45f1b98,2025-08-03,GJ01,repeated,11,107,5,5
TRPKOC2508038b6e3f96,2025-08-03,KL01,repeated,36,427,8,8
TRPSUR250803dd3b6efa,2025-08-03,GJ01,repeated,9,91,6,5
TRPJAI2508030aac2d6b,2025-08-03,RJ01,new,16,229,10,9
TRPLUC250803c1412961,2025-08-03,UP01,repeated,7,89,7,6
TRPSUR250803522c992e,2025-08-03,GJ01,repeated,16,147,5,5
TRPLUC2508032a329541,2025-08-03,UP01,repeated,11,125,5,8
TRPCOI250803ecdf3ea2,2025-08-03,TN01,new,22,199,8,7
TRPIND2508034489863b,2025-08-03,MP01,new,10,103,8,7
TRPSUR25080325959ec5,2025-08-03,GJ01,repeated,15,139,6,7
TRPSUR25080374bb6c7b,2025-08-03,GJ01,repeated,9,91,6,7
TRPCOI2508030565b84b,2025-08-03,TN01,repeated,18,167,6,9
TRPSUR2508030163ac4a,2025-08-03,GJ01,repeated,10,99,5,7
TRPJAI25080331d6f718,2025-08-03,RJ01,new,26,349,10,10
TRPSUR2508030a5438cf,2025-08-03,GJ01,repeated,12,115,6,7
TRPJAI2508038231cbef,2025-08-03,RJ01,new,40,517,10,8
TRPIND250803b9668db9,2025-08-03,MP01,new,11,111,7,8
TRPSUR250803e18161c6,2025-08-03,GJ01,repeated,17,155,5,6
TRPCOI2508030021e6bd,2025-08-03,TN01,repeated,12,119,6,6
TRPLUC250803df902d7a,2025-08-03,UP01,new,9,107,7,7
TRPJAI250803db705795,2025-08-03,RJ01,new,33,433,8,8
TRPCOI25080383fe597f,2025-08-03,TN01,new,11,111,9,7
TRPIND250803a78d4111,2025-08-03,MP01,repeated,10,103,6,9
TRPIND25080356047843,2025-08-03,MP01,new,10,103,7,7
TRPJAI25080330227efa,2025-08-03,RJ01,repeated,27,361,9,8
TRPJAI250803a465e201,2025-08-03,RJ01,new,32,421,9,8
TRPLUC250803b2f75cd7,2025-08-03,UP01,repeated,18,188,7,6
TRPSUR250803578ebb54,2025-08-03,GJ01,repeated,5,59,5,6
TRPLUC2508032b2c4554,2025-08-03,UP01,repeated,5,71,7,7
TRPVIS250803f3c22648,2025-08-03,AP01,repeated,27,270,9,9
TRPSUR250803bdb354fc,2025-08-03,GJ01,new,7,75,8,6
TRPJAI25080307622b63,2025-08-03,RJ01,new,23,313,10,10
TRPLUC25080331e43704,2025-08-03,UP01,repeated,19,197,7,8
TRPKOC250803764807d9,2025-08-03,KL01,new,32,383,10,9
TRPVIS2508038d47b605,2025-08-03,AP01,repeated,23,234,7,9
TRPIND250803a07891d2,2025-08-03,MP01,repeated,12,119,9,7
TRPLUC25080305be793d,2025-08-03,UP01,repeated,19,197,6,8
TRPSUR25080359e56ad6,2025-08-03,GJ01,repeated,11,107,6,8
TRPSUR250803814804e9,2025-08-03,GJ01,new,7,75,7,7
TRPLUC2508030fc956ca,2025-08-03,UP01,repeated,11,125,6,7
TRPKOC250803f64f65ee,2025-08-03,KL01,new,12,163,8,9
TRPCHA250803ac340ae5,2025-08-03,CH01,new,22,224,8,9
TRPSUR2508034a62c307,2025-08-03,GJ01,repeated,17,155,7,5
TRPJAI250803337a4105,2025-08-03,RJ01,repeated,21,289,7,10
TRPIND250803775f86d4,2025-08-03,MP01,repeated,18,167,8,9
TRPSUR25080327d07430,2025-08-03,GJ01,repeated,11,107,6,8
TRPKOC25080387c90c73,2025-08-03,KL01,new,38,449,10,9
TRPJAI250803c345f88c,2025-08-03,RJ01,repeated,26,349,7,10
TRPSUR250803c009659e,2025-08-03,GJ01,repeated,6,67,7,6
TRPLUC250803b6843d99,2025-08-03,UP01,repeated,12,134,6,7
TRPJAI2508035797ef39,2025-08-03,RJ01,new,40,517,9,10
TRPVIS250803a1aa245c,2025-08-03,AP01,new,20,207,8,10
TRPSUR250803bada477c,2025-08-03,GJ01,repeated,13,123,5,6
TRPCHA2508033c191e06,2025-08-03,CH01,new,21,215,8,7
TRPSUR2508034ed14581,2025-08-03,GJ01,repeated,10,99,7,5
TRPCOI250803a030be15,2025-08-03,TN01,repeated,9,95,9,7
TRPJAI250803c77d87f0,2025-08-03,RJ01,repeated,18,253,9,10
TRPSUR2508033bee84aa,2025-08-03,GJ01,repeated,15,139,6,5
TRPIND2508032a0e473f,2025-08-03,MP01,new,13,127,10,8
TRPSUR250803015f67c2,2025-08-03,GJ01,repeated,13,123,6,6
TRPJAI2508038a4d3987,2025-08-03,RJ01,new,44,565,8,8
TRPVAD25080313390f66,2025-08-03,GJ02,repeated,13,122,6,5
TRPJAI250803a827efae,2025-08-03,RJ01,new,20,277,9,10
TRPJAI250803460ceedf,2025-08-03,RJ01,repeated,43,553,9,9
TRPVIS25080353605c2b,2025-08-03,AP01,new,35,342,9,9
TRPLUC2508035f1eeac9,2025-08-03,UP01,repeated,16,170,5,7
TRPCHA250803dc2ca580,2025-08-03,CH01,new,13,143,8,8
TRPIND2508036ed7ce44,2025-08-03,MP01,new,14,135,8,8
TRPLUC250803a72a62bb,2025-08-03,UP01,repeated,5,71,6,6
TRPIND250803872fd7ac,2025-08-03,MP01,repeated,8,87,9,8
TRPJAI25080304d1a3bb,2025-08-03,RJ01,new,26,349,9,8
TRPCHA250803155e3ae9,2025-08-03,CH01,repeated,16,170,9,8
TRPLUC250803e7fd19b8,2025-08-03,UP01,repeated,15,161,6,5
TRPVIS250803468f30b5,2025-08-03,AP01,repeated,24,243,9,8
TRPKOC25080369727aeb,2025-08-03,KL01,repeated,36,427,9,8
TRPLUC250803df516c3d,2025-08-03,UP01,repeated,7,89,5,6
TRPLUC2508032b577654,2025-08-03,UP01,repeated,7,89,7,5
TRPSUR2508032c644d1c,2025-08-03,GJ01,repeated,13,123,6,5
TRPCHA25080304b30867,2025-08-03,CH01,new,13,143,9,9
TRPIND2508031b78d688,2025-08-03,MP01,repeated,20,183,7,9
TRPLUC25080357875d75,2025-08-03,UP01,repeated,5,71,7,8
TRPJAI25080322a28964,2025-08-03,RJ01,new,20,277,8,9
TRPKOC2508031eda465c,2025-08-03,KL01,repeated,28,339,8,10
TRPJAI250803273ec53f,2025-08-03,RJ01,new,27,361,9,8
TRPIND250803f05830e8,2025-08-03,MP01,repeated,18,167,6,6
TRPLUC250803d840d418,2025-08-03,UP01,repeated,10,116,5,8
TRPCOI2508036a2fce9f,2025-08-03,TN01,repeated,8,87,8,9
TRPJAI250803833ef31e,2025-08-03,RJ01,repeated,45,577,7,10
TRPVAD2508036b62956d,2025-08-03,GJ02,repeated,10,98,5,8
TRPIND250803dd69cf17,2025-08-03,MP01,repeated,14,135,9,7
TRPCOI2508033633ccd5,2025-08-03,TN01,repeated,12,119,7,7
TRPKOC2508039bb2f33b,2025-08-03,KL01,new,26,317,9,9
TRPCOI2508037e708e00,2025-08-03,TN01,new,18,167,10,8
TRPJAI2508039734a4c3,2025-08-03,RJ01,new,44,565,10,10
TRPIND2508037b6ec0bb,2025-08-03,MP01,repeated,14,135,6,7
TRPCHA250803828290e9,2025-08-03,CH01,new,32,314,7,8
TRPVIS250803ba614f58,2025-08-03,AP01,new,21,216,8,8
TRPLUC25080333d4e47f,2025-08-03,UP01,repeated,6,80,6,6
TRPCHA250803ef99c4f1,2025-08-03,CH01,repeated,33,323,7,6
TRPSUR250803d4932ae3,2025-08-03,GJ01,repeated,13,123,7,5
TRPVAD250803a8ef51ff,2025-08-03,GJ02,repeated,16,146,6,5
TRPVAD25080324c742a3,2025-08-03,GJ02,repeated,7,74,7,8
TRPJAI250803eb55957f,2025-08-03,RJ01,new,37,481,9,8
TRPVIS2508035e7c4ccd,2025-08-03,AP01,repeated,24,243,8,8
TRPCOI25080367e806c7,2025-08-03,TN01,repeated,20,183,8,6
TRPLUC250803316ae69b,2025-08-03,UP01,repeated,19,197,6,6
TRPKOC25080386b080c4,2025-08-03,KL01,repeated,22,273,9,9
TRPIND2508036daeffb2,2025-08-03,MP01,repeated,22,199,9,9
TRPIND2508035177745c,2025-08-03,MP01,new,12,119,7,8
TRPCHA250803c6a21800,2025-08-03,CH01,new,35,341,9,9
TRPJAI2508038423e4f0,2025-08-03,RJ01,repeated,37,481,9,8
TRPIND25080371b227f8,2025-08-03,MP01,repeated,15,143,8,7
TRPVAD250803b4873c01,2025-08-03,GJ02,repeated,9,90,7,5
TRPLUC250803f950ab65,2025-08-03,UP01,repeated,14,152,7,7
TRPLUC25080331011898,2025-08-03,UP01,repeated,10,116,6,7
TRPJAI25080331f517ae,2025-08-03,RJ01,repeated,21,289,7,9
TRPLUC2508032836d95e,2025-08-03,UP01,repeated,11,125,5,7
TRPIND250803ac36944d,2025-08-03,MP01,new,22,199,9,8
TRPLUC250803a7cb5c8f,2025-08-03,UP01,new,15,161,8,6
TRPJAI25080323c51265,2025-08-03,RJ01,repeated,18,253,8,8
TRPSUR250803cfb5df29,2025-08-03,GJ01,repeated,13,123,6,8
TRPJAI2508035fb5499d,2025-08-03,RJ01,repeated,41,529,8,9
TRPJAI250803ac56fbdb,2025-08-03,RJ01,repeated,19,265,7,10
TRPVAD250803f5a2eb99,2025-08-03,GJ02,repeated,14,130,6,8
TRPCOI25080348ef32ef,2025-08-03,TN01,new,10,103,8,9
TRPCHA25080390ebba6c,2025-08-03,CH01,new,17,179,8,7
TRPSUR25080319eadd72,2025-08-03,GJ01,repeated,17,155,7,5
TRPSUR2508038b1149e4,2025-08-03,GJ01,repeated,15,139,7,5
TRPVIS2508032d2b005d,2025-08-03,AP01,repeated,30,297,9,9
TRPJAI250803a5cfd31a,2025-08-03,RJ01,new,34,445,10,8
TRPLUC250803597a4d76,2025-08-03,UP01,repeated,8,98,7,6
TRPJAI250803e5ea1e7d,2025-08-03,RJ01,new,30,397,8,10
TRPCHA250803365202a7,2025-08-03,CH01,new,30,296,9,9
TRPLUC250803906533b0,2025-08-03,UP01,repeated,9,107,7,8
TRPJAI250803427fa42d,2025-08-03,RJ01,repeated,28,373,9,10
TRPSUR2508037f6a8b93,2025-08-03,GJ01,repeated,12,115,5,5
TRPJAI25080339f94277,2025-08-03,RJ01,new,44,565,8,10
TRPLUC2508030cc9e4e1,2025-08-03,UP01,repeated,16,170,6,7
TRPJAI2508034abdf2a1,2025-08-03,RJ01,repeated,29,385,9,9
TRPLUC250803f2d992c0,2025-08-03,UP01,repeated,19,197,5,8
TRPJAI25080322ec7e0a,2025-08-03,RJ01,new,40,517,10,9
TRPKOC25080339120156,2025-08-03,KL01,repeated,28,339,8,10
TRPLUC25080350a0bba3,2025-08-03,UP01,repeated,14,152,7,5
TRPVAD250803d2fb15dc,2025-08-03,GJ02,repeated,15,138,6,6
TRPKOC2508039c32a6b5,2025-08-03,KL01,new,35,416,10,8
TRPJAI2508035aa56c94,2025-08-03,RJ01,repeated,24,325,7,8
TRPJAI250803851bc976,2025-08-03,RJ01,new,20,277,8,9
TRPJAI25080323c5c70c,2025-08-03,RJ01,new,32,421,8,9
TRPKOC250803b1294c4c,2025-08-03,KL01,repeated,18,229,8,8
TRPLUC250803091071f1,2025-08-03,UP01,repeated,7,89,7,5
TRPCHA2508036c4f82d2,2025-08-03,CH01,repeated,14,152,7,9
TRPKOC2508030e33c8e4,2025-08-03,KL01,new,13,174,9,8
TRPLUC2508039953a14b,2025-08-03,UP01,new,9,107,8,8
TRPSUR25080301a57264,2025-08-03,GJ01,repeated,6,67,5,8
TRPSUR250803da343faa,2025-08-03,GJ01,repeated,13,123,5,5
TRPIND2508034fb72d62,2025-08-03,MP01,repeated,23,207,7,9
TRPKOC250803859e11a3,2025-08-03,KL01,new,23,284,9,8
TRPJAI250803de402f7d,2025-08-03,RJ01,new,16,229,9,10
TRPJAI250803a325cbcb,2025-08-03,RJ01,repeated,38,493,9,9
TRPSUR2508032b107b25,2025-08-03,GJ01,repeated,12,115,7,5
TRPVIS250803b63696f4,2025-08-03,AP01,repeated,10,117,7,8
TRPIND250803597ec333,2025-08-03,MP01,repeated,10,103,9,6
TRPJAI2508039897e927,2025-08-03,RJ01,repeated,25,337,9,9
TRPIND25080329d75b5b,2025-08-03,MP01,new,21,191,8,7
TRPSUR25080342229b9b,2025-08-03,GJ01,repeated,11,107,5,8
TRPLUC250803c11db553,2025-08-03,UP01,repeated,12,134,5,7
TRPJAI250803005b32c8,2025-08-03,RJ01,new,29,385,10,10
TRPSUR25080396dbf7bc,2025-08-03,GJ01,repeated,10,99,7,7
TRPIND2508036e1eefc0,2025-08-03,MP01,repeated,21,191,6,7
TRPVAD250803861b47ce,2025-08-03,GJ02,new,9,90,9,8
TRPJAI250803a30692fb,2025-08-03,RJ01,repeated,32,421,9,9
TRPIND2508032b0d79d0,2025-08-03,MP01,repeated,23,207,6,8
TRPLUC250803addb47dd,2025-08-03,UP01,repeated,6,80,7,6
TRPCHA2508036256de18,2025-08-03,CH01,new,26,260,10,8
TRPLUC2508038d07d8d5,2025-08-03,UP01,repeated,19,197,7,6
TRPJAI250803609c88f5,2025-08-03,RJ01,repeated,30,397,8,10
TRPLUC2508037ed7d7e0,2025-08-03,UP01,repeated,6,80,5,7
TRPLUC250803d7ae2066,2025-08-03,UP01,repeated,20,206,7,5
TRPLUC250803f3d279e5,2025-08-03,UP01,repeated,17,179,6,6
TRPCHA2508037c653464,2025-08-03,CH01,repeated,16,170,8,6
TRPSUR250803132b5a39,2025-08-03,GJ01,repeated,14,131,6,6
TRPJAI25080348f2ed2e,2025-08-03,RJ01,new,16,229,9,9
TRPCOI250803cc72d577,2025-08-03,TN01,repeated,16,151,8,9
TRPJAI250803ea599671,2025-08-03,RJ01,repeated,40,517,8,10
TRPLUC250803d72fc604,2025-08-03,UP01,new,7,89,7,7
TRPVAD2508030df8edbc,2025-08-03,GJ02,repeated,12,114,6,7
TRPJAI2508031e73e5f9,2025-08-03,RJ01,new,29,385,10,10
TRPLUC25080369a0a266,2025-08-03,UP01,new,19,197,9,6
TRPSUR25080353bc1e03,2025-08-03,GJ01,repeated,5,59,5,8
TRPVAD25080356dfee44,2025-08-03,GJ02,new,17,154,9,8
TRPLUC250803c7abee2a,2025-08-03,UP01,repeated,12,134,5,5
TRPJAI2508034a4e59a1,2025-08-03,RJ01,repeated,29,385,8,9
TRPLUC2508031b5526dd,2025-08-03,UP01,new,20,206,9,8
TRPLUC250803b5a10d9e,2025-08-03,UP01,repeated,18,188,5,8
TRPCOI250803c0af3166,2025-08-03,TN01,repeated,8,87,8,7
TRPVIS2508038a151ce7,2025-08-03,AP01,repeated,35,342,9,9
TRPKOC250803a4c07df5,2025-08-03,KL01,repeated,10,141,9,10
TRPKOC250803f3f14c82,2025-08-03,KL01,new,30,361,10,9
TRPCOI25080350c65b93,2025-08-03,TN01,new,9,95,9,8
TRPLUC2508034aa158dc,2025-08-03,UP01,repeated,16,170,6,8
TRPVAD250803e957e03e,2025-08-03,GJ02,repeated,10,98,5,6
TRPVIS250803cf9ae905,2025-08-03,AP01,repeated,17,180,7,8
TRPSUR250803a72e6a64,2025-08-03,GJ01,repeated,15,139,7,7
TRPVAD250803ed46aaaa,2025-08-03,GJ02,new,10,98,7,6
TRPLUC2508039af12fa5,2025-08-03,UP01,repeated,12,134,7,7
TRPCOI250803270a7765,2025-08-03,TN01,repeated,15,143,8,8
TRPCHA250803c01e177d,2025-08-03,CH01,new,14,152,8,8
TRPLUC250803fadffc9c,2025-08-03,UP01,repeated,18,188,5,8
TRPLUC2508031f8627e9,2025-08-03,UP01,repeated,8,98,6,8
TRPSUR250803fc028afc,2025-08-03,GJ01,repeated,5,59,5,5
TRPLUC250803c4819e76,2025-08-03,UP01,repeated,17,179,6,8
TRPKOC250803c79e26d4,2025-08-03,KL01,new,35,416,8,10
TRPLUC250803a23d76ae,2025-08-03,UP01,repeated,19,197,5,8
TRPCHA25080378e3a43f,2025-08-03,CH01,new,22,224,9,8
TRPJAI2508038c484237,2025-08-03,RJ01,new,33,433,9,10
TRPLUC250803e32483c4,2025-08-03,UP01,repeated,8,98,6,5
TRPCHA250803615a04e7,2025-08-03,CH01,new,25,251,10,9
TRPIND250803a03a89c9,2025-08-03,MP01,new,9,95,8,7
TRPJAI2508030f0606ef,2025-08-03,RJ01,new,23,313,8,9
TRPSUR250803d0a741a4,2025-08-03,GJ01,new,12,115,7,8
TRPIND2508034efa0785,2025-08-03,MP01,repeated,8,87,8,7
TRPSUR25080358049a64,2025-08-03,GJ01,repeated,16,147,5,5
TRPLUC2508038e1388ea,2025-08-03,UP01,repeated,14,152,7,6
TRPSUR250803e6b705da,2025-08-03,GJ01,repeated,14,131,5,7
TRPCHA250803ba4fc625,2025-08-03,CH01,repeated,35,341,8,9
TRPVAD250803c475a9d8,2025-08-03,GJ02,new,12,114,8,7
TRPVAD2508030284420a,2025-08-03,GJ02,repeated,5,58,6,5
TRPSUR250803bf37600f,2025-08-03,GJ01,new,12,115,7,8
TRPSUR2508030a4f3cdd,2025-08-03,GJ01,repeated,17,155,6,5
TRPCOI250803484fbc0c,2025-08-03,TN01,repeated,17,159,8,9
TRPSUR250803f7934000,2025-08-03,GJ01,new,16,147,9,7
TRPVAD2508032eacf86a,2025-08-03,GJ02,new,16,146,9,8
TRPCOI25080395e6301a,2025-08-03,TN01,repeated,10,103,6,9
TRPLUC250803dc8ac63c,2025-08-03,UP01,new,14,152,8,7
TRPJAI25080376e865b4,2025-08-03,RJ01,new,44,565,10,9
TRPCOI25080383a206e5,2025-08-03,TN01,repeated,16,151,9,8
TRPSUR2508030ad0ae7f,2025-08-03,GJ01,repeated,7,75,5,6
TRPVAD250803d2507488,2025-08-03,GJ02,new,16,146,8,8
TRPVAD2508033b6fbe34,2025-08-03,GJ02,repeated,8,82,5,6
TRPVIS250803c4e94358,2025-08-03,AP01,repeated,31,306,9,10
TRPKOC2508035afd1713,2025-08-03,KL01,new,37,438,8,10
TRPKOC250803e7f00d14,2025-08-03,KL01,new,18,229,8,10
TRPLUC250803450bde42,2025-08-03,UP01,repeated,10,116,7,7
TRPJAI250803ea9eb775,2025-08-03,RJ01,new,29,385,8,9
TRPJAI25080376d12d86,2025-08-03,RJ01,repeated,23,313,9,8
TRPSUR250803e6032a8a,2025-08-03,GJ01,repeated,9,91,7,6
TRPCHA2508035cd76712,2025-08-03,CH01,new,33,323,7,7
TRPJAI25080359bc30cd,2025-08-03,RJ01,new,42,541,10,10
TRPLUC25080355894d85,2025-08-03,UP01,repeated,19,197,7,5
TRPIND2508032776c4df,2025-08-03,MP01,repeated,10,103,7,8
TRPVAD25080374e3564b,2025-08-03,GJ02,repeated,17,154,7,6
TRPVAD25080315ad8067,2025-08-03,GJ02,new,11,106,9,6
TRPLUC2508037ca9413e,2025-08-03,UP01,repeated,11,125,7,8
TRPCOI250803dc6526bc,2025-08-03,TN01,repeated,16,151,7,9
TRPMYS250803426b6311,2025-08-03,KA01,new,17,205,9,10
TRPVAD250803c0cb5616,2025-08-03,GJ02,repeated,14,130,6,8
TRPSUR25080329832708,2025-08-03,GJ01,repeated,15,139,5,8
TRPJAI250803449ba067,2025-08-03,RJ01,new,25,337,8,10
TRPSUR250803bf90fc3a,2025-08-03,GJ01,repeated,16,147,6,8
TRPLUC2508037d521cb2,2025-08-03,UP01,new,8,98,9,6
TRPLUC25080387817cdf,2025-08-03,UP01,repeated,12,134,6,7
TRPSUR2508039cccb693,2025-08-03,GJ01,repeated,7,75,5,7
TRPJAI250803a1b1e3cb,2025-08-03,RJ01,new,36,469,9,8
TRPVIS250803a1d0263f,2025-08-03,AP01,repeated,35,342,9,9
TRPJAI250803d24da127,2025-08-03,RJ01,repeated,45,577,9,9
TRPLUC25080334a0818f,2025-08-03,UP01,repeated,16,170,5,6
TRPVAD2508038ae86704,2025-08-03,GJ02,repeated,16,146,6,5
TRPCOI2508034d1d5de5,2025-08-03,TN01,repeated,11,111,8,9
TRPKOC250803a8129b21,2025-08-03,KL01,new,26,317,10,8
TRPVIS250803f7370608,2025-08-03,AP01,new,18,189,8,9
TRPLUC2508033eaaa435,2025-08-03,UP01,repeated,6,80,7,5
TRPLUC250803f6ce2f43,2025-08-03,UP01,repeated,19,197,7,7
TRPCOI250803250c3835,2025-08-03,TN01,new,17,159,8,8
TRPIND25080326c498e9,2025-08-03,MP01,repeated,21,191,6,9
TRPCHA250803b40cd575,2025-08-03,CH01,repeated,18,188,7,7
TRPKOC2508039c7bc23f,2025-08-03,KL01,repeated,29,350,7,9
TRPCHA2508039d04d9fe,2025-08-03,CH01,new,12,134,7,8
TRPJAI250803fa8e8b2d,2025-08-03,RJ01,new,23,313,8,9
TRPSUR250803338dc45a,2025-08-03,GJ01,new,16,147,9,7
TRPJAI25080362c7776f,2025-08-03,RJ01,repeated,20,277,8,9
TRPVIS2508031f47c034,2025-08-03,AP01,new,30,297,10,8
TRPLUC25080368f47f4d,2025-08-03,UP01,new,19,197,8,6
TRPLUC250803ade87bca,2025-08-03,UP01,repeated,11,125,7,7
TRPLUC250803296f35c5,2025-08-03,UP01,repeated,8,98,5,8
TRPMYS2508033e19bd76,2025-08-03,KA01,new,10,135,8,10
TRPSUR25080331578683,2025-08-03,GJ01,repeated,15,139,5,5
TRPMYS2508032c29177d,2025-08-03,KA01,new,20,235,8,9
TRPKOC2508039e650374,2025-08-03,KL01,new,36,427,8,10
TRPIND2508033f23d2b3,2025-08-03,MP01,repeated,14,135,7,9
TRPLUC25080328606125,2025-08-03,UP01,repeated,12,134,5,7
TRPIND250803250b5181,2025-08-03,MP01,repeated,8,87,8,6
TRPKOC250803934767f3,2025-08-03,KL01,new,20,251,10,8
TRPIND250803035bb56d,2025-08-03,MP01,repeated,11,111,6,9
TRPCHA250803e276aa51,2025-08-03,CH01,repeated,28,278,8,7
TRPLUC25080365e079f6,2025-08-03,UP01,repeated,16,170,6,8
TRPIND250803e126a424,2025-08-03,MP01,repeated,18,167,9,8
TRPJAI2508031b40f59b,2025-08-03,RJ01,repeated,20,277,9,9
TRPLUC2508039edfba73,2025-08-03,UP01,new,20,206,8,8
TRPIND2508030236ac83,2025-08-03,MP01,repeated,25,223,9,8
TRPVAD250803dd55d131,2025-08-03,GJ02,repeated,15,138,5,5
TRPJAI250803d8b3b544,2025-08-03,RJ01,new,20,277,9,10
TRPJAI2508037ef2ffc4,2025-08-03,RJ01,repeated,16,229,8,10
TRPKOC2508038db70da2,2025-08-03,KL01,new,17,218,10,10
TRPSUR250803822d7306,2025-08-03,GJ01,repeated,11,107,7,8
TRPCHA250803e251286d,2025-08-03,CH01,new,21,215,10,8
TRPLUC250803b8dc2ec7,2025-08-03,UP01,new,15,161,9,7
TRPJAI250803a7c85f4f,2025-08-03,RJ01,new,43,553,8,9
TRPCHA2508035ae1e187,2025-08-03,CH01,new,26,260,7,7
TRPJAI25080311f3b64e,2025-08-03,RJ01,repeated,27,361,7,8
TRPKOC250803a5c98027,2025-08-03,KL01,new,24,295,10,9
TRPCOI25080342313fee,2025-08-03,TN01,new,17,159,9,9
TRPVAD25080390f4fe7d,2025-08-03,GJ02,repeated,11,106,5,8
TRPLUC25080361715fb6,2025-08-03,UP01,repeated,14,152,5,7
TRPSUR2508033d4b90cf,2025-08-03,GJ01,new,5,59,9,7
TRPSUR250803de2662ad,2025-08-03,GJ01,repeated,10,99,6,8
TRPVIS2508033979b2b7,2025-08-03,AP01,new,15,162,9,10
TRPCOI25080301712dee,2025-08-03,TN01,repeated,11,111,7,6
TRPJAI250803a3f4001c,2025-08-03,RJ01,new,15,217,8,9
TRPCOI2508030202863c,2025-08-03,TN01,repeated,8,87,7,9
TRPKOC25080336825884,2025-08-03,KL01,repeated,36,427,9,10
TRPLUC250803210e0294,2025-08-03,UP01,new,18,188,9,7
TRPCHA2508030fb95182,2025-08-03,CH01,repeated,20,206,9,8
TRPSUR2508035f12d96b,2025-08-03,GJ01,repeated,8,83,6,6
TRPLUC2508037319d398,2025-08-03,UP01,new,16,170,7,7
TRPLUC2508033fb2b430,2025-08-03,UP01,repeated,9,107,7,8
TRPVAD250803ddfa8e66,2025-08-03,GJ02,repeated,15,138,5,6
TRPSUR2508035a310559,2025-08-03,GJ01,repeated,12,115,7,6
TRPLUC2508034846a866,2025-08-03,UP01,repeated,8,98,6,6
TRPJAI25080397f79915,2025-08-03,RJ01,new,35,457,9,9
TRPJAI2508037a086471,2025-08-03,RJ01,repeated,15,217,9,10
TRPJAI2508034b5a9b08,2025-08-03,RJ01,new,22,301,10,9
TRPVAD250803212635b8,2025-08-03,GJ02,repeated,14,130,5,7
TRPCHA250803726334e7,2025-08-03,CH01,repeated,34,332,8,9
TRPIND2508038ef7c59a,2025-08-03,MP01,new,24,215,10,9
TRPJAI2508035d627de8,2025-08-03,RJ01,repeated,27,361,8,9
TRPVAD250803f8a10154,2025-08-03,GJ02,new,7,74,7,7
TRPLUC25080317699510,2025-08-03,UP01,repeated,6,80,6,6
TRPJAI250803607feeca,2025-08-03,RJ01,new,30,397,10,8
TRPMYS250803c629b618,2025-08-03,KA01,repeated,13,165,7,9
TRPMYS2508037062de3c,2025-08-03,KA01,new,13,165,9,9
TRPJAI2508031e7ce69c,2025-08-03,RJ01,repeated,42,541,8,9
TRPCHA250803bedad6ee,2025-08-03,CH01,new,33,323,8,9
TRPKOC250803854a1317,2025-08-03,KL01,repeated,19,240,8,9
TRPLUC25080351f14563,2025-08-03,UP01,repeated,18,188,6,5
TRPJAI250803fc1ab4bc,2025-08-03,RJ01,new,31,409,10,10
TRPLUC25080338e2b6bc,2025-08-03,UP01,repeated,10,116,7,5
TRPKOC250803486d4720,2025-08-03,KL01,new,26,317,9,10
TRPCOI250803ce1f4df6,2025-08-03,TN01,repeated,17,159,7,7
TRPLUC250803001c604a,2025-08-03,UP01,repeated,15,161,5,6
TRPCHA250803ffd7fc13,2025-08-03,CH01,repeated,31,305,9,6
TRPSUR250803971ef0bf,2025-08-03,GJ01,new,10,99,9,6
TRPSUR2508035a1d6fbc,2025-08-03,GJ01,repeated,14,131,5,6
TRPSUR250803faa47886,2025-08-03,GJ01,repeated,16,147,7,7
TRPSUR2508036247280f,2025-08-03,GJ01,repeated,16,147,5,7
TRPIND2508032b154c73,2025-08-03,MP01,repeated,22,199,8,8
TRPIND250803febf5ac6,2025-08-03,MP01,repeated,13,127,9,8
TRPLUC250803ad0b42ad,2025-08-03,UP01,new,18,188,7,6
TRPLUC2508038c044e8d,2025-08-03,UP01,repeated,9,107,7,6
TRPKOC250803b0185bad,2025-08-03,KL01,repeated,17,218,9,8
TRPJAI250803fa6b9e3a,2025-08-03,RJ01,repeated,21,289,7,8
TRPJAI250803d8567457,2025-08-03,RJ01,new,18,253,10,9
TRPLUC250803039539f0,2025-08-03,UP01,repeated,16,170,5,8
TRPLUC250803d2772a67,2025-08-03,UP01,new,20,206,7,6
TRPCOI250803e643dc9e,2025-08-03,TN01,repeated,11,111,9,8
TRPJAI250803f80919cb,2025-08-03,RJ01,repeated,15,217,9,8
TRPLUC250803071b36e3,2025-08-03,UP01,repeated,17,179,6,8
TRPLUC250803935b1dab,2025-08-03,UP01,repeated,9,107,5,7
TRPLUC250803e0fe772d,2025-08-03,UP01,repeated,14,152,6,7
TRPCOI25080303d33b76,2025-08-03,TN01,repeated,12,119,7,9
TRPSUR250803a58856eb,2025-08-03,GJ01,repeated,7,75,5,5
TRPJAI2508033f8c22c9,2025-08-03,RJ01,new,40,517,9,9
TRPVAD2508031446a1f0,2025-08-03,GJ02,new,15,138,7,8
TRPJAI250803ac30e7ba,2025-08-03,RJ01,repeated,20,277,9,10
TRPLUC250803d2133765,2025-08-03,UP01,repeated,6,80,7,5
TRPJAI2508030bce23fd,2025-08-03,RJ01,new,37,481,8,8
TRPJAI250803ec63e783,2025-08-03,RJ01,new,16,229,8,8
TRPVAD25080394fdd801,2025-08-03,GJ02,repeated,13,122,7,5
TRPJAI2508038e63b1e5,2025-08-03,RJ01,new,29,385,9,9
TRPVIS25080355bf9f22,2025-08-03,AP01,repeated,32,315,8,10
TRPJAI25080333efa5d2,2025-08-03,RJ01,new,27,361,10,9
TRPLUC25080344e1cb91,2025-08-03,UP01,repeated,5,71,7,5
TRPVAD250803fd1a7146,2025-08-03,GJ02,repeated,10,98,5,5
TRPCHA2508035eb5b2af,2025-08-03,CH01,repeated,20,206,8,6
TRPLUC250803893ea3dd,2025-08-03,UP01,repeated,14,152,6,6
TRPJAI250803c6f5056b,2025-08-03,RJ01,repeated,29,385,8,9
TRPVIS250803541457f3,2025-08-03,AP01,new,22,225,10,8
TRPCOI2508032c35c380,2025-08-03,TN01,repeated,11,111,6,6
TRPIND25080328b12a64,2025-08-03,MP01,repeated,25,223,9,7
TRPLUC2508034d538df1,2025-08-03,UP01,new,10,116,8,6
TRPJAI25080385b5ffbb,2025-08-03,RJ01,new,25,337,10,8
TRPKOC250803f313a9fb,2025-08-03,KL01,repeated,33,394,7,8
TRPVIS250803b9075348,2025-08-03,AP01,repeated,14,153,9,10
TRPJAI250803c88114e2,2025-08-03,RJ01,repeated,19,265,7,8
TRPIND25080317f35910,2025-08-03,MP01,new,15,143,7,7
TRPVAD2508036ea5657e,2025-08-03,GJ02,repeated,7,74,7,5
TRPJAI25080375e90a77,2025-08-03,RJ01,new,35,457,10,9
TRPVIS250803ba4be52e,2025-08-03,AP01,new,12,135,10,8
TRPIND250803a38e34fd,2025-08-03,MP01,repeated,18,167,6,6
TRPCHA25080368f2376a,2025-08-03,CH01,repeated,21,215,7,8
TRPJAI25080355df4786,2025-08-03,RJ01,new,45,577,8,10
TRPJAI250803b5b7495a,2025-08-03,RJ01,repeated,29,385,8,8
TRPSUR250803738bb47c,2025-08-03,GJ01,repeated,16,147,5,6
TRPLUC250803d3af88b6,2025-08-03,UP01,repeated,17,179,7,8
TRPVAD2508036aecf39a,2025-08-03,GJ02,repeated,8,82,5,5
TRPCHA250803fa0735df,2025-08-03,CH01,new,33,323,4,4
TRPIND250803f65f447a,2025-08-03,MP01,repeated,19,175,6,9
TRPIND250803849cd590,2025-08-03,MP01,new,25,223,7,9
TRPKOC250803ba64addf,2025-08-03,KL01,new,29,350,8,10
TRPLUC2508032746baec,2025-08-03,UP01,new,17,179,9,7
TRPLUC25080372481056,2025-08-03,UP01,new,20,206,7,6
TRPKOC25080348bf7e19,2025-08-03,KL01,new,17,218,8,9
TRPVAD2508032021aba4,2025-08-03,GJ02,repeated,15,138,6,5
TRPCHA250803885fe20d,2025-08-03,CH01,repeated,33,323,7,8
TRPVIS250803c7e320dc,2025-08-03,AP01,repeated,26,261,8,10
TRPLUC2508035901be26,2025-08-03,UP01,repeated,20,206,6,5
TRPCOI2508039b99d6a0,2025-08-03,TN01,repeated,17,159,7,6
TRPIND25080368d17b52,2025-08-03,MP01,new,25,223,8,7
TRPJAI2508032303f43c,2025-08-03,RJ01,new,44,565,10,10
TRPCHA250803d4e90210,2025-08-03,CH01,repeated,33,323,7,8
TRPLUC250803d9882c6e,2025-08-03,UP01,repeated,13,143,7,8
TRPKOC250803d9b7dd3f,2025-08-03,KL01,repeated,20,251,7,8
TRPLUC25080355d1ca18,2025-08-03,UP01,repeated,5,71,5,6
TRPLUC2508032d82aa64,2025-08-03,UP01,repeated,19,197,6,8
TRPKOC2508032f61bb8c,2025-08-03,KL01,repeated,36,427,9,8
TRPCHA250803924764a5,2025-08-03,CH01,new,28,278,10,7
TRPVAD250803ef6bc21b,2025-08-03,GJ02,new,9,90,9,8
TRPKOC25080333fa4498,2025-08-03,KL01,repeated,24,295,7,10
TRPCHA250803c8848811,2025-08-03,CH01,new,19,197,10,7
TRPLUC25080394678b05,2025-08-03,UP01,new,11,125,9,6
TRPLUC250803ef770fc9,2025-08-03,UP01,repeated,17,179,5,8
TRPSUR25080327c5f560,2025-08-03,GJ01,new,6,67,7,6
TRPCHA2508034ac4dd85,2025-08-03,CH01,repeated,15,161,7,8
TRPLUC250803abbc5c58,2025-08-03,UP01,repeated,19,197,6,6
TRPLUC250803396b4f11,2025-08-03,UP01,repeated,19,197,6,8
TRPSUR2508039d7ff655,2025-08-03,GJ01,repeated,12,115,6,6
TRPSUR25080381d2f832,2025-08-03,GJ01,repeated,10,99,5,8
TRPCHA250803de2033d8,2025-08-03,CH01,new,17,179,9,8
TRPLUC2508038b77cfa6,2025-08-03,UP01,repeated,18,188,6,6
TRPJAI250803bedd131d,2025-08-03,RJ01,repeated,15,217,9,8
TRPJAI2508032824cb18,2025-08-03,RJ01,new,22,301,10,9
TRPSUR250803bd6709f8,2025-08-03,GJ01,repeated,15,139,7,5
TRPIND25080300db88af,2025-08-03,MP01,repeated,10,103,6,6
TRPCOI250803b242dbd9,2025-08-03,TN01,repeated,13,127,9,6
TRPCOI250803837e8dad,2025-08-03,TN01,new,10,103,8,7
TRPIND2508033f84f696,2025-08-03,MP01,repeated,13,127,9,8
TRPVAD250803a07aa1ef,2025-08-03,GJ02,repeated,18,162,7,5
TRPJAI25080362ee7489,2025-08-03,RJ01,new,16,229,10,10
TRPCHA2508038d2800a3,2025-08-03,CH01,repeated,32,314,8,7
TRPJAI250803cf77abfa,2025-08-03,RJ01,new,17,241,9,8
TRPKOC250803c3ce22a9,2025-08-03,KL01,repeated,15,196,7,9
TRPJAI25080363aef89b,2025-08-03,RJ01,repeated,25,337,9,9
TRPVAD250803db5c0461,2025-08-03,GJ02,repeated,15,138,5,7
TRPVIS250803e8cfd223,2025-08-03,AP01,repeated,11,126,9,9
TRPJAI25080304db2ade,2025-08-03,RJ01,repeated,25,337,9,9
TRPCHA250803944b3a31,2025-08-03,CH01,new,21,215,8,8
TRPJAI2508035d9ead88,2025-08-03,RJ01,new,38,493,10,10
TRPLUC250803c12d7c95,2025-08-03,UP01,repeated,5,71,6,5
TRPJAI250803379d2c71,2025-08-03,RJ01,new,31,409,8,8
TRPSUR250803ec5b749b,2025-08-03,GJ01,repeated,11,107,6,7
TRPIND250803647fb3e0,2025-08-03,MP01,new,14,135,7,8
TRPIND250803c3c40c17,2025-08-03,MP01,repeated,21,191,7,9
TRPSUR2508031cfce60c,2025-08-03,GJ01,new,10,99,7,7
TRPSUR250803b68f7f3a,2025-08-03,GJ01,repeated,10,99,5,5
TRPIND250803422f17eb,2025-08-03,MP01,repeated,20,183,6,6
TRPLUC25080332d36592,2025-08-03,UP01,repeated,11,125,7,6
TRPJAI250803e19c5b02,2025-08-03,RJ01,new,40,517,10,10
TRPCHA2508037a2bb688,2025-08-03,CH01,repeated,28,278,8,9
TRPLUC250803b708d1ac,2025-08-03,UP01,repeated,10,116,6,8
TRPCOI2508038ab342d4,2025-08-03,TN01,repeated,20,183,8,8
TRPVIS250803fa4b6ca0,2025-08-03,AP01,new,25,252,8,10
TRPIND250803a8adc06e,2025-08-03,MP01,repeated,18,167,8,7
TRPJAI25080393e884fa,2025-08-03,RJ01,new,40,517,10,8
TRPLUC250803704a63a8,2025-08-03,UP01,repeated,6,80,7,8
TRPSUR2508034d44b0f0,2025-08-03,GJ01,new,8,83,8,7
TRPVIS250803664aa8d2,2025-08-03,AP01,repeated,19,198,7,8
TRPSUR250803cfa6666d,2025-08-03,GJ01,repeated,11,107,5,7
TRPJAI250803b362c800,2025-08-03,RJ01,new,37,481,9,9
TRPIND2508031427ac7f,2025-08-03,MP01,repeated,13,127,9,6
TRPLUC250803e88b9614,2025-08-03,UP01,repeated,5,71,5,8
TRPLUC2508038dbe0b7e,2025-08-03,UP01,new,19,197,8,6
TRPJAI2508034a4b04d5,2025-08-03,RJ01,repeated,37,481,7,9
TRPVAD250803bf436a04,2025-08-03,GJ02,repeated,16,146,7,6
TRPVAD25080336adab2c,2025-08-03,GJ02,new,5,58,7,8
TRPKOC25080356e0f97f,2025-08-03,KL01,new,34,405,9,8
TRPLUC250803b286f7ee,2025-08-03,UP01,repeated,20,206,5,7
TRPCHA25080354000857,2025-08-03,CH01,new,23,233,8,8
TRPJAI250803b41c8cb2,2025-08-03,RJ01,new,26,349,9,10
TRPLUC2508030f7e778a,2025-08-03,UP01,repeated,13,143,7,6
TRPLUC250803cb78a782,2025-08-03,UP01,repeated,14,152,6,8
TRPVAD25080307d6e8fc,2025-08-03,GJ02,new,9,90,8,7
TRPLUC250803c9a48eb7,2025-08-03,UP01,repeated,9,107,5,8
TRPIND25080374ded1b0,2025-08-03,MP01,repeated,20,183,9,6
TRPJAI250803e46fabfb,2025-08-03,RJ01,new,38,493,9,10
TRPSUR250803f461699d,2025-08-03,GJ01,new,7,75,9,6
TRPLUC25080391f48c81,2025-08-03,UP01,repeated,7,89,7,7
TRPSUR2508031cacdbf6,2025-08-03,GJ01,repeated,17,155,5,7
TRPKOC2508036975d009,2025-08-03,KL01,new,32,383,10,9
TRPLUC2508036d6b8ef8,2025-08-03,UP01,repeated,8,98,5,7
TRPJAI250803a9e21c37,2025-08-03,RJ01,new,36,469,10,10
TRPCHA250803b48789dc,2025-08-03,CH01,repeated,17,179,9,8
TRPVAD250803702593ac,2025-08-03,GJ02,repeated,13,122,7,8
TRPJAI25080398ea2cc7,2025-08-03,RJ01,new,44,565,9,8
TRPCOI2508038d1c97f2,2025-08-03,TN01,new,13,127,7,8
TRPJAI2508030f91a30d,2025-08-03,RJ01,repeated,19,265,9,10
TRPVIS250803d1f329bf,2025-08-03,AP01,repeated,26,261,8,10
TRPKOC250803d8f28bc6,2025-08-03,KL01,new,37,438,9,8
TRPVAD2508030cb6f993,2025-08-03,GJ02,new,10,98,8,6
TRPLUC2508036d6eb17a,2025-08-03,UP01,repeated,18,188,6,8
TRPLUC2508032c9b2ea3,2025-08-03,UP01,repeated,5,71,5,8
TRPJAI25080305448f2b,2025-08-03,RJ01,new,44,565,8,10
TRPKOC250803a3f883b8,2025-08-03,KL01,repeated,24,295,8,10
TRPVIS250803ee19ba30,2025-08-03,AP01,repeated,14,153,8,10
TRPCHA250803f8ef7e88,2025-08-03,CH01,new,17,179,8,8
TRPJAI250803ae5acea5,2025-08-03,RJ01,new,31,409,10,9
TRPIND250803b48f3157,2025-08-03,MP01,repeated,16,151,6,8
TRPCHA2508039a10328b,2025-08-03,CH01,new,22,224,10,8
TRPLUC2508038534e91c,2025-08-03,UP01,repeated,15,161,5,5
TRPCHA250803b390a047,2025-08-03,CH01,repeated,25,251,7,7
TRPLUC250803b1c8acfd,2025-08-03,UP01,repeated,6,80,6,6
TRPLUC250803eda11e34,2025-08-03,UP01,repeated,18,188,6,6
TRPVIS2508039c9d115d,2025-08-03,AP01,repeated,28,279,9,10
TRPLUC25080322187e15,2025-08-03,UP01,new,13,143,8,8
TRPSUR2508037e0ea4f7,2025-08-03,GJ01,repeated,11,107,6,6
TRPSUR2508035f979917,2025-08-03,GJ01,new,7,75,8,8
TRPJAI250803443f5498,2025-08-03,RJ01,new,25,337,9,8
TRPSUR250803abfc97fd,2025-08-03,GJ01,repeated,8,83,6,7
TRPJAI250803e085d184,2025-08-03,RJ01,new,32,421,8,10
TRPVIS250803606444a5,2025-08-03,AP01,new,29,288,10,9
TRPSUR250803d9516b43,2025-08-03,GJ01,new,14,131,9,6
TRPKOC25080318032226,2025-08-03,KL01,new,38,449,9,9
TRPCOI250803f99682bb,2025-08-03,TN01,repeated,22,199,9,7
TRPKOC250803a4fbfa47,2025-08-03,KL01,repeated,22,273,9,8
TRPLUC250803ca6b8635,2025-08-03,UP01,repeated,8,98,6,5
TRPLUC25080321e35593,2025-08-03,UP01,repeated,11,125,5,7
TRPMYS2508032c96c1ec,2025-08-03,KA01,new,16,195,9,10
TRPLUC250803253cdf1e,2025-08-03,UP01,repeated,14,152,6,8
TRPCHA2508030cb4c0fb,2025-08-03,CH01,repeated,23,233,8,9
TRPLUC25080351807787,2025-08-03,UP01,repeated,7,89,7,8
TRPLUC250803b07d61d9,2025-08-03,UP01,repeated,15,161,7,8
TRPLUC2508037c7a9de0,2025-08-03,UP01,repeated,16,170,6,7
TRPCOI250803c0ac2086,2025-08-03,TN01,new,11,111,7,8
TRPSUR250803046233db,2025-08-03,GJ01,repeated,17,155,5,7
TRPJAI250803824d390b,2025-08-03,RJ01,repeated,32,421,7,10
TRPCHA250803f7aa689f,2025-08-03,CH01,new,24,242,9,7
TRPVIS250803e974e5a9,2025-08-03,AP01,repeated,27,270,7,8
TRPVIS2508035015e089,2025-08-03,AP01,new,14,153,10,8
TRPJAI250803112861f0,2025-08-03,RJ01,repeated,43,553,8,10
TRPCOI250803884b2b5f,2025-08-03,TN01,new,20,183,8,9
TRPVIS250803e11e0207,2025-08-03,AP01,repeated,19,198,9,10
TRPSUR25080371d12622,2025-08-03,GJ01,repeated,12,115,7,5
TRPJAI250803badbfa53,2025-08-03,RJ01,repeated,32,421,9,9
TRPLUC2508033dbe6854,2025-08-03,UP01,new,15,161,7,6
TRPLUC250803172213f5,2025-08-03,UP01,new,15,161,7,7
TRPKOC250803c67b24dd,2025-08-03,KL01,new,38,449,9,10
TRPVAD2508032ebd2054,2025-08-03,GJ02,repeated,11,106,5,5
TRPJAI25080314cd42be,2025-08-03,RJ01,new,43,553,9,10
TRPSUR2508031b36fab2,2025-08-03,GJ01,repeated,5,59,7,7
TRPJAI250803f4ef2e26,2025-08-03,RJ01,repeated,20,277,9,10
TRPCHA2508039a229dc3,2025-08-03,CH01,new,23,233,7,7
TRPVIS250803d9698748,2025-08-03,AP01,new,33,324,9,8
TRPLUC2508031fc33b11,2025-08-03,UP01,repeated,19,197,6,6
TRPMYS250803b562c4a9,2025-08-03,KA01,repeated,13,165,9,8
TRPSUR250803369f47f2,2025-08-03,GJ01,new,8,83,9,8
TRPIND25080387591d94,2025-08-03,MP01,repeated,25,223,8,6
TRPVAD250803b0e2af27,2025-08-03,GJ02,repeated,10,98,7,6
TRPLUC250803f60f1155,2025-08-03,UP01,repeated,11,125,5,5
TRPCOI25080399ad7ec7,2025-08-03,TN01,repeated,10,103,6,8
TRPVAD25080396350a10,2025-08-03,GJ02,repeated,12,114,6,6
TRPCOI250803520208ee,2025-08-03,TN01,new,8,87,10,7
TRPJAI2508037f165fee,2025-08-03,RJ01,new,17,241,8,8
TRPKOC25080304aefd05,2025-08-03,KL01,new,23,284,10,10
TRPMYS250803c1d670ce,2025-08-03,KA01,repeated,24,275,9,10
TRPSUR250803fd307bfd,2025-08-03,GJ01,repeated,10,99,7,5
TRPSUR2508033729f87a,2025-08-03,GJ01,repeated,15,139,5,5
TRPCHA2508033e388cf2,2025-08-03,CH01,new,20,206,9,8
TRPJAI250803dd940133,2025-08-03,RJ01,new,31,409,10,10
TRPCOI250803b5807365,2025-08-03,TN01,repeated,9,95,9,7
TRPMYS250803646253d8,2025-08-03,KA01,new,15,185,9,9
TRPJAI250803d40047ce,2025-08-03,RJ01,new,15,217,8,8
TRPMYS250803536f1edf,2025-08-03,KA01,new,25,285,9,8
TRPLUC2508033bd1db51,2025-08-03,UP01,repeated,13,143,5,8
TRPJAI2508030aeb388a,2025-08-03,RJ01,new,36,469,8,10
TRPVIS250803d18150c5,2025-08-03,AP01,new,33,324,8,9
TRPCOI2508030e78b51d,2025-08-03,TN01,new,9,95,8,8
TRPIND250803d8a32c5b,2025-08-03,MP01,repeated,10,103,8,9
TRPJAI2508032e3b4912,2025-08-03,RJ01,new,24,325,8,10
TRPLUC250803139f9ea4,2025-08-03,UP01,new,18,188,9,8
TRPLUC2508033c1f75e2,2025-08-03,UP01,repeated,16,170,6,5
TRPIND250803579b09bd,2025-08-03,MP01,new,15,143,10,8
TRPCHA250803e3328d75,2025-08-03,CH01,repeated,18,188,6,7
TRPLUC250803fed1aaf9,2025-08-03,UP01,repeated,6,80,7,7
TRPLUC250803a700d2eb,2025-08-03,UP01,repeated,6,80,6,6
TRPCOI250803bbe8c970,2025-08-03,TN01,repeated,10,103,6,6
TRPKOC250803f71a0a30,2025-08-03,KL01,repeated,33,394,8,10
TRPVAD2508030f0aa444,2025-08-03,GJ02,repeated,18,162,7,6
TRPVAD25080341606a3b,2025-08-03,GJ02,repeated,7,74,6,5
TRPIND250803cd6802f8,2025-08-03,MP01,new,24,215,7,7
TRPKOC25080319225a76,2025-08-03,KL01,repeated,29,350,7,10
TRPJAI25080316e2fe5c,2025-08-03,RJ01,repeated,29,385,7,8
TRPJAI250803dc34770f,2025-08-03,RJ01,new,38,493,10,10
TRPIND25080381a0e2bb,2025-08-03,MP01,new,23,207,8,8
TRPJAI25080319043022,2025-08-03,RJ01,new,28,373,8,9
TRPSUR250803de65a5cf,2025-08-03,GJ01,new,7,75,9,6
TRPJAI2508034bea8b57,2025-08-03,RJ01,new,45,577,8,9
TRPCOI25080304458292,2025-08-03,TN01,new,17,159,10,9
TRPLUC250803e7a2e506,2025-08-03,UP01,repeated,6,80,7,7
TRPJAI2508033fa7d4d4,2025-08-03,RJ01,repeated,33,433,8,10
TRPSUR25080394125f52,2025-08-03,GJ01,repeated,6,67,7,7
TRPSUR2508034bc329e1,2025-08-03,GJ01,new,13,123,9,6
TRPLUC2508033f6ff042,2025-08-03,UP01,repeated,16,170,7,7
TRPLUC2508032390d109,2025-08-03,UP01,new,14,152,7,7
TRPKOC250803ad20513d,2025-08-03,KL01,new,19,240,8,9
TRPJAI2508037cec97ab,2025-08-03,RJ01,new,45,577,10,10
TRPVAD250803e4555b96,2025-08-03,GJ02,new,17,154,7,7
TRPVAD2508030fcfdafa,2025-08-03,GJ02,new,6,66,8,7
TRPCHA250803749007ff,2025-08-03,CH01,new,25,251,10,8
TRPIND250803e1bf2ffb,2025-08-03,MP01,new,9,95,9,7
TRPVIS250803973a54da,2025-08-03,AP01,repeated,33,324,9,10
TRPVIS250803b50a7522,2025-08-03,AP01,new,28,279,9,10
TRPJAI250803817fbfed,2025-08-03,RJ01,new,44,565,9,10
TRPLUC2508035334ca68,2025-08-03,UP01,repeated,16,170,7,8
TRPKOC250803307f37b8,2025-08-03,KL01,new,13,174,8,9
TRPKOC250803a0bd5d2e,2025-08-03,KL01,new,32,383,8,9
TRPJAI2508031e97ac9b,2025-08-03,RJ01,repeated,36,469,8,10
TRPJAI2508034bda2c8e,2025-08-03,RJ01,new,18,253,8,8
TRPLUC250803714d4fc9,2025-08-03,UP01,repeated,7,89,6,7
TRPJAI2508036dddd09b,2025-08-03,RJ01,new,32,421,10,9
TRPSUR25080374d66efc,2025-08-03,GJ01,new,11,107,7,8
TRPLUC250803e5a7285e,2025-08-03,UP01,repeated,18,188,6,5
TRPCHA250803f10c539a,2025-08-03,CH01,new,18,188,8,7
TRPLUC250803825381f7,2025-08-03,UP01,repeated,13,143,6,7
TRPJAI250803a90806ec,2025-08-03,RJ01,repeated,37,481,9,10
TRPJAI250803fcc481aa,2025-08-03,RJ01,new,23,313,8,10
TRPIND250803331264b2,2025-08-03,MP01,repeated,13,127,7,7
TRPSUR250803a514078a,2025-08-03,GJ01,repeated,5,59,7,7
TRPKOC250803568b48c6,2025-08-03,KL01,new,19,240,3,4
TRPCHA250803aa568760,2025-08-03,CH01,new,25,251,8,7
TRPLUC25080357ff6b1c,2025-08-03,UP01,repeated,10,116,7,5
TRPIND25080322905602,2025-08-03,MP01,repeated,18,167,8,6
TRPVAD25080324dfb8e3,2025-08-03,GJ02,repeated,6,66,6,8
TRPVIS250803b5aa276c,2025-08-03,AP01,repeated,35,342,8,9
TRPJAI2508030dc71104,2025-08-03,RJ01,new,17,241,9,8
TRPVAD250803715c50bf,2025-08-03,GJ02,repeated,15,138,6,8
TRPJAI250803cc4691e8,2025-08-03,RJ01,new,38,493,10,9
TRPVAD250803d3543bb3,2025-08-03,GJ02,new,16,146,8,8
TRPLUC250803d504a710,2025-08-03,UP01,repeated,18,188,5,5
TRPJAI2508036246e42d,2025-08-03,RJ01,new,31,409,9,8
TRPLUC250803e7400596,2025-08-03,UP01,repeated,13,143,6,6
TRPIND25080305e401a2,2025-08-03,MP01,repeated,16,151,9,6
TRPCHA250803aa017864,2025-08-03,CH01,new,15,161,8,7
TRPJAI250803e919c9a8,2025-08-03,RJ01,new,45,577,8,8
TRPSUR25080350d898c3,2025-08-03,GJ01,repeated,5,59,5,6
TRPLUC2508039e4c0744,2025-08-03,UP01,repeated,8,98,5,7
TRPMYS250803142ec120,2025-08-03,KA01,repeated,11,145,9,10
TRPLUC25080360732d0b,2025-08-03,UP01,repeated,15,161,6,5
TRPIND2508039d931e8c,2025-08-03,MP01,repeated,9,95,7,7
TRPKOC250803b30d950f,2025-08-03,KL01,repeated,21,262,8,8
TRPSUR25080354c9d21e,2025-08-03,GJ01,new,17,155,9,8
TRPCHA2508036843c038,2025-08-03,CH01,new,29,287,9,7
TRPLUC25080310743e0d,2025-08-03,UP01,repeated,20,206,5,7
TRPLUC250803f435d794,2025-08-03,UP01,repeated,12,134,6,6
TRPVAD2508036acadb16,2025-08-03,GJ02,new,16,146,9,6
TRPLUC2508033f014970,2025-08-03,UP01,repeated,11,125,5,5
TRPJAI25080343c7adf5,2025-08-03,RJ01,repeated,36,469,9,10
TRPVIS250803aa1afada,2025-08-03,AP01,repeated,19,198,7,8
TRPMYS250803cb710340,2025-08-03,KA01,new,21,245,10,8
TRPLUC250803be614c7e,2025-08-03,UP01,new,11,125,9,6
TRPJAI250803d46c2272,2025-08-03,RJ01,new,26,349,9,8
TRPJAI2508035cca5916,2025-08-03,RJ01,new,23,313,10,9
TRPLUC250803de956052,2025-08-03,UP01,repeated,14,152,7,5
TRPCHA25080377c47853,2025-08-03,CH01,new,30,296,9,9
TRPKOC2508036b29039c,2025-08-03,KL01,new,25,306,9,10
TRPJAI250803d3ad6562,2025-08-03,RJ01,new,31,409,9,9
TRPVIS2508037de472cc,2025-08-03,AP01,repeated,11,126,7,8
TRPLUC250803a35311db,2025-08-03,UP01,repeated,16,170,7,7
TRPSUR250803dbb0fe80,2025-08-03,GJ01,repeated,6,67,5,8
TRPSUR2508039dd70597,2025-08-03,GJ01,repeated,13,123,5,5
TRPCHA2508036ded1b81,2025-08-03,CH01,new,31,305,10,7
TRPVIS250803a5c63ee1,2025-08-03,AP01,new,24,243,9,9
TRPVAD250803ffb7e726,2025-08-03,GJ02,repeated,9,90,5,7
TRPIND250803a0355b52,2025-08-03,MP01,repeated,23,207,8,8
TRPLUC250803d34718a3,2025-08-03,UP01,new,20,206,8,7
TRPCHA250803912939d6,2025-08-03,CH01,repeated,15,161,7,8
TRPIND2508038b2cf0b8,2025-08-03,MP01,new,24,215,8,9
TRPJAI2508033e9bd14a,2025-08-03,RJ01,repeated,40,517,8,9
TRPSUR25080378b77abc,2025-08-03,GJ01,repeated,7,75,6,8
TRPSUR2508035cdc1ce8,2025-08-03,GJ01,repeated,12,115,5,5
TRPJAI250803a8a9ed86,2025-08-03,RJ01,new,16,229,9,8
TRPLUC250803a6042beb,2025-08-03,UP01,repeated,18,188,5,7
TRPLUC250803cbbc57db,2025-08-03,UP01,repeated,11,125,5,5
TRPKOC250803b67b2f9c,2025-08-03,KL01,new,21,262,8,9
TRPKOC250803c92c701a,2025-08-03,KL01,repeated,18,229,8,8
TRPSUR25080362b10ee4,2025-08-03,GJ01,repeated,7,75,6,5
TRPSUR2508031887306c,2025-08-03,GJ01,repeated,15,139,7,8
TRPLUC25080329b37c1a,2025-08-03,UP01,repeated,20,206,7,8
TRPLUC2508035e140d97,2025-08-03,UP01,repeated,14,152,6,8
TRPLUC2508030a767bc5,2025-08-03,UP01,repeated,5,71,5,8
TRPLUC2508036ee2375f,2025-08-03,UP01,repeated,15,161,7,5
TRPSUR250803b2bccec2,2025-08-03,GJ01,repeated,10,99,6,8
TRPKOC2508035f74470c,2025-08-03,KL01,repeated,21,262,7,9
TRPLUC250803d29a4859,2025-08-03,UP01,new,7,89,8,6
TRPIND2508037a55bae0,2025-08-03,MP01,new,9,95,10,7
TRPSUR250803170bf628,2025-08-03,GJ01,new,5,59,9,7
TRPKOC2508036572ddaf,2025-08-03,KL01,new,28,339,9,9
TRPKOC250803fa6ecf6b,2025-08-03,KL01,new,13,174,9,10
TRPSUR250803db776eaf,2025-08-03,GJ01,repeated,13,123,5,5
TRPIND2508034da72a42,2025-08-03,MP01,repeated,21,191,7,7
TRPSUR250803de096cbe,2025-08-03,GJ01,new,10,99,7,8
TRPIND250803eb13084b,2025-08-03,MP01,repeated,12,119,9,6
TRPVAD2508034a1c7e13,2025-08-03,GJ02,repeated,15,138,6,6
TRPSUR250803718c9127,2025-08-03,GJ01,repeated,12,115,7,6
TRPIND25080300aacf3b,2025-08-03,MP01,new,18,167,7,8
TRPLUC250803237abec7,2025-08-03,UP01,repeated,7,89,5,7
TRPKOC250803f92a54f1,2025-08-03,KL01,repeated,34,405,9,9
TRPJAI250803dbdf5224,2025-08-03,RJ01,new,23,313,9,10
TRPCOI250803fc948d2b,2025-08-03,TN01,new,17,159,7,9
TRPCHA2508036e6a8c2b,2025-08-03,CH01,new,21,215,9,7
TRPCOI250803cb0217f7,2025-08-03,TN01,new,22,199,7,7
TRPVAD25080331a97f0a,2025-08-03,GJ02,new,15,138,9,8
TRPVAD250803b2c88383,2025-08-03,GJ02,new,15,138,9,7
TRPCHA2508033e38eaa1,2025-08-03,CH01,repeated,18,188,8,7
TRPLUC250803d1c4dfd9,2025-08-03,UP01,repeated,15,161,7,6
TRPSUR250803c9c878f7,2025-08-03,GJ01,repeated,16,147,6,8
TRPLUC250803b05c58b6,2025-08-03,UP01,new,9,107,9,8
TRPSUR2508034f03261e,2025-08-03,GJ01,repeated,13,123,6,6
TRPIND250803b0e8eedd,2025-08-03,MP01,new,23,207,9,9
TRPIND250803ffa40291,2025-08-03,MP01,repeated,9,95,7,7
TRPLUC25080345822cfa,2025-08-03,UP01,new,9,107,9,6
TRPJAI2508037ffb03b4,2025-08-03,RJ01,repeated,28,373,7,8
TRPLUC25080389ab7250,2025-08-03,UP01,repeated,16,170,5,8
TRPCHA25080306666167,2025-08-03,CH01,repeated,32,314,6,9
TRPSUR2508039ae8dc01,2025-08-03,GJ01,repeated,7,75,7,8
TRPLUC2508039641383c,2025-08-03,UP01,repeated,14,152,5,5
TRPIND250803cb8be4df,2025-08-03,MP01,repeated,10,103,8,6
TRPCHA250803c3cf6075,2025-08-03,CH01,new,13,143,8,9
TRPSUR2508035a132185,2025-08-03,GJ01,repeated,14,131,7,7
TRPVAD250803849cd15e,2025-08-03,GJ02,new,13,122,8,6
TRPIND2508034b36fc98,2025-08-03,MP01,repeated,8,87,9,9
TRPSUR250803e0a943f7,2025-08-03,GJ01,new,15,139,8,6
TRPLUC2508034b65f3f6,2025-08-03,UP01,new,9,107,9,8
TRPJAI250803228daf0f,2025-08-03,RJ01,new,39,505,10,8
TRPCHA25080358917c03,2025-08-03,CH01,repeated,27,269,8,6
TRPJAI25080334cff428,2025-08-03,RJ01,repeated,23,313,9,9
TRPCHA25080365b201d1,2025-08-03,CH01,repeated,13,143,8,8
TRPJAI25080333ed16b2,2025-08-03,RJ01,new,42,541,9,10
TRPSUR250803c0675def,2025-08-03,GJ01,new,8,83,8,8
TRPCHA250803e05a80d9,2025-08-03,CH01,new,32,314,7,9
TRPSUR25080320fea0d7,2025-08-03,GJ01,repeated,17,155,7,5
TRPIND250803e2c892cc,2025-08-03,MP01,repeated,12,119,6,8
TRPJAI250803a5bee11b,2025-08-03,RJ01,new,33,433,9,9
TRPCOI250803476fabf3,2025-08-03,TN01,repeated,21,191,6,8
TRPSUR250803e504dcd3,2025-08-03,GJ01,repeated,8,83,7,6
TRPLUC250803fab9346b,2025-08-03,UP01,new,14,152,7,7
TRPLUC25080375efd858,2025-08-03,UP01,repeated,20,206,6,6
TRPCOI250803f364a5c7,2025-08-03,TN01,repeated,9,95,8,7
TRPJAI250803e5501aa8,2025-08-03,RJ01,new,43,553,9,8
TRPSUR2508037278dcd4,2025-08-03,GJ01,new,14,131,9,7
TRPJAI250803d417f8b0,2025-08-03,RJ01,new,37,481,9,10
TRPIND250803433c4ba5,2025-08-03,MP01,repeated,15,143,7,6
TRPKOC25080349dce86e,2025-08-03,KL01,new,22,273,10,8
TRPIND2508036229dd00,2025-08-03,MP01,repeated,19,175,9,8
TRPVAD2508038b19adbe,2025-08-03,GJ02,new,16,146,8,8
TRPLUC2508034e62361f,2025-08-03,UP01,new,10,116,9,8
TRPKOC2508032cb9fdfa,2025-08-03,KL01,repeated,13,174,9,10
TRPJAI2508036cefc197,2025-08-03,RJ01,new,44,565,10,9
TRPLUC2508036e1bd815,2025-08-03,UP01,repeated,14,152,6,8
TRPIND25080332858f32,2025-08-03,MP01,repeated,14,135,8,7
TRPMYS250803ba20b4f3,2025-08-03,KA01,new,10,135,8,8
TRPLUC2508038c9e71fa,2025-08-03,UP01,repeated,18,188,6,7
TRPJAI25080315816fc0,2025-08-03,RJ01,new,27,361,8,8
TRPLUC25080324f8a4c5,2025-08-03,UP01,repeated,20,206,5,8
TRPSUR250803a33935f8,2025-08-03,GJ01,new,15,139,9,7
TRPCHA2508036d376ca8,2025-08-03,CH01,repeated,12,134,8,8
TRPJAI25080363be913f,2025-08-03,RJ01,new,24,325,9,10
TRPJAI25080389014ea9,2025-08-03,RJ01,new,20,277,10,8
TRPSUR25080343241399,2025-08-03,GJ01,repeated,11,107,7,5
TRPVIS2508032fcbbe12,2025-08-03,AP01,repeated,19,198,7,10
TRPCHA25080361eec735,2025-08-03,CH01,repeated,26,260,6,9
TRPCHA250803fb4dfd96,2025-08-03,CH01,repeated,35,341,8,7
TRPJAI250803e28cd6cb,2025-08-03,RJ01,repeated,15,217,9,8
TRPSUR2508032dc56911,2025-08-03,GJ01,repeated,16,147,5,8
TRPVAD250803286e1549,2025-08-03,GJ02,repeated,17,154,7,5
TRPSUR250803ba7f5612,2025-08-03,GJ01,repeated,9,91,5,5
TRPJAI250803e6cc8e92,2025-08-03,RJ01,repeated,31,409,8,9
TRPKOC2508032320bcfb,2025-08-03,KL01,new,35,416,10,8
TRPKOC250803612f60c1,2025-08-03,KL01,repeated,31,372,7,8
TRPVAD250803707bf9c9,2025-08-03,GJ02,new,7,74,8,7
TRPVAD2508032c4a89f5,2025-08-03,GJ02,new,14,130,8,7
TRPCHA2508035c2ece11,2025-08-03,CH01,new,28,278,10,7
TRPLUC2508034857a150,2025-08-03,UP01,repeated,13,143,7,6
TRPSUR2508036083518b,2025-08-03,GJ01,new,15,139,9,8
TRPLUC250803cab5a8e9,2025-08-03,UP01,repeated,5,71,7,8
TRPCHA25080306d93a44,2025-08-03,CH01,repeated,34,332,8,8
TRPJAI250803ba59e9ed,2025-08-03,RJ01,repeated,39,505,7,10
TRPKOC250803ff2b0a4c,2025-08-03,KL01,repeated,37,438,7,8
TRPKOC250803f13cf969,2025-08-03,KL01,new,34,405,10,8
TRPLUC2508039abaa905,2025-08-03,UP01,repeated,8,98,6,7
TRPJAI25080380ed2dbe,2025-08-03,RJ01,new,42,541,9,8
TRPSUR2508039c02023f,2025-08-03,GJ01,repeated,17,155,5,7
TRPLUC2508036633f8c6,2025-08-03,UP01,new,16,170,9,7
TRPIND25080348c69383,2025-08-03,MP01,repeated,17,159,7,8
TRPSUR25080342f720e5,2025-08-03,GJ01,repeated,16,147,7,6
TRPMYS25080345a05626,2025-08-03,KA01,repeated,12,155,9,9
TRPIND2508031d98b191,2025-08-03,MP01,repeated,21,191,6,9
TRPCOI250803e2b98008,2025-08-03,TN01,repeated,16,151,8,8
TRPJAI25080326ce884e,2025-08-03,RJ01,new,45,577,9,10
TRPJAI2508033f45c96f,2025-08-03,RJ01,new,41,529,9,9
TRPVAD2508033e6c3141,2025-08-03,GJ02,repeated,12,114,7,5
TRPLUC250803191f8603,2025-08-03,UP01,new,9,107,9,8
TRPJAI250803f4709d03,2025-08-03,RJ01,repeated,32,421,7,9
TRPLUC250803b91d7639,2025-08-03,UP01,new,13,143,7,8
TRPSUR2508030507624d,2025-08-03,GJ01,repeated,7,75,5,6
TRPJAI2508036794aadb,2025-08-03,RJ01,repeated,25,337,8,10
TRPIND25080380fb0879,2025-08-03,MP01,repeated,23,207,6,9
TRPJAI250803b5d9574f,2025-08-03,RJ01,new,38,493,9,8
TRPSUR250803f70e9a06,2025-08-03,GJ01,repeated,15,139,7,8
TRPSUR2508030f2868a9,2025-08-03,GJ01,repeated,5,59,5,7
TRPSUR2508038093622e,2025-08-03,GJ01,repeated,11,107,6,7
TRPIND250803dfd25d99,2025-08-03,MP01,repeated,12,119,8,6
TRPCOI250803df9ffb39,2025-08-03,TN01,new,8,87,8,9
TRPVAD250803241da193,2025-08-03,GJ02,repeated,11,106,4,4
TRPIND2508030f8adbb4,2025-08-03,MP01,repeated,23,207,9,6
TRPJAI25080315d3b70b,2025-08-03,RJ01,new,15,217,8,8
TRPVIS25080378454418,2025-08-03,AP01,new,34,333,9,8
TRPSUR25080308be5d67,2025-08-03,GJ01,repeated,6,67,5,5
TRPVAD250803c09beac5,2025-08-03,GJ02,repeated,7,74,5,6
TRPLUC25080307d6889e,2025-08-03,UP01,repeated,7,89,5,5
TRPKOC2508037c66aa1b,2025-08-03,KL01,new,33,394,8,8
TRPKOC25080337079e3d,2025-08-03,KL01,repeated,20,251,7,10
TRPSUR2508037b673f55,2025-08-03,GJ01,repeated,7,75,5,6
TRPJAI250803b30d0142,2025-08-03,RJ01,repeated,39,505,9,10
TRPCHA250803fd16a158,2025-08-03,CH01,repeated,22,224,6,7
TRPVAD2508032b5e6f51,2025-08-03,GJ02,new,13,122,8,8
TRPLUC250803a374f836,2025-08-03,UP01,repeated,5,71,3,4
TRPSUR250803d4914a53,2025-08-03,GJ01,repeated,17,155,7,6
TRPLUC25080306e79bc6,2025-08-03,UP01,repeated,7,89,6,5
TRPJAI25080386734422,2025-08-03,RJ01,repeated,26,349,8,8
TRPCHA250803644d5a45,2025-08-03,CH01,new,19,197,9,9
TRPKOC250803f1b34b22,2025-08-03,KL01,repeated,15,196,8,9
TRPJAI250803553ee3c9,2025-08-03,RJ01,new,44,565,9,8
TRPLUC250803841a1ffd,2025-08-03,UP01,repeated,17,179,6,6
TRPKOC250803e133e33e,2025-08-03,KL01,repeated,30,361,8,10
TRPVAD2508039d3abe51,2025-08-03,GJ02,repeated,8,82,5,6
TRPSUR25080387e9fb83,2025-08-03,GJ01,repeated,5,59,6,7
TRPJAI2508038e126739,2025-08-03,RJ01,new,24,325,9,8
TRPCHA2508031daba6c7,2025-08-03,CH01,new,14,152,9,9
TRPLUC2508032c4ea1b2,2025-08-03,UP01,repeated,15,161,7,6
TRPIND250803e27224a9,2025-08-03,MP01,repeated,15,143,8,9
TRPCHA250803f66c0ca0,2025-08-03,CH01,repeated,16,170,7,9
TRPJAI2508030ed135ad,2025-08-03,RJ01,new,27,361,10,9
TRPSUR2508030c7fe17a,2025-08-03,GJ01,new,8,83,8,8
TRPLUC25080386b848f4,2025-08-03,UP01,new,14,152,8,8
TRPVIS25080397deac42,2025-08-03,AP01,new,27,270,8,8
TRPLUC250803068cabda,2025-08-03,UP01,repeated,8,98,7,8
TRPCHA250803aae47e63,2025-08-03,CH01,new,32,314,9,8
TRPLUC250803fc1c0423,2025-08-03,UP01,repeated,16,170,6,5
TRPLUC2508032c17dc1c,2025-08-03,UP01,new,13,143,8,8
TRPKOC2508035fec495a,2025-08-03,KL01,repeated,35,416,8,9
TRPKOC2508036ccfd30b,2025-08-03,KL01,new,20,251,8,10
TRPJAI250803d09fa7bf,2025-08-03,RJ01,new,31,409,8,8
TRPCHA250803db57320c,2025-08-03,CH01,new,12,134,9,9
TRPVIS25080320f3e9f9,2025-08-03,AP01,new,19,198,10,10
TRPLUC25080383bfa107,2025-08-03,UP01,repeated,19,197,7,6
TRPVAD2508037114ef95,2025-08-03,GJ02,repeated,12,114,6,5
TRPVIS250803b1db74f5,2025-08-03,AP01,new,25,252,10,9
TRPLUC250803b2643891,2025-08-03,UP01,repeated,9,107,7,8
TRPKOC250803b6b649d3,2025-08-03,KL01,repeated,22,273,9,8
TRPJAI2508036fad15f5,2025-08-03,RJ01,new,30,397,10,10
TRPSUR2508039cac5e2f,2025-08-03,GJ01,new,7,75,9,7
TRPKOC250803bf703899,2025-08-03,KL01,repeated,34,405,7,8
TRPLUC25080388901eda,2025-08-03,UP01,repeated,8,98,7,8
TRPSUR250803d5274f24,2025-08-03,GJ01,repeated,10,99,6,7
TRPJAI2508037a60eb98,2025-08-03,RJ01,repeated,44,565,7,9
TRPSUR250803a7941c80,2025-08-03,GJ01,repeated,13,123,6,8
TRPSUR2508037ea65989,2025-08-03,GJ01,repeated,17,155,7,5
TRPVIS250803ce1f7139,2025-08-03,AP01,new,23,234,9,9
TRPSUR2508032f27f774,2025-08-03,GJ01,repeated,12,115,5,5
TRPCOI250803123b3994,2025-08-03,TN01,new,13,127,10,8
TRPKOC2508039d533196,2025-08-03,KL01,repeated,15,196,8,10
TRPSUR250803ed15cc00,2025-08-03,GJ01,new,8,83,9,8
TRPCOI25080332ff0331,2025-08-03,TN01,repeated,17,159,8,6
TRPSUR250803c6ddf221,2025-08-03,GJ01,repeated,17,155,7,8
TRPVIS25080394e968cb,2025-08-03,AP01,repeated,32,315,8,8
TRPCHA250803efea5e6b,2025-08-03,CH01,new,24,242,7,7
TRPJAI2508039f8ca2ab,2025-08-03,RJ01,repeated,34,445,9,10
TRPCOI250803859b3f3c,2025-08-03,TN01,repeated,9,95,6,6
TRPLUC250803e1118abc,2025-08-03,UP01,repeated,16,170,7,6
TRPMYS250803a29dea6a,2025-08-03,KA01,new,8,115,10,10
TRPVIS250803f9ab357c,2025-08-03,AP01,repeated,18,189,8,9
TRPJAI2508036f6bc316,2025-08-03,RJ01,new,42,541,9,9
TRPCOI25080309905948,2025-08-03,TN01,repeated,20,183,7,9
TRPCOI25080319c8eabc,2025-08-03,TN01,repeated,9,95,8,7
TRPLUC25080374fed902,2025-08-03,UP01,new,17,179,9,8
TRPSUR250803026a5065,2025-08-03,GJ01,repeated,16,147,6,5
TRPLUC250803f3dbedc0,2025-08-03,UP01,repeated,12,134,5,8
TRPKOC25080353ef87bb,2025-08-03,KL01,new,15,196,8,10
TRPCHA250803dfb041f6,2025-08-03,CH01,repeated,13,143,7,9
TRPMYS2508037de44e44,2025-08-03,KA01,new,14,175,8,9
TRPVIS25080300a95d63,2025-08-03,AP01,repeated,28,279,7,9
TRPLUC2508034293bd83,2025-08-03,UP01,repeated,20,206,7,8
TRPKOC25080304ba194e,2025-08-03,KL01,new,22,273,8,10
TRPVIS2508031075f962,2025-08-03,AP01,new,29,288,10,9
TRPCOI2508039f40120b,2025-08-03,TN01,repeated,12,119,6,6
TRPIND250803a622a224,2025-08-03,MP01,repeated,14,135,9,6
TRPJAI250803e8d89d62,2025-08-03,RJ01,repeated,17,241,8,9
TRPCHA250803c1ab6767,2025-08-03,CH01,new,34,332,9,7
TRPIND250803b5f13529,2025-08-03,MP01,repeated,25,223,8,7
TRPIND250803d04a6b93,2025-08-03,MP01,repeated,18,167,8,8
TRPIND25080370ce63cd,2025-08-03,MP01,repeated,20,183,9,7
TRPMYS250803ee8dde9c,2025-08-03,KA01,new,9,125,9,10
TRPSUR25080344b7f195,2025-08-03,GJ01,new,5,59,9,8
TRPKOC25080312bf0a0e,2025-08-03,KL01,new,12,163,8,10
TRPJAI250803b2e9af6d,2025-08-03,RJ01,new,42,541,10,9
TRPSUR2508033d7f365b,2025-08-03,GJ01,repeated,8,83,7,7
TRPVAD250803afa1dc4f,2025-08-03,GJ02,repeated,14,130,5,8
TRPJAI250803b262ed54,2025-08-03,RJ01,new,24,325,10,10
TRPJAI2508031459214d,2025-08-03,RJ01,repeated,43,553,7,9
TRPKOC25080391425965,2025-08-03,KL01,repeated,14,185,7,10
TRPIND2508031b69b77f,2025-08-03,MP01,repeated,14,135,8,7
TRPSUR250803bcbf5cb8,2025-08-03,GJ01,repeated,7,75,7,6
TRPLUC2508036c0fb3bb,2025-08-03,UP01,repeated,20,206,7,8
TRPSUR250803a6a3bd82,2025-08-03,GJ01,repeated,9,91,6,6
TRPLUC250803996456ab,2025-08-03,UP01,repeated,19,197,7,6
TRPVIS250803477c3dca,2025-08-03,AP01,new,19,198,9,10
TRPJAI250803f9d5257b,2025-08-03,RJ01,new,27,361,8,10
TRPMYS250803112e8381,2025-08-03,KA01,repeated,11,145,9,10
TRPVAD250803f821dc56,2025-08-03,GJ02,repeated,14,130,5,5
TRPLUC2508039a97bc3e,2025-08-03,UP01,repeated,8,98,6,8
TRPLUC2508033c89db85,2025-08-03,UP01,repeated,16,170,5,6
TRPIND250803f2d66c0d,2025-08-03,MP01,new,19,175,8,9
TRPSUR25080393b60c0f,2025-08-03,GJ01,new,16,147,9,7
TRPLUC2508039e51696d,2025-08-03,UP01,repeated,18,188,6,6
TRPLUC250803f4f79833,2025-08-03,UP01,new,15,161,9,6
TRPCHA250803ef191bac,2025-08-03,CH01,repeated,23,233,8,8
TRPSUR25080397d2a870,2025-08-03,GJ01,repeated,15,139,6,6
TRPSUR250803ce879f41,2025-08-03,GJ01,new,13,123,9,8
TRPJAI25080397089803,2025-08-03,RJ01,repeated,25,337,9,8
TRPSUR250803dbf408a2,2025-08-03,GJ01,new,11,107,8,6
TRPCOI250803442d1088,2025-08-03,TN01,repeated,18,167,6,7
TRPSUR2508035baf6648,2025-08-03,GJ01,repeated,15,139,5,7
TRPVIS25080318788ede,2025-08-03,AP01,new,30,297,9,8
TRPVAD25080327465b2a,2025-08-03,GJ02,repeated,15,138,6,5
TRPKOC250803cf3548a2,2025-08-03,KL01,repeated,28,339,7,9
TRPSUR25080387ac08a0,2025-08-03,GJ01,repeated,16,147,7,5
TRPJAI25080382642bb4,2025-08-03,RJ01,new,18,253,10,10
TRPJAI25080351564f75,2025-08-03,RJ01,repeated,41,529,7,8
TRPVAD2508039c7b3fca,2025-08-03,GJ02,new,16,146,4,1
TRPLUC2508038ecf7d63,2025-08-03,UP01,repeated,11,125,5,5
TRPKOC250803706ee1cd,2025-08-03,KL01,new,30,361,9,10
TRPVAD25080326129d53,2025-08-03,GJ02,new,6,66,8,7
TRPLUC250803d4d9c774,2025-08-03,UP01,repeated,17,179,7,6
TRPCOI250803f782e2cb,2025-08-03,TN01,new,11,111,8,8
TRPLUC250803eaf39ef0,2025-08-03,UP01,repeated,5,71,7,6
TRPVIS2508039daa9140,2025-08-03,AP01,new,10,117,10,9
TRPJAI250803276f99f0,2025-08-03,RJ01,repeated,29,385,8,9
TRPCHA250803842b0fc1,2025-08-03,CH01,repeated,34,332,8,6
TRPJAI2508038dcb7b1f,2025-08-03,RJ01,new,39,505,9,10
TRPJAI250803a44597c8,2025-08-03,RJ01,repeated,36,469,8,9
TRPCHA2508033fbf4f6b,2025-08-03,CH01,new,29,287,7,9
TRPSUR2508038238d88d,2025-08-03,GJ01,repeated,16,147,6,6
TRPVIS250803cdc7522a,2025-08-03,AP01,new,17,180,8,10
TRPSUR250803ab5fe35d,2025-08-03,GJ01,new,5,59,8,6
TRPLUC250803026f8c25,2025-08-03,UP01,new,14,152,8,7
TRPVIS2508039acd4daf,2025-08-03,AP01,repeated,33,324,9,9
TRPSUR2508031e7f944d,2025-08-03,GJ01,repeated,16,147,5,5
TRPKOC250803f8512136,2025-08-03,KL01,new,26,317,9,8
TRPLUC250803875f316c,2025-08-03,UP01,repeated,6,80,5,7
TRPCHA250803ff445f82,2025-08-03,CH01,repeated,15,161,6,9
TRPCHA25080357383138,2025-08-03,CH01,repeated,28,278,9,9
TRPSUR25080310e3c8d1,2025-08-03,GJ01,repeated,5,59,7,6
TRPKOC250803c6a29e98,2025-08-03,KL01,repeated,28,339,7,10
TRPSUR25080339062598,2025-08-03,GJ01,repeated,14,131,5,5
TRPJAI250803236a588b,2025-08-03,RJ01,repeated,22,301,7,8
TRPLUC2508037af62975,2025-08-03,UP01,new,8,98,8,8
TRPKOC25080316e7ba42,2025-08-03,KL01,new,31,372,8,9
TRPJAI250803fd12ce7a,2025-08-03,RJ01,repeated,36,469,9,10
TRPSUR250803a05fa315,2025-08-03,GJ01,new,5,59,8,8
TRPLUC2508030e0e385d,2025-08-03,UP01,new,19,197,8,8
TRPVAD250803202c6331,2025-08-03,GJ02,repeated,9,90,5,5
TRPLUC250803630d73d4,2025-08-03,UP01,repeated,15,161,5,7
TRPJAI2508037f1f3276,2025-08-03,RJ01,repeated,39,505,9,9
TRPSUR250803354f0c4e,2025-08-03,GJ01,new,8,83,7,8
TRPIND250803435ed8c2,2025-08-03,MP01,repeated,21,191,8,7
TRPVAD25080331e0ca6a,2025-08-03,GJ02,new,11,106,8,8
TRPJAI2508039411ed8f,2025-08-03,RJ01,repeated,16,229,7,8
TRPIND2508031de4ca75,2025-08-03,MP01,new,20,183,7,8
TRPLUC2508032d7d1ccd,2025-08-03,UP01,repeated,5,71,5,8
TRPSUR250803705be405,2025-08-03,GJ01,repeated,5,59,5,7
TRPSUR250803a7c348da,2025-08-03,GJ01,repeated,14,131,7,8
TRPCHA250803be5ff8c1,2025-08-03,CH01,repeated,19,197,7,6
TRPSUR250803d86b768a,2025-08-03,GJ01,repeated,14,131,6,6
TRPKOC250803d35ced39,2025-08-03,KL01,new,11,152,8,8
TRPSUR25080321d40e13,2025-08-03,GJ01,repeated,16,147,6,5
TRPVAD25080351e32a0b,2025-08-03,GJ02,new,15,138,7,8
TRPCHA250803a9742a94,2025-08-03,CH01,new,31,305,7,7
TRPVIS2508038c127bbd,2025-08-03,AP01,new,29,288,10,8
TRPLUC250803ff6add00,2025-08-03,UP01,repeated,20,206,7,6
TRPLUC250803aa80be9d,2025-08-03,UP01,new,5,71,8,8
TRPCOI2508031335e2a0,2025-08-03,TN01,repeated,16,151,6,7
TRPLUC250803e261bcb4,2025-08-03,UP01,repeated,5,71,7,8
TRPJAI2508030b710239,2025-08-03,RJ01,repeated,24,325,8,9
TRPLUC25080380ccc48c,2025-08-03,UP01,repeated,13,143,5,7
TRPSUR25080301d29f12,2025-08-03,GJ01,new,16,147,9,6
TRPJAI25080348af29f7,2025-08-03,RJ01,repeated,18,253,7,10
TRPLUC250803fe921893,2025-08-03,UP01,repeated,5,71,5,7
TRPLUC25080337acfa42,2025-08-03,UP01,repeated,6,80,6,5
TRPSUR25080337a0ea7c,2025-08-03,GJ01,repeated,8,83,5,7
TRPLUC2508033e12d6f9,2025-08-03,UP01,repeated,15,161,7,5
TRPLUC2508035c9437ce,2025-08-03,UP01,repeated,16,170,5,8
TRPCHA2508030a33abd1,2025-08-03,CH01,new,23,233,9,9
TRPLUC250803b09bf556,2025-08-03,UP01,new,6,80,8,7
TRPIND250803330ff061,2025-08-03,MP01,repeated,11,111,8,8
TRPJAI250803757e490c,2025-08-03,RJ01,new,34,445,9,8
TRPJAI250803f085ffe4,2025-08-03,RJ01,new,22,301,9,9
TRPJAI25080367fdb78e,2025-08-03,RJ01,repeated,19,265,9,8
TRPIND2508037421480e,2025-08-03,MP01,new,22,199,7,8
TRPJAI250803596be236,2025-08-03,RJ01,new,24,325,8,8
TRPLUC2508031b0e49db,2025-08-03,UP01,repeated,15,161,7,7
TRPVIS2508036098ab1a,2025-08-03,AP01,new,32,315,10,10
TRPSUR2508033db78e1c,2025-08-03,GJ01,repeated,5,59,6,6
TRPSUR250803516d5ccc,2025-08-03,GJ01,new,7,75,9,7
TRPVAD25080303c1bcaa,2025-08-03,GJ02,repeated,7,74,5,7
TRPVIS2508035f16f7db,2025-08-03,AP01,new,15,162,10,8
TRPMYS25080346bfbd61,2025-08-03,KA01,new,11,145,8,8
TRPLUC250803459b87d0,2025-08-03,UP01,repeated,15,161,7,7
TRPSUR25080342b4d4f5,2025-08-03,GJ01,repeated,16,147,5,5
TRPVAD2508032af8a59c,2025-08-03,GJ02,new,9,90,7,8
TRPVIS2508034ec81e73,2025-08-03,AP01,new,11,126,8,8
TRPIND2508035405828b,2025-08-03,MP01,repeated,25,223,8,7
TRPLUC250803a060d5dd,2025-08-03,UP01,repeated,13,143,6,7
TRPSUR2508037d2e45bd,2025-08-03,GJ01,repeated,5,59,6,8
TRPCHA250803b122894b,2025-08-03,CH01,new,33,323,8,8
TRPVAD25080330683777,2025-08-03,GJ02,repeated,12,114,5,5
TRPVIS25080342bae1b9,2025-08-03,AP01,repeated,22,225,9,9
TRPKOC2508036525b400,2025-08-03,KL01,new,30,361,10,8
TRPIND25080319d05359,2025-08-03,MP01,new,9,95,9,9
TRPSUR2508032458865b,2025-08-03,GJ01,repeated,6,67,6,5
TRPLUC25080359744cf2,2025-08-03,UP01,new,6,80,7,7
TRPKOC250803d0431792,2025-08-03,KL01,repeated,21,262,7,8
TRPLUC250803d3aa3c41,2025-08-03,UP01,repeated,9,107,6,7
TRPCHA2508039e92b911,2025-08-03,CH01,repeated,22,224,9,7
TRPLUC25080348bde5b7,2025-08-03,UP01,repeated,18,188,7,6
TRPLUC25080319a0f0ca,2025-08-03,UP01,repeated,14,152,7,6
TRPJAI2508038a5d5e15,2025-08-03,RJ01,repeated,21,289,9,9
TRPLUC250803a287a392,2025-08-03,UP01,new,7,89,7,7
TRPLUC2508033d4c8932,2025-08-03,UP01,new,8,98,7,7
TRPJAI25080360049c6b,2025-08-03,RJ01,new,28,373,10,9
TRPKOC25080307214f80,2025-08-03,KL01,new,30,361,10,10
TRPCOI2508035f56e8e0,2025-08-03,TN01,repeated,13,127,8,6
TRPKOC250803b43d1776,2025-08-03,KL01,new,25,306,8,10
TRPJAI2508034eb8af28,2025-08-03,RJ01,new,42,541,8,10
TRPIND2508030d4d4fee,2025-08-03,MP01,repeated,22,199,9,6
TRPVAD2508036694c31b,2025-08-03,GJ02,new,13,122,9,7
TRPVAD25080324026875,2025-08-03,GJ02,repeated,11,106,6,5
TRPJAI2508031e0d7a86,2025-08-03,RJ01,new,39,505,9,10
TRPMYS2508033acf1fef,2025-08-03,KA01,repeated,13,165,9,9
TRPLUC2508035070de43,2025-08-03,UP01,repeated,6,80,7,6
TRPSUR250803c169c33d,2025-08-03,GJ01,new,12,115,9,7
TRPSUR250803c5b796b0,2025-08-03,GJ01,repeated,10,99,7,6
TRPIND2508038505a38a,2025-08-03,MP01,repeated,14,135,9,7
TRPIND250803fbb33b6e,2025-08-03,MP01,repeated,9,95,6,9
TRPSUR250803f31d2d0c,2025-08-03,GJ01,repeated,15,139,6,8
TRPVIS250803d4901492,2025-08-03,AP01,repeated,21,216,9,10
TRPKOC250803cec7a99e,2025-08-03,KL01,repeated,18,229,7,8
TRPLUC250803ab7e2879,2025-08-03,UP01,new,14,152,8,6
TRPLUC2508036c9b166c,2025-08-03,UP01,repeated,18,188,5,8
TRPLUC250803ea436b8a,2025-08-03,UP01,repeated,15,161,7,6
TRPVIS2508031b83d32c,2025-08-03,AP01,repeated,29,288,7,10
TRPJAI250803d5fb00bf,2025-08-03,RJ01,new,32,421,9,10
TRPVAD250803ac03e5e7,2025-08-03,GJ02,repeated,11,106,5,6
TRPJAI25080372864ea2,2025-08-03,RJ01,new,43,553,8,9
TRPLUC2508032746839a,2025-08-03,UP01,repeated,10,116,7,5
TRPSUR2508037d2ea8f3,2025-08-03,GJ01,repeated,10,99,7,7
TRPSUR25080340eabc40,2025-08-03,GJ01,new,11,107,9,8
TRPSUR2508037362efc1,2025-08-03,GJ01,repeated,16,147,7,7
TRPJAI250803e171fe0b,2025-08-03,RJ01,new,26,349,9,9
TRPJAI2508036986b2a1,2025-08-03,RJ01,repeated,31,409,7,9
TRPCHA250803c98969b4,2025-08-03,CH01,repeated,34,332,6,9
TRPKOC250803807c5432,2025-08-03,KL01,repeated,24,295,7,9
TRPJAI250803f4cc0b21,2025-08-03,RJ01,new,15,217,8,8
TRPVIS250803597e006f,2025-08-03,AP01,new,29,288,10,9
TRPIND2508034fe980d0,2025-08-03,MP01,repeated,25,223,6,8
TRPJAI2508034c657dbe,2025-08-03,RJ01,new,37,481,10,9
TRPSUR25080351c8a8c2,2025-08-03,GJ01,repeated,12,115,6,5
TRPSUR250803a65f8de3,2025-08-03,GJ01,repeated,16,147,5,7
TRPVAD250803101e75e6,2025-08-03,GJ02,repeated,14,130,6,5
TRPVAD250803f5bd25d8,2025-08-03,GJ02,repeated,13,122,6,5
TRPLUC25080392e17d96,2025-08-03,UP01,repeated,13,143,5,8
TRPLUC25080365653eca,2025-08-03,UP01,repeated,13,143,7,6
TRPLUC250803fa0c4a63,2025-08-03,UP01,repeated,20,206,7,6
TRPLUC250803c83f08fc,2025-08-03,UP01,new,14,152,7,7
TRPKOC250803f144ab4b,2025-08-03,KL01,repeated,13,174,9,8
TRPSUR250803f4ece117,2025-08-03,GJ01,repeated,7,75,6,7
TRPJAI250803ec05e5c1,2025-08-03,RJ01,new,35,457,8,9
TRPMYS250803d8800935,2025-08-03,KA01,new,21,245,9,10
TRPSUR2508033a63e061,2025-08-03,GJ01,repeated,7,75,7,8
TRPLUC250803d7d1db53,2025-08-03,UP01,repeated,19,197,5,8
TRPVIS250803906cb882,2025-08-03,AP01,new,16,171,8,9
TRPCHA250803e83e99d8,2025-08-03,CH01,repeated,15,161,6,6
TRPVAD2508034b332a64,2025-08-03,GJ02,repeated,7,74,5,8
TRPSUR2508036517fddb,2025-08-03,GJ01,repeated,5,59,6,5
TRPIND250803b142808d,2025-08-03,MP01,repeated,20,183,6,8
TRPIND250803da2263a5,2025-08-03,MP01,repeated,20,183,6,7
TRPVIS250803ccd2f79d,2025-08-03,AP01,new,30,297,10,9
TRPJAI25080357761531,2025-08-03,RJ01,repeated,36,469,8,9
TRPLUC25080346c66959,2025-08-03,UP01,new,6,80,9,7
TRPLUC250803e06550c2,2025-08-03,UP01,new,9,107,9,7
TRPVIS2508037cfa4001,2025-08-03,AP01,repeated,32,315,8,10
TRPJAI250803c9474e3a,2025-08-03,RJ01,new,34,445,8,9
TRPVIS250803b8ee19c7,2025-08-03,AP01,repeated,18,189,9,10
TRPJAI25080329bc0067,2025-08-03,RJ01,repeated,24,325,9,10
TRPLUC250803bb49b20a,2025-08-03,UP01,repeated,11,125,6,6
TRPVIS25080354a3c29a,2025-08-03,AP01,new,21,216,10,10
TRPJAI2508032e047b52,2025-08-03,RJ01,new,38,493,10,8
TRPJAI250803b40c0de7,2025-08-03,RJ01,repeated,34,445,7,10
TRPKOC250803f881f91f,2025-08-03,KL01,new,33,394,8,8
TRPIND25080318002969,2025-08-03,MP01,repeated,17,159,9,7
TRPKOC25080314417aff,2025-08-03,KL01,repeated,36,427,8,8
TRPLUC25080339cdfb0b,2025-08-03,UP01,new,11,125,9,7
TRPSUR250803869bb3ff,2025-08-03,GJ01,repeated,10,99,7,8
TRPLUC250803dbb884e2,2025-08-03,UP01,new,11,125,9,7
TRPIND2508038e43cd31,2025-08-03,MP01,repeated,13,127,9,9
TRPJAI250803a0a53169,2025-08-03,RJ01,repeated,30,397,7,8
TRPSUR250803ea5b6739,2025-08-03,GJ01,repeated,15,139,7,5
TRPJAI250803c3068879,2025-08-03,RJ01,new,20,277,10,9
TRPLUC25080325745516,2025-08-03,UP01,repeated,11,125,5,8
TRPJAI2508036c2dc737,2025-08-03,RJ01,repeated,37,481,9,9
TRPIND250803ba61326c,2025-08-03,MP01,repeated,14,135,6,7
TRPIND250803cfb3d3ac,2025-08-03,MP01,new,14,135,7,9
TRPIND2508032c50a35f,2025-08-03,MP01,repeated,10,103,6,6
TRPKOC25080397401fb7,2025-08-03,KL01,new,24,295,8,10
TRPLUC250803d0187afb,2025-08-03,UP01,repeated,15,161,5,5
TRPLUC250803a2bcf3e7,2025-08-03,UP01,repeated,7,89,6,8
TRPVAD250803a3ea8284,2025-08-03,GJ02,repeated,12,114,7,7
TRPLUC250803985bdee1,2025-08-03,UP01,new,13,143,7,6
TRPVAD2508036ca842be,2025-08-03,GJ02,repeated,6,66,6,5
TRPJAI25080368a4052f,2025-08-03,RJ01,repeated,26,349,9,10
TRPSUR2508036c481707,2025-08-03,GJ01,repeated,13,123,6,7
TRPLUC250803162c5a26,2025-08-03,UP01,repeated,7,89,5,7
TRPCHA25080387bc6c87,2025-08-03,CH01,new,17,179,9,7
TRPVAD250803e819cba2,2025-08-03,GJ02,repeated,6,66,6,5
TRPJAI2508032be15871,2025-08-03,RJ01,repeated,19,265,8,10
TRPJAI250803c4270937,2025-08-03,RJ01,repeated,43,553,7,8
TRPLUC250803fce02f2f,2025-08-03,UP01,repeated,10,116,6,5
TRPLUC25080347861a06,2025-08-03,UP01,repeated,19,197,5,6
TRPSUR2508031834f624,2025-08-03,GJ01,repeated,5,59,5,8
TRPCHA25080375d99151,2025-08-03,CH01,new,33,323,10,7
TRPJAI250803a1ca3260,2025-08-03,RJ01,repeated,39,505,8,10
TRPKOC2508038157d2cf,2025-08-03,KL01,new,26,317,10,9
TRPJAI250803a2adf7a4,2025-08-03,RJ01,new,34,445,9,8
TRPJAI250803e66f9b36,2025-08-03,RJ01,new,33,433,8,10
TRPVIS250803c273aaf2,2025-08-03,AP01,repeated,13,144,7,8
TRPVIS250803d9a7992f,2025-08-03,AP01,new,15,162,9,10
TRPLUC250803c6b0aa0c,2025-08-03,UP01,new,5,71,9,6
TRPJAI25080350f2adfd,2025-08-03,RJ01,new,27,361,10,10
TRPKOC250803d42f6c6d,2025-08-03,KL01,new,26,317,8,8
TRPKOC2508039ac01386,2025-08-03,KL01,new,15,196,10,9
TRPJAI250803a4a8683d,2025-08-03,RJ01,repeated,26,349,8,8
TRPLUC250803d302152a,2025-08-03,UP01,repeated,9,107,6,7
TRPSUR2508030b746ced,2025-08-03,GJ01,new,10,99,7,8
TRPCOI250803b60805f3,2025-08-03,TN01,repeated,13,127,7,9
TRPKOC250803050aaff2,2025-08-03,KL01,new,30,361,10,10
TRPVAD250803203a522a,2025-08-03,GJ02,repeated,6,66,6,8
TRPJAI2508035fa11e42,2025-08-03,RJ01,repeated,23,313,9,10
TRPLUC250803f24bd6b9,2025-08-03,UP01,repeated,14,152,6,7
TRPJAI250803417258f9,2025-08-03,RJ01,repeated,38,493,8,8
TRPVAD2508034ccc0626,2025-08-03,GJ02,repeated,11,106,7,6
TRPSUR2508030a7192e8,2025-08-03,GJ01,repeated,16,147,5,8
TRPSUR2508034b5a0f94,2025-08-03,GJ01,repeated,6,67,6,7
TRPSUR2508033d4e5984,2025-08-03,GJ01,new,13,123,8,6
TRPJAI25080385a40df8,2025-08-03,RJ01,repeated,32,421,9,9
TRPSUR250803241121d1,2025-08-03,GJ01,repeated,7,75,5,6
TRPLUC250803328ada43,2025-08-03,UP01,repeated,10,116,6,7
TRPVIS2508038e4649ac,2025-08-03,AP01,new,17,180,10,9
TRPLUC2508035b14d0f6,2025-08-03,UP01,new,5,71,7,8
TRPJAI25080311cb3b11,2025-08-03,RJ01,repeated,22,301,7,8
TRPSUR250803b1ac18c4,2025-08-03,GJ01,repeated,9,91,6,7
TRPVIS2508037421dd75,2025-08-03,AP01,repeated,32,315,7,8
TRPLUC250803188f6da5,2025-08-03,UP01,repeated,12,134,6,5
TRPVAD25080370e61e19,2025-08-03,GJ02,repeated,17,154,6,6
TRPCHA250803b046f781,2025-08-03,CH01,new,22,224,8,9
TRPLUC250803ba1b2028,2025-08-03,UP01,new,15,161,7,8
TRPCHA25080330b6187d,2025-08-03,CH01,repeated,27,269,7,6
TRPLUC250803dfef2dfc,2025-08-03,UP01,repeated,17,179,5,5
TRPSUR2508034e2cfc45,2025-08-03,GJ01,repeated,14,131,5,7
TRPJAI25080382cfcbfb,2025-08-03,RJ01,new,22,301,8,8
TRPIND2508032e6bf7bc,2025-08-03,MP01,new,14,135,9,7
TRPLUC250803098dbef4,2025-08-03,UP01,new,18,188,7,8
TRPIND25080393c53801,2025-08-03,MP01,repeated,11,111,6,9
TRPSUR2508031c557aaa,2025-08-03,GJ01,repeated,15,139,7,5
TRPVAD250803bf5ef126,2025-08-03,GJ02,repeated,13,122,6,5
TRPVAD25080366915c8f,2025-08-03,GJ02,repeated,15,138,5,5
TRPLUC2508034a341db3,2025-08-03,UP01,new,16,170,8,8
TRPCHA2508036ada4335,2025-08-03,CH01,repeated,32,314,8,6
TRPKOC25080300c053cd,2025-08-03,KL01,new,26,317,9,10
TRPCOI250803534d90ed,2025-08-03,TN01,repeated,15,143,8,9
TRPJAI250803fd237f30,2025-08-03,RJ01,new,30,397,8,10
TRPVAD2508031f245daa,2025-08-03,GJ02,new,9,90,8,8
TRPJAI2508034f0eb7ab,2025-08-03,RJ01,new,32,421,8,8
TRPJAI25080305bb272b,2025-08-03,RJ01,repeated,40,517,8,10
TRPJAI250803eb64218d,2025-08-03,RJ01,repeated,27,361,8,9
TRPLUC250803580d0eb8,2025-08-03,UP01,repeated,8,98,5,8
TRPCHA25080307866c06,2025-08-03,CH01,new,14,152,10,8
TRPIND2508036de479f6,2025-08-03,MP01,new,15,143,9,7
TRPSUR250803ab8bd099,2025-08-03,GJ01,repeated,16,147,6,6
TRPIND250803754d1a53,2025-08-03,MP01,repeated,12,119,6,9
TRPLUC250803de157b3c,2025-08-03,UP01,repeated,9,107,6,6
TRPVAD2508033b472698,2025-08-03,GJ02,repeated,10,98,7,5
TRPLUC25080350d424bd,2025-08-03,UP01,new,11,125,8,8
TRPLUC25080343e8b4bc,2025-08-03,UP01,new,15,161,8,6
TRPIND250803aaf619b0,2025-08-03,MP01,repeated,23,207,9,9
TRPIND25080398271582,2025-08-03,MP01,repeated,12,119,7,9
TRPLUC250803c2f15062,2025-08-03,UP01,repeated,18,188,7,7
TRPSUR250803fc15048e,2025-08-03,GJ01,repeated,13,123,7,7
TRPLUC250803efe13ad8,2025-08-03,UP01,repeated,14,152,7,5
TRPJAI2508036bf0bb6c,2025-08-03,RJ01,new,42,541,8,9
TRPVIS2508034148d770,2025-08-03,AP01,repeated,14,153,8,9
TRPLUC250803ace6aae6,2025-08-03,UP01,new,8,98,8,7
TRPCHA250803f4f3dd37,2025-08-03,CH01,new,13,143,9,9
TRPLUC250803113047c8,2025-08-03,UP01,repeated,13,143,5,8
TRPMYS2508030eb350d5,2025-08-03,KA01,repeated,20,235,7,8
TRPSUR250803f96d0854,2025-08-03,GJ01,new,13,123,7,7
TRPCHA250803ccd6ae7d,2025-08-03,CH01,new,17,179,10,8
TRPLUC25080331b9ad5f,2025-08-03,UP01,repeated,6,80,6,8
TRPCHA25080328e9f4f5,2025-08-03,CH01,repeated,29,287,9,8
TRPSUR2508032fea5498,2025-08-03,GJ01,repeated,13,123,5,8
TRPJAI25080315929fbb,2025-08-03,RJ01,repeated,17,241,8,9
TRPJAI25080361ac1605,2025-08-03,RJ01,repeated,18,253,7,9
TRPVIS250803fe0d1175,2025-08-03,AP01,repeated,35,342,7,8
TRPMYS250803d74f95ec,2025-08-03,KA01,new,22,255,9,9
TRPVAD2508032ac9372a,2025-08-03,GJ02,repeated,13,122,6,6
TRPJAI25080362e6aabb,2025-08-03,RJ01,repeated,24,325,7,10
TRPCHA250803a402d71b,2025-08-03,CH01,new,12,134,9,9
TRPJAI2508038e3f00fe,2025-08-03,RJ01,repeated,31,409,9,10
TRPKOC250803513de8de,2025-08-03,KL01,repeated,24,295,9,8
TRPVIS250803da3e954b,2025-08-03,AP01,repeated,17,180,8,8
TRPLUC250803c28242e4,2025-08-03,UP01,new,18,188,8,8
TRPKOC250803c34bb0b8,2025-08-03,KL01,new,15,196,10,9
TRPSUR250803da534e0b,2025-08-03,GJ01,repeated,6,67,7,6
TRPSUR2508036606cc41,2025-08-03,GJ01,repeated,7,75,5,6
TRPKOC25080396c69260,2025-08-03,KL01,new,31,372,8,10
TRPCHA2508035d28d585,2025-08-03,CH01,repeated,33,323,8,7
TRPSUR250803d4541477,2025-08-03,GJ01,repeated,11,107,5,5
TRPVAD2508034a49dd21,2025-08-03,GJ02,new,9,90,7,6
TRPVIS2508033eb446a9,2025-08-03,AP01,repeated,16,171,9,10
TRPKOC250803017bc6a8,2025-08-03,KL01,new,34,405,10,10
TRPIND2508031e6af9ad,2025-08-03,MP01,new,15,143,10,7
TRPLUC250803d8dfb51d,2025-08-03,UP01,repeated,6,80,6,8
TRPCOI2508033b78b3b6,2025-08-03,TN01,repeated,19,175,7,6
TRPCHA25080310357dee,2025-08-03,CH01,repeated,34,332,6,6
TRPLUC250803107fda73,2025-08-03,UP01,repeated,8,98,5,6
TRPSUR250803da1d2d85,2025-08-03,GJ01,new,17,155,7,7
TRPJAI2508033ce844c7,2025-08-03,RJ01,repeated,44,565,9,10
TRPCHA250803f27ce7ba,2025-08-03,CH01,new,24,242,7,7
TRPLUC25080369cab8ff,2025-08-03,UP01,new,18,188,9,8
TRPKOC250803121942f1,2025-08-03,KL01,repeated,16,207,8,10
TRPJAI2508033cda64f3,2025-08-03,RJ01,new,21,289,3,1
TRPJAI2508031a27cfc4,2025-08-03,RJ01,new,24,325,10,9
TRPLUC2508030fe94067,2025-08-03,UP01,new,14,152,8,6
TRPLUC25080302a226e8,2025-08-03,UP01,repeated,12,134,7,8
TRPLUC2508035af3f482,2025-08-03,UP01,repeated,12,134,7,8
TRPVIS2508030d347fa8,2025-08-03,AP01,new,10,117,10,10
TRPSUR2508032f03bb6f,2025-08-03,GJ01,repeated,9,91,5,5
TRPVAD250803b64e8f39,2025-08-03,GJ02,repeated,10,98,5,6
TRPLUC250803fe700152,2025-08-03,UP01,repeated,9,107,7,8
TRPKOC250803c527a385,2025-08-03,KL01,repeated,26,317,8,9
TRPLUC250803b15cd886,2025-08-03,UP01,repeated,16,170,5,5
TRPLUC250803fdc67582,2025-08-03,UP01,repeated,6,80,6,7
TRPLUC2508039b2cd065,2025-08-03,UP01,repeated,16,170,7,8
TRPSUR2508030fb3514f,2025-08-03,GJ01,repeated,12,115,5,8
TRPCHA2508035f653b93,2025-08-03,CH01,repeated,15,161,9,8
TRPIND2508039f8befe0,2025-08-03,MP01,repeated,19,175,6,7
TRPJAI25080367398fef,2025-08-03,RJ01,repeated,42,541,9,9
TRPLUC250803d44ad6a4,2025-08-03,UP01,repeated,18,188,3,3
TRPLUC250803766e1811,2025-08-03,UP01,repeated,18,188,5,8
TRPCOI2508035f0c6fa5,2025-08-03,TN01,repeated,22,199,7,7
TRPIND250803526f6a71,2025-08-03,MP01,repeated,20,183,9,7
TRPCOI250803c01d0448,2025-08-03,TN01,new,8,87,8,9
TRPCHA2508030b7ad34c,2025-08-03,CH01,repeated,14,152,6,7
TRPJAI250803eef58f04,2025-08-03,RJ01,repeated,16,229,7,8
TRPJAI25080338e863c8,2025-08-03,RJ01,repeated,44,565,9,8
TRPVAD2508034f0adf6e,2025-08-03,GJ02,repeated,6,66,6,8
TRPIND25080386f89daf,2025-08-03,MP01,new,21,191,9,7
TRPLUC250803fc10fc91,2025-08-03,UP01,repeated,6,80,7,6
TRPVIS250803ec5870a4,2025-08-03,AP01,new,33,324,8,9
TRPLUC2508038b42373c,2025-08-03,UP01,repeated,16,170,6,6
TRPLUC2508039529d23a,2025-08-03,UP01,repeated,7,89,5,6
TRPSUR2508035d2b2bae,2025-08-03,GJ01,repeated,17,155,7,8
TRPVAD250803bcd14ea8,2025-08-03,GJ02,new,11,106,8,7
TRPCHA250803897301b2,2025-08-03,CH01,new,20,206,8,7
TRPSUR250803d74d23cb,2025-08-03,GJ01,repeated,9,91,7,6
TRPVIS250803a7e2f5d9,2025-08-03,AP01,new,31,306,9,8
TRPSUR250803cd00ee53,2025-08-03,GJ01,repeated,11,107,5,6
TRPMYS250803d4731c9b,2025-08-03,KA01,new,16,195,10,9
TRPCHA250803fcbfce82,2025-08-03,CH01,repeated,15,161,9,7
TRPSUR250803c2eabdb1,2025-08-03,GJ01,repeated,11,107,7,7
TRPVAD250803c799cd09,2025-08-03,GJ02,repeated,18,162,5,5
TRPCHA250803bceabc21,2025-08-03,CH01,new,33,323,8,9
TRPJAI250803b575dbd6,2025-08-03,RJ01,repeated,16,229,9,9
TRPCOI250803a182d4ab,2025-08-03,TN01,repeated,14,135,8,9
TRPCOI250803147aadd0,2025-08-03,TN01,repeated,13,127,9,8
TRPJAI2508036b9ffa96,2025-08-03,RJ01,new,43,553,9,9
TRPJAI250803bb50492f,2025-08-03,RJ01,new,40,517,8,9
TRPLUC250803dca8be0a,2025-08-03,UP01,repeated,6,80,5,7
TRPIND250803ed0d091e,2025-08-03,MP01,repeated,22,199,6,8
TRPSUR250803f63a7fc8,2025-08-03,GJ01,repeated,9,91,2,1
TRPIND250803ac42877a,2025-08-03,MP01,repeated,23,207,6,9
TRPLUC250803163e25ca,2025-08-03,UP01,repeated,10,116,7,5
TRPJAI25080332bf3fe7,2025-08-03,RJ01,repeated,15,217,8,10
TRPKOC250803269e8d92,2025-08-03,KL01,new,16,207,10,8
TRPCHA250803f0e07809,2025-08-03,CH01,new,21,215,8,8
TRPKOC250803cc2de531,2025-08-03,KL01,new,26,317,9,9
TRPLUC25080327578fbd,2025-08-03,UP01,new,20,206,8,7
TRPCHA250803a249668c,2025-08-03,CH01,new,33,323,10,7
TRPLUC250803b6c30eba,2025-08-03,UP01,repeated,20,206,5,6
TRPIND2508030d6c4f52,2025-08-03,MP01,repeated,21,191,6,9
TRPSUR2508035d239a5c,2025-08-03,GJ01,repeated,6,67,6,8
TRPCOI2508033efb59fd,2025-08-03,TN01,repeated,12,119,6,6
TRPCHA250803b1ce5ce7,2025-08-03,CH01,new,33,323,10,7
TRPCHA250803557fe020,2025-08-03,CH01,new,24,242,7,7
TRPJAI25080300d76361,2025-08-03,RJ01,new,41,529,8,8
TRPLUC25080317f623e7,2025-08-03,UP01,repeated,14,152,5,7
TRPVAD2508037a963049,2025-08-03,GJ02,repeated,7,74,6,8
TRPSUR2508038cb2a231,2025-08-03,GJ01,repeated,6,67,5,6
TRPIND250803c1b4939b,2025-08-03,MP01,repeated,21,191,9,7
TRPJAI250803cfdfc865,2025-08-03,RJ01,new,17,241,9,10
TRPKOC2508034a33dc4d,2025-08-03,KL01,new,25,306,8,9
TRPIND250803b4c1e867,2025-08-03,MP01,repeated,13,127,7,9
TRPLUC250803e04baaef,2025-08-03,UP01,new,20,206,8,7
TRPKOC250803ec2e077c,2025-08-03,KL01,new,29,350,9,9
TRPSUR250803115d38c9,2025-08-03,GJ01,new,6,67,8,7
TRPJAI2508033e7ddb3a,2025-08-03,RJ01,new,35,457,10,9
TRPLUC25080325eeb1e5,2025-08-03,UP01,repeated,16,170,5,8
TRPKOC2508035d840e57,2025-08-03,KL01,new,29,350,9,8
TRPKOC250803c4bdc4bb,2025-08-03,KL01,new,37,438,9,9
TRPLUC2508030e1afafb,2025-08-03,UP01,new,20,206,9,7
TRPCOI2508031e402ccb,2025-08-03,TN01,repeated,11,111,9,9
TRPKOC250803a311cd2e,2025-08-03,KL01,new,23,284,10,9
TRPVAD2508030e2d0227,2025-08-03,GJ02,repeated,8,82,6,8
TRPJAI25080317417d4b,2025-08-03,RJ01,new,45,577,9,9
TRPLUC250803059d721e,2025-08-03,UP01,repeated,17,179,5,8
TRPCOI2508036fe4f410,2025-08-03,TN01,repeated,12,119,9,9
TRPVAD250803320365a9,2025-08-03,GJ02,repeated,8,82,6,5
TRPCHA2508031829d772,2025-08-03,CH01,repeated,28,278,7,9
TRPSUR25080335e3ce56,2025-08-03,GJ01,repeated,16,147,5,7
TRPSUR2508037279f344,2025-08-03,GJ01,repeated,6,67,5,5
TRPCHA250803c2ee777b,2025-08-03,CH01,repeated,27,269,8,9
TRPKOC2508030f7b140f,2025-08-03,KL01,repeated,30,361,8,9
TRPLUC2508032a279452,2025-08-03,UP01,repeated,15,161,5,6
TRPLUC25080378707a40,2025-08-03,UP01,new,18,188,7,8
TRPCHA2508032cae39fa,2025-08-03,CH01,repeated,12,134,8,6
TRPLUC250803b8d06bf3,2025-08-03,UP01,repeated,5,71,7,7
TRPIND250803bb158c2b,2025-08-03,MP01,repeated,14,135,8,8
TRPLUC250803df88977b,2025-08-03,UP01,new,7,89,7,8
TRPVAD250803cf660b15,2025-08-03,GJ02,repeated,11,106,6,6
TRPVAD25080394c3c6b7,2025-08-03,GJ02,repeated,18,162,7,7
TRPJAI25080397928996,2025-08-03,RJ01,new,36,469,8,8
TRPJAI250803ae1f912f,2025-08-03,RJ01,new,18,253,8,10
TRPJAI250803d28080d8,2025-08-03,RJ01,new,34,445,10,9
TRPSUR2508035f178482,2025-08-03,GJ01,repeated,15,139,6,7
TRPCOI25080387a48ff3,2025-08-03,TN01,new,8,87,7,8
TRPVAD250803b163a5d9,2025-08-03,GJ02,repeated,7,74,6,5
TRPKOC250803abb639cd,2025-08-03,KL01,new,29,350,10,8
TRPMYS250803e6656020,2025-08-03,KA01,new,15,185,8,8
TRPCOI2508033ddd3014,2025-08-03,TN01,repeated,21,191,7,7
TRPIND25080315da6a72,2025-08-03,MP01,repeated,13,127,8,7
TRPIND25080343f30b06,2025-08-03,MP01,new,17,159,9,9
TRPLUC2508031c9dd8fa,2025-08-03,UP01,repeated,15,161,7,5
TRPKOC2508038eaa998b,2025-08-03,KL01,repeated,31,372,8,8
TRPLUC250803447325e6,2025-08-03,UP01,new,18,188,9,8
TRPCOI250803cecedd2b,2025-08-03,TN01,repeated,8,87,7,7
TRPJAI25080325bd1f10,2025-08-03,RJ01,new,23,313,9,10
TRPIND250803f862dd0e,2025-08-03,MP01,repeated,15,143,7,6
TRPKOC2508035e9d56f8,2025-08-03,KL01,repeated,21,262,8,9
TRPLUC250803f301e1d5,2025-08-03,UP01,repeated,13,143,6,6
TRPSUR2508034a6b4e5c,2025-08-03,GJ01,repeated,13,123,5,7
TRPJAI250803754d03ec,2025-08-03,RJ01,new,30,397,8,9
TRPLUC250803861b6354,2025-08-03,UP01,repeated,19,197,7,6
TRPJAI250803be5c648b,2025-08-03,RJ01,new,41,529,9,10
TRPSUR250803f8841e2d,2025-08-03,GJ01,repeated,16,147,5,8
TRPJAI250803002bf481,2025-08-03,RJ01,new,29,385,10,9
TRPLUC250803c5fdd787,2025-08-03,UP01,repeated,18,188,7,8
TRPLUC2508036feaeb1d,2025-08-03,UP01,new,20,206,9,7
TRPCHA250803a77f5942,2025-08-03,CH01,new,18,188,10,7
TRPCHA250803e09f1afa,2025-08-03,CH01,new,34,332,10,9
TRPKOC250803fd145196,2025-08-03,KL01,new,16,207,9,9
TRPVAD250803b61b8d7d,2025-08-03,GJ02,repeated,12,114,7,6
TRPLUC2508030a2e70b1,2025-08-03,UP01,repeated,15,161,5,7
TRPVAD2508039857228f,2025-08-03,GJ02,repeated,7,74,6,8
TRPKOC2508030bddbd6b,2025-08-03,KL01,new,12,163,9,9
TRPCOI2508037d9d391d,2025-08-03,TN01,new,22,199,7,7
TRPJAI2508035bd2d376,2025-08-03,RJ01,repeated,24,325,9,8
TRPLUC250803434d19f9,2025-08-03,UP01,repeated,19,197,6,6
TRPSUR250803a3564c57,2025-08-03,GJ01,repeated,8,83,7,5
TRPSUR250803ef033823,2025-08-03,GJ01,repeated,13,123,6,6
TRPVIS2508035466bfe7,2025-08-03,AP01,new,27,270,10,10
TRPVIS2508037722311a,2025-08-03,AP01,new,35,342,10,9
TRPSUR250803c308b640,2025-08-03,GJ01,repeated,11,107,6,8
TRPIND2508031a05a962,2025-08-03,MP01,repeated,24,215,6,8
TRPKOC2508032a2e5acb,2025-08-03,KL01,new,25,306,10,8
TRPJAI25080385a24704,2025-08-03,RJ01,new,32,421,10,9
TRPVAD2508037cb364de,2025-08-03,GJ02,repeated,12,114,5,8
TRPVIS250803a1023d32,2025-08-03,AP01,repeated,11,126,8,10
TRPLUC250803c238169c,2025-08-03,UP01,repeated,17,179,7,8
TRPLUC250803a45ed0b0,2025-08-03,UP01,repeated,12,134,5,6
TRPCHA250803bb3e1726,2025-08-03,CH01,new,13,143,10,8
TRPLUC250803cf27239f,2025-08-03,UP01,repeated,15,161,6,5
TRPLUC250803b9e6da90,2025-08-03,UP01,new,12,134,7,6
TRPSUR250803e5190ec6,2025-08-03,GJ01,new,6,67,8,7
TRPKOC250803d79b2515,2025-08-03,KL01,new,26,317,10,10
TRPSUR2508032fd6b5b9,2025-08-03,GJ01,repeated,17,155,7,6
TRPLUC25080357f4e72d,2025-08-03,UP01,new,20,206,8,7
TRPVIS2508037fc91f2d,2025-08-03,AP01,repeated,21,216,9,9
TRPCOI25080389160194,2025-08-03,TN01,new,20,183,9,7
TRPLUC250803bdfa0022,2025-08-03,UP01,repeated,15,161,7,5
TRPLUC25080335614f3b,2025-08-03,UP01,new,20,206,9,8
TRPVIS250803c16da28b,2025-08-03,AP01,new,35,342,8,8
TRPLUC2508037521c49a,2025-08-03,UP01,repeated,8,98,6,6
TRPMYS2508038a7d177e,2025-08-03,KA01,new,24,275,9,9
TRPLUC2508035c095ee5,2025-08-03,UP01,repeated,19,197,5,8
TRPVAD2508032c48f781,2025-08-03,GJ02,new,6,66,9,6
TRPIND250803d3d6852f,2025-08-03,MP01,repeated,21,191,8,6
TRPSUR25080394728d23,2025-08-03,GJ01,repeated,7,75,5,6
TRPJAI250803ff109653,2025-08-03,RJ01,new,24,325,10,10
TRPKOC2508036cf33999,2025-08-03,KL01,repeated,26,317,8,9
TRPJAI250803b1a187da,2025-08-03,RJ01,new,25,337,9,8
TRPKOC250803d48b0a64,2025-08-03,KL01,new,23,284,10,8
TRPLUC2508033d61f3de,2025-08-03,UP01,new,13,143,8,6
TRPSUR250803b0169ef2,2025-08-03,GJ01,repeated,11,107,6,5
TRPLUC250803d1bb5f63,2025-08-03,UP01,new,13,143,9,7
TRPLUC250803a45fcb0f,2025-08-03,UP01,repeated,7,89,7,6
TRPCHA2508034d929f01,2025-08-03,CH01,repeated,25,251,7,7
TRPJAI2508039264b180,2025-08-03,RJ01,repeated,36,469,7,9
TRPKOC250803716a775b,2025-08-03,KL01,new,24,295,8,8
TRPLUC250803e5cfd745,2025-08-03,UP01,repeated,9,107,6,7
TRPLUC2508038443e9cf,2025-08-03,UP01,repeated,7,89,6,6
TRPJAI25080306f246eb,2025-08-03,RJ01,new,38,493,8,8
TRPJAI25080338188d7b,2025-08-03,RJ01,repeated,44,565,7,9
TRPJAI2508038d56bf7c,2025-08-03,RJ01,repeated,32,421,7,9
TRPSUR2508039f81a522,2025-08-03,GJ01,new,12,115,8,8
TRPKOC250803d42c1371,2025-08-03,KL01,new,24,295,9,10
TRPSUR250803a0ef0c68,2025-08-03,GJ01,repeated,6,67,7,8
TRPLUC25080374e326f0,2025-08-03,UP01,new,9,107,7,6
TRPLUC250803f199c4d1,2025-08-03,UP01,new,18,188,8,7
TRPJAI2508039c0e9478,2025-08-03,RJ01,repeated,37,481,7,10
TRPMYS250803284b6a4f,2025-08-03,KA01,new,12,155,9,10
TRPJAI2508034ac650b3,2025-08-03,RJ01,repeated,41,529,9,9
TRPLUC250803a41eb88e,2025-08-03,UP01,repeated,10,116,6,7
TRPSUR2508039c69dc7d,2025-08-03,GJ01,repeated,12,115,7,6
TRPJAI25080389465270,2025-08-03,RJ01,new,37,481,9,9
TRPJAI25080371f59473,2025-08-03,RJ01,new,32,421,9,8
TRPJAI250803f1b9b70e,2025-08-03,RJ01,new,30,397,9,10
TRPSUR25080355cb0b4b,2025-08-03,GJ01,repeated,12,115,6,5
TRPIND2508036fe9b2a4,2025-08-03,MP01,new,9,95,8,7
TRPVAD250803486adddc,2025-08-03,GJ02,new,7,74,8,8
TRPLUC250803d62fd4b3,2025-08-03,UP01,repeated,8,98,5,6
TRPSUR25080306e43847,2025-08-03,GJ01,repeated,12,115,5,8
TRPIND250803732e6709,2025-08-03,MP01,repeated,24,215,6,9
TRPLUC2508036e2d8103,2025-08-03,UP01,repeated,20,206,5,7
TRPMYS2508034021b7a2,2025-08-03,KA01,repeated,15,185,9,9
TRPMYS2508031dbc919a,2025-08-03,KA01,new,15,185,8,9
TRPSUR2508039e6e9641,2025-08-03,GJ01,repeated,5,59,7,7
TRPSUR250803149928bd,2025-08-03,GJ01,repeated,6,67,6,8
TRPJAI2508037ae7c1be,2025-08-03,RJ01,repeated,35,457,7,9
TRPCHA250803835a6b60,2025-08-03,CH01,new,25,251,10,7
TRPKOC250803f5744598,2025-08-03,KL01,repeated,23,284,9,10
TRPLUC25080330d3fc17,2025-08-03,UP01,repeated,13,143,5,6
TRPVIS250803faaee60a,2025-08-03,AP01,new,34,333,8,9
TRPSUR250803c22762c9,2025-08-03,GJ01,repeated,9,91,6,5
TRPJAI250803485be90e,2025-08-03,RJ01,repeated,37,481,9,9
TRPLUC25080371d50b7e,2025-08-03,UP01,repeated,20,206,7,6
TRPSUR25080339f843c4,2025-08-03,GJ01,repeated,6,67,7,6
TRPLUC25080374bf37ea,2025-08-03,UP01,repeated,12,134,7,5
TRPSUR250803d83e9c67,2025-08-03,GJ01,repeated,7,75,7,6
TRPJAI250803516270f7,2025-08-03,RJ01,new,36,469,9,8
TRPLUC2508034e0757f3,2025-08-03,UP01,repeated,14,152,7,8
TRPCOI2508033606d34b,2025-08-03,TN01,new,19,175,10,9
TRPLUC250803b11f9c5b,2025-08-03,UP01,repeated,19,197,7,6
TRPVAD25080380ffc197,2025-08-03,GJ02,repeated,18,162,7,5
TRPKOC250803898882e0,2025-08-03,KL01,new,31,372,8,10
TRPCHA2508038538a50e,2025-08-03,CH01,new,27,269,8,7
TRPCHA2508034a1fe2a9,2025-08-03,CH01,new,29,287,10,9
TRPKOC250803b95e6f45,2025-08-03,KL01,repeated,29,350,7,8
TRPMYS2508039cc91f64,2025-08-03,KA01,new,13,165,10,10
TRPSUR250803e19b62b4,2025-08-03,GJ01,repeated,17,155,6,5
TRPVIS2508038a73bc31,2025-08-03,AP01,new,31,306,9,10
TRPCHA250803d09159b1,2025-08-03,CH01,new,13,143,8,8
TRPVAD250803585e018a,2025-08-03,GJ02,new,5,58,8,8
TRPJAI2508035381b880,2025-08-03,RJ01,new,39,505,10,9
TRPIND250803fcc8d135,2025-08-03,MP01,repeated,10,103,9,7
TRPVIS250803ef810a42,2025-08-03,AP01,repeated,28,279,7,8
TRPKOC250803d18993fc,2025-08-03,KL01,new,37,438,10,9
TRPCOI250803cd03fba8,2025-08-03,TN01,repeated,16,151,7,9
TRPCOI25080364a35a9a,2025-08-03,TN01,new,17,159,9,8
TRPMYS250803e0148f14,2025-08-03,KA01,new,9,125,8,10
TRPIND250803f26978ac,2025-08-03,MP01,repeated,14,135,8,7
TRPJAI2508033243c670,2025-08-03,RJ01,repeated,33,433,7,8
TRPJAI250803014ccc7c,2025-08-03,RJ01,new,36,469,10,10
TRPKOC25080353d31cc6,2025-08-03,KL01,repeated,26,317,8,9
TRPCOI250803bb84e769,2025-08-03,TN01,repeated,11,111,7,6
TRPJAI250803d0c00ad0,2025-08-03,RJ01,new,15,217,10,9
TRPKOC2508038f920395,2025-08-03,KL01,repeated,31,372,8,9
TRPJAI2508030ce738a9,2025-08-03,RJ01,new,23,313,9,8
TRPCOI250803624f2d76,2025-08-03,TN01,repeated,9,95,7,8
TRPJAI25080348d2c312,2025-08-03,RJ01,new,29,385,8,8
TRPKOC2508038f4245a2,2025-08-03,KL01,new,34,405,8,8
TRPMYS250803937f3ddd,2025-08-03,KA01,repeated,20,235,7,8
TRPKOC2508031b0035af,2025-08-03,KL01,new,26,317,9,9
TRPCHA250803ae2bba78,2025-08-03,CH01,repeated,15,161,6,7
TRPSUR25080370e89edd,2025-08-03,GJ01,repeated,13,123,5,5
TRPSUR250803d4af3335,2025-08-03,GJ01,repeated,5,59,5,6
TRPCOI2508032e89edcc,2025-08-03,TN01,new,9,95,10,7
TRPLUC250803f8e64086,2025-08-03,UP01,repeated,6,80,5,8
TRPLUC250803fc5bbd22,2025-08-03,UP01,repeated,14,152,6,8
TRPJAI25080334a4c1e1,2025-08-03,RJ01,new,42,541,9,8
TRPJAI2508033c738a99,2025-08-03,RJ01,new,31,409,8,8
TRPSUR250803c97d838c,2025-08-03,GJ01,new,11,107,8,6
TRPVAD2508030bf6563e,2025-08-03,GJ02,new,12,114,7,6
TRPKOC2508033c7c5ad8,2025-08-03,KL01,repeated,22,273,8,9
TRPVIS2508035bee8c5b,2025-08-03,AP01,repeated,13,144,9,9
TRPLUC25080306475b4c,2025-08-03,UP01,repeated,14,152,5,7
TRPCOI250803ba510446,2025-08-03,TN01,repeated,14,135,9,9
TRPCOI25080367cddd1c,2025-08-03,TN01,repeated,16,151,7,7
TRPKOC2508036a51c90f,2025-08-03,KL01,repeated,14,185,7,8
TRPLUC25080335cdee21,2025-08-03,UP01,repeated,8,98,5,8
TRPCHA25080359ee7a68,2025-08-03,CH01,repeated,22,224,9,8
TRPCOI25080339bdf2f8,2025-08-03,TN01,new,9,95,9,7
TRPJAI250803c00a710e,2025-08-03,RJ01,repeated,36,469,9,9
TRPCHA25080367e9d832,2025-08-03,CH01,new,21,215,8,9
TRPSUR25080336b6aa07,2025-08-03,GJ01,repeated,15,139,6,6
TRPVIS25080302ff251d,2025-08-03,AP01,new,11,126,10,8
TRPLUC25080369cd9280,2025-08-03,UP01,repeated,11,125,5,6
TRPSUR2508031221c5c8,2025-08-03,GJ01,repeated,14,131,6,8
TRPKOC250803a6a7dc3d,2025-08-03,KL01,repeated,28,339,7,9
TRPSUR2508032a856a8f,2025-08-03,GJ01,repeated,16,147,6,8
TRPCHA2508034b78f109,2025-08-03,CH01,repeated,23,233,6,7
TRPIND2508032c983643,2025-08-03,MP01,repeated,19,175,9,9
TRPVIS250803a951e816,2025-08-03,AP01,repeated,28,279,7,8
TRPVAD25080303225255,2025-08-03,GJ02,repeated,10,98,6,5
TRPVAD2508035a2e98df,2025-08-03,GJ02,repeated,5,58,5,8
TRPKOC2508034049b6a6,2025-08-03,KL01,new,16,207,10,10
TRPMYS25080320c51976,2025-08-03,KA01,new,12,155,8,8
TRPJAI250803639f9911,2025-08-03,RJ01,new,40,517,9,8
TRPJAI2508031291be3f,2025-08-03,RJ01,new,44,565,9,10
TRPVAD25080313b33d74,2025-08-03,GJ02,new,14,130,7,8
TRPKOC250803480262bb,2025-08-03,KL01,repeated,17,218,8,10
TRPLUC25080391ff1e58,2025-08-03,UP01,repeated,17,179,5,8
TRPJAI250803b1bc3553,2025-08-03,RJ01,new,20,277,9,10
TRPKOC2508034b3529f9,2025-08-03,KL01,new,38,449,9,8
TRPIND250803bf65b3d2,2025-08-03,MP01,new,10,103,8,8
TRPLUC250803e47c52e8,2025-08-03,UP01,repeated,19,197,7,6
TRPLUC250803040f9fea,2025-08-03,UP01,repeated,8,98,7,8
TRPLUC2508038ef69061,2025-08-03,UP01,repeated,19,197,6,6
TRPIND2508039f24fce1,2025-08-03,MP01,repeated,18,167,8,9
TRPSUR2508031840190d,2025-08-03,GJ01,repeated,14,131,7,5
TRPKOC250803a749998f,2025-08-03,KL01,repeated,12,163,9,8
TRPSUR250803d06ffb2c,2025-08-03,GJ01,repeated,13,123,7,7
TRPLUC250803488a99b0,2025-08-03,UP01,repeated,18,188,5,5
TRPSUR2508034af64fe6,2025-08-03,GJ01,repeated,15,139,5,6
TRPSUR250803909e57a6,2025-08-03,GJ01,new,10,99,9,8
TRPLUC250803adcd0c72,2025-08-03,UP01,new,12,134,8,8
TRPSUR250803d185b049,2025-08-03,GJ01,repeated,9,91,7,7
TRPIND250803ea173855,2025-08-03,MP01,repeated,14,135,8,6
TRPKOC2508035acfc68c,2025-08-03,KL01,new,10,141,8,9
TRPKOC25080314e592a9,2025-08-03,KL01,repeated,15,196,9,10
TRPLUC250803312eed18,2025-08-03,UP01,repeated,16,170,6,7
TRPLUC250803f40bd0e1,2025-08-03,UP01,repeated,9,107,6,8
TRPLUC250803b03a7833,2025-08-03,UP01,repeated,17,179,7,6
TRPLUC2508030e7b8bc9,2025-08-03,UP01,repeated,19,197,6,7
TRPCHA25080328cf6ce2,2025-08-03,CH01,repeated,22,224,9,9
TRPIND250803e4e1eda4,2025-08-03,MP01,repeated,12,119,8,9
TRPLUC2508038ffe4545,2025-08-03,UP01,repeated,11,125,5,6
TRPVIS250803109372d7,2025-08-03,AP01,new,14,153,9,9
TRPJAI25080340d82b5e,2025-08-03,RJ01,new,20,277,9,10
TRPCOI2508036d296ee6,2025-08-03,TN01,repeated,14,135,7,7
TRPIND250803683ad4c9,2025-08-03,MP01,new,23,207,9,8
TRPSUR2508037094856f,2025-08-03,GJ01,repeated,7,75,7,5
TRPVAD2508032d0d3211,2025-08-03,GJ02,repeated,6,66,7,8
TRPLUC250803eda8cd7e,2025-08-03,UP01,repeated,5,71,7,8
TRPCHA25080310a91062,2025-08-03,CH01,new,33,323,9,7
TRPKOC250803182b0060,2025-08-03,KL01,repeated,36,427,8,8
TRPSUR250803db3265be,2025-08-03,GJ01,repeated,11,107,6,8
TRPLUC2508033c760710,2025-08-03,UP01,repeated,14,152,5,7
TRPKOC250803cb405eeb,2025-08-03,KL01,repeated,13,174,9,10
TRPCHA2508036d6bddee,2025-08-03,CH01,repeated,19,197,6,6
TRPVAD250803cf5e1e48,2025-08-03,GJ02,repeated,7,74,6,8
TRPKOC250803e7e91401,2025-08-03,KL01,repeated,37,438,8,9
TRPVIS250803c1816381,2025-08-03,AP01,repeated,20,207,7,9
TRPKOC250803f224a1b2,2025-08-03,KL01,new,16,207,9,9
TRPIND250803dc1a1840,2025-08-03,MP01,new,21,191,3,4
TRPIND25080331737230,2025-08-03,MP01,repeated,23,207,8,6
TRPIND25080356d0cbc7,2025-08-03,MP01,repeated,23,207,7,9
TRPVIS25080346e2cc2d,2025-08-03,AP01,repeated,29,288,9,10
TRPIND25080314b2fa96,2025-08-03,MP01,repeated,16,151,6,6
TRPMYS250803f466a64b,2025-08-03,KA01,new,22,255,9,8
TRPVAD2508033bf3dae9,2025-08-03,GJ02,repeated,13,122,5,6
TRPJAI25080340770679,2025-08-03,RJ01,new,20,277,8,8
TRPKOC250803140067b9,2025-08-03,KL01,repeated,15,196,8,9
TRPKOC25080330b8db21,2025-08-03,KL01,repeated,34,405,7,8
TRPVAD250803489d97b4,2025-08-03,GJ02,repeated,6,66,6,7
TRPVAD250803836cd408,2025-08-03,GJ02,repeated,6,66,5,7
TRPJAI250803e585b751,2025-08-03,RJ01,new,28,373,8,9
TRPKOC2508036e7feb2c,2025-08-03,KL01,repeated,31,372,7,10
TRPJAI25080319bd0edc,2025-08-03,RJ01,repeated,19,265,8,10
TRPLUC2508036d0f377f,2025-08-03,UP01,new,13,143,7,7
TRPJAI250803ee5324c9,2025-08-03,RJ01,new,32,421,10,10
TRPLUC25080380b86b63,2025-08-03,UP01,repeated,20,206,5,6
TRPIND250803f6479490,2025-08-03,MP01,new,25,223,10,7
TRPLUC25080369a474ba,2025-08-03,UP01,repeated,9,107,6,8
TRPJAI2508032c15ade9,2025-08-03,RJ01,new,29,385,8,8
TRPJAI2508038b7fad00,2025-08-03,RJ01,repeated,38,493,9,10
TRPVAD25080385e17954,2025-08-03,GJ02,repeated,16,146,7,5
TRPIND25080302236de3,2025-08-03,MP01,repeated,13,127,9,6
TRPVIS250803ba00cdf0,2025-08-03,AP01,new,19,198,10,9
TRPIND250803181153e3,2025-08-03,MP01,repeated,11,111,8,9
TRPLUC2508033f4c1001,2025-08-03,UP01,new,15,161,8,7
TRPVAD25080391a02e38,2025-08-03,GJ02,repeated,9,90,6,8
TRPJAI250803d7d14101,2025-08-03,RJ01,new,17,241,10,10
TRPCHA250803d646185e,2025-08-03,CH01,new,31,305,7,9
TRPVIS250803465c869b,2025-08-03,AP01,new,27,270,10,10
TRPVAD250803909d0a51,2025-08-03,GJ02,repeated,8,82,5,8
TRPSUR250803341bb508,2025-08-03,GJ01,repeated,16,147,7,7
TRPMYS2508031fb29692,2025-08-03,KA01,new,17,205,10,9
TRPLUC250803a83588b4,2025-08-03,UP01,repeated,18,188,7,7
