trip_id,date,city_id,passenger_type,distance_travelled(km),fare_amount,passenger_rating,driver_rating
TRPLUC2508318f932169,2025-08-31,UP01,repeated,20,206,6,8
TRPMYS2508318d0c49e0,2025-08-31,KA01,new,8,115,9,10
TRPVAD250831ae60f03d,2025-08-31,GJ02,new,13,122,9,6
TRPJAI250831f40992c4,2025-08-31,RJ01,new,30,397,9,8
TRPCOI25083128a05de9,2025-08-31,TN01,repeated,12,119,9,9
TRPCOI250831b0f54819,2025-08-31,TN01,new,8,87,10,7
TRPCOI2508315645d01e,2025-08-31,TN01,new,11,111,8,8
TRPCOI250831283cfafd,2025-08-31,TN01,new,14,135,7,7
TRPCHA2508315bbe7e75,2025-08-31,CH01,repeated,13,143,6,8
TRPCOI250831ffaaa6ea,2025-08-31,TN01,repeated,16,151,8,6
TRPJAI250831e3873074,2025-08-31,RJ01,new,30,397,10,8
TRPJAI2508319c0eeac0,2025-08-31,RJ01,repeated,29,385,9,8
TRPJAI2508312cf57cd7,2025-08-31,RJ01,new,16,229,9,8
TRPSUR250831b627f4ea,2025-08-31,GJ01,new,13,123,7,8
TRPCHA2508318eddf066,2025-08-31,CH01,repeated,16,170,8,8
TRPSUR2508316853541a,2025-08-31,GJ01,repeated,8,83,5,5
TRPLUC250831306c74cf,2025-08-31,UP01,repeated,6,80,7,8
TRPKOC250831d6210598,2025-08-31,KL01,repeated,27,328,7,10
TRPJAI250831acb42271,2025-08-31,RJ01,repeated,22,301,9,10
TRPKOC2508319531fe30,2025-08-31,KL01,new,26,317,9,8
TRPLUC25083137ace6be,2025-08-31,UP01,new,13,143,7,7
TRPSUR25083158de5b92,2025-08-31,GJ01,new,14,131,8,6
TRPJAI2508310285113d,2025-08-31,RJ01,new,28,373,8,10
TRPJAI2508311344052d,2025-08-31,RJ01,new,39,505,8,9
TRPVAD250831ef0c21b2,2025-08-31,GJ02,new,18,162,8,6
TRPJAI250831592cf00a,2025-08-31,RJ01,new,34,445,9,10
TRPCHA250831e84f0e8d,2025-08-31,CH01,new,35,341,10,8
TRPLUC250831fbb2fc03,2025-08-31,UP01,new,10,116,7,8
TRPIND25083184747e6d,2025-08-31,MP01,new,24,215,7,9
TRPCOI250831a205d80b,2025-08-31,TN01,repeated,9,95,9,7
TRPLUC250831d073528d,2025-08-31,UP01,new,8,98,7,8
TRPIND250831751ca6ad,2025-08-31,MP01,repeated,9,95,8,8
TRPJAI250831ae02f7ba,2025-08-31,RJ01,new,37,481,8,10
TRPSUR25083159ead18c,2025-08-31,GJ01,new,16,147,7,7
TRPIND25083140517a95,2025-08-31,MP01,new,10,103,10,8
TRPKOC250831f7c1bc93,2025-08-31,KL01,new,22,273,10,8
TRPSUR250831fd3ba563,2025-08-31,GJ01,new,7,75,7,7
TRPMYS2508313d606ca1,2025-08-31,KA01,repeated,13,165,7,10
TRPCHA250831cde8635e,2025-08-31,CH01,new,25,251,9,7
TRPIND2508312b192b90,2025-08-31,MP01,new,9,95,7,9
TRPSUR250831de59bfc0,2025-08-31,GJ01,new,11,107,8,6
TRPVIS250831d78a5407,2025-08-31,AP01,repeated,18,189,7,8
TRPKOC25083156527897,2025-08-31,KL01,new,26,317,8,8
TRPJAI2508314b1cea5d,2025-08-31,RJ01,repeated,20,277,7,8
TRPLUC250831d39a36da,2025-08-31,UP01,new,8,98,8,6
TRPLUC25083107415a00,2025-08-31,UP01,new,8,98,8,8
TRPLUC250831a3a6f340,2025-08-31,UP01,repeated,16,170,5,7
TRPLUC2508310756dae5,2025-08-31,UP01,new,18,188,7,8
TRPLUC250831a49752d4,2025-08-31,UP01,new,10,116,9,8
TRPSUR2508310681dcf7,2025-08-31,GJ01,new,5,59,7,7
TRPIND25083190d9c8ba,2025-08-31,MP01,new,13,127,9,9
TRPIND250831b79578f3,2025-08-31,MP01,repeated,25,223,8,9
TRPJAI25083105ea914f,2025-08-31,RJ01,new,25,337,10,10
TRPSUR250831cdd8dbac,2025-08-31,GJ01,repeated,10,99,5,5
TRPJAI250831e2a02485,2025-08-31,RJ01,new,27,361,9,8
TRPLUC2508310174b071,2025-08-31,UP01,repeated,11,125,7,6
TRPCOI2508315c18c5fa,2025-08-31,TN01,new,9,95,10,9
TRPKOC250831a460ea64,2025-08-31,KL01,new,32,383,8,10
TRPJAI250831898fc43e,2025-08-31,RJ01,new,25,337,10,9
TRPVIS2508316fdebe67,2025-08-31,AP01,repeated,16,171,9,10
TRPLUC250831cdedb090,2025-08-31,UP01,repeated,19,197,5,6
TRPCOI2508312715c7ad,2025-08-31,TN01,repeated,19,175,9,8
TRPLUC250831588e812d,2025-08-31,UP01,repeated,18,188,6,8
TRPLUC250831fd339f4c,2025-08-31,UP01,repeated,11,125,6,8
TRPSUR250831e950e930,2025-08-31,GJ01,new,9,91,7,8
TRPMYS2508314cce7fba,2025-08-31,KA01,repeated,16,195,7,9
TRPLUC250831dad90195,2025-08-31,UP01,repeated,9,107,5,6
TRPJAI250831c57ef158,2025-08-31,RJ01,repeated,24,325,9,9
TRPCHA250831cade47c0,2025-08-31,CH01,repeated,12,134,7,7
TRPVIS25083108053706,2025-08-31,AP01,repeated,26,261,9,10
TRPCHA250831473a3477,2025-08-31,CH01,new,27,269,7,8
TRPLUC2508317ba38bb0,2025-08-31,UP01,repeated,16,170,5,8
TRPCHA25083183caec70,2025-08-31,CH01,repeated,21,215,7,9
TRPSUR2508310f05d996,2025-08-31,GJ01,new,16,147,9,6
TRPLUC250831075f7169,2025-08-31,UP01,repeated,11,125,5,7
TRPSUR250831de398bda,2025-08-31,GJ01,new,8,83,7,6
TRPIND2508313a66589b,2025-08-31,MP01,repeated,13,127,6,6
TRPJAI250831778b8038,2025-08-31,RJ01,repeated,35,457,9,8
TRPVAD250831dff2b820,2025-08-31,GJ02,repeated,5,58,7,8
TRPSUR250831ed3876f6,2025-08-31,GJ01,repeated,11,107,6,5
TRPVIS25083150e0fc69,2025-08-31,AP01,repeated,19,198,8,10
TRPJAI250831679500ed,2025-08-31,RJ01,new,18,253,9,9
TRPLUC25083110326f01,2025-08-31,UP01,repeated,14,152,6,7
TRPSUR250831c04a1279,2025-08-31,GJ01,repeated,5,59,7,8
TRPLUC250831770d3d6e,2025-08-31,UP01,repeated,5,71,6,7
TRPSUR2508313dd75632,2025-08-31,GJ01,repeated,13,123,7,8
TRPJAI250831961015dc,2025-08-31,RJ01,repeated,43,553,7,10
TRPIND25083124389e8f,2025-08-31,MP01,new,22,199,7,8
TRPCHA2508315a37c405,2025-08-31,CH01,repeated,18,188,7,7
TRPIND250831a69b35e1,2025-08-31,MP01,repeated,21,191,7,9
TRPLUC25083114b7ba31,2025-08-31,UP01,repeated,18,188,6,5
TRPCHA2508317c0764f3,2025-08-31,CH01,repeated,34,332,7,9
TRPCHA250831d41e2ac5,2025-08-31,CH01,repeated,23,233,9,9
TRPJAI25083133e8a76c,2025-08-31,RJ01,new,34,445,9,8
TRPCHA250831e2c063cb,2025-08-31,CH01,new,18,188,7,9
TRPIND250831ed465b30,2025-08-31,MP01,new,14,135,9,7
TRPIND2508313966fc2f,2025-08-31,MP01,repeated,19,175,8,8
TRPSUR2508311b96b078,2025-08-31,GJ01,repeated,17,155,6,6
TRPJAI250831e45f076b,2025-08-31,RJ01,repeated,19,265,8,10
TRPIND2508316eb6e32c,2025-08-31,MP01,repeated,16,151,8,6
TRPIND250831f20859fc,2025-08-31,MP01,repeated,21,191,7,6
TRPJAI250831d70d33b2,2025-08-31,RJ01,new,19,265,9,8
TRPLUC250831f642ed70,2025-08-31,UP01,repeated,19,197,7,6
TRPVAD25083177c9c72f,2025-08-31,GJ02,new,9,90,9,6
TRPKOC250831395ac27a,2025-08-31,KL01,new,23,284,10,10
TRPIND250831492e873d,2025-08-31,MP01,repeated,20,183,9,7
TRPKOC250831e304fc34,2025-08-31,KL01,repeated,11,152,9,8
TRPSUR250831250698a0,2025-08-31,GJ01,new,14,131,9,7
TRPLUC250831d37099e6,2025-08-31,UP01,new,13,143,9,8
TRPJAI250831bfcd169c,2025-08-31,RJ01,new,22,301,9,9
TRPKOC250831c0eefa86,2025-08-31,KL01,repeated,27,328,7,10
TRPSUR2508310e981488,2025-08-31,GJ01,repeated,7,75,6,6
TRPKOC2508313d26d031,2025-08-31,KL01,repeated,14,185,7,9
TRPLUC25083170854604,2025-08-31,UP01,repeated,15,161,6,5
TRPLUC250831c7c8eeb6,2025-08-31,UP01,repeated,15,161,7,5
TRPLUC2508318d155b61,2025-08-31,UP01,repeated,18,188,7,6
TRPMYS250831af374b00,2025-08-31,KA01,repeated,25,285,8,8
TRPKOC250831dcec3d25,2025-08-31,KL01,new,29,350,9,10
TRPIND250831915f5dfb,2025-08-31,MP01,repeated,19,175,7,6
TRPLUC2508315c76286c,2025-08-31,UP01,repeated,17,179,5,8
TRPCHA25083104f403cc,2025-08-31,CH01,new,22,224,8,8
TRPKOC2508316df193ae,2025-08-31,KL01,new,14,185,9,9
TRPSUR2508319b423021,2025-08-31,GJ01,repeated,12,115,6,8
TRPCHA2508313d2a7486,2025-08-31,CH01,new,25,251,9,8
TRPVAD250831962bb579,2025-08-31,GJ02,repeated,10,98,5,6
TRPSUR2508312e8e2cd9,2025-08-31,GJ01,repeated,15,139,6,8
TRPSUR250831e5666a38,2025-08-31,GJ01,new,10,99,8,6
TRPIND250831f6115a21,2025-08-31,MP01,repeated,14,135,7,9
TRPJAI2508318c60fa2a,2025-08-31,RJ01,new,33,433,8,8
TRPLUC250831bde5dfeb,2025-08-31,UP01,new,12,134,9,7
TRPCOI2508319eb79b77,2025-08-31,TN01,repeated,10,103,7,8
TRPKOC250831756a784a,2025-08-31,KL01,new,31,372,10,10
TRPLUC25083115e91baf,2025-08-31,UP01,repeated,16,170,5,5
TRPCOI2508316cbc1a48,2025-08-31,TN01,repeated,17,159,9,6
TRPJAI250831253fede8,2025-08-31,RJ01,repeated,33,433,9,8
TRPVAD250831e2a53cbc,2025-08-31,GJ02,repeated,8,82,5,6
TRPJAI25083171455c7b,2025-08-31,RJ01,repeated,30,397,7,8
TRPLUC2508312b8fa092,2025-08-31,UP01,repeated,11,125,5,8
TRPVIS25083123779ef8,2025-08-31,AP01,new,30,297,8,9
TRPLUC25083169d5693a,2025-08-31,UP01,repeated,11,125,6,6
TRPCHA2508318b520741,2025-08-31,CH01,repeated,30,296,9,7
TRPVAD250831e114b507,2025-08-31,GJ02,repeated,6,66,5,7
TRPJAI250831e536660e,2025-08-31,RJ01,new,17,241,9,8
TRPCHA250831649749c1,2025-08-31,CH01,repeated,33,323,6,8
TRPLUC2508310efe3f24,2025-08-31,UP01,repeated,16,170,6,8
TRPIND250831580da8eb,2025-08-31,MP01,repeated,10,103,7,8
TRPSUR25083139be467b,2025-08-31,GJ01,repeated,7,75,6,7
TRPJAI2508317b8bfd77,2025-08-31,RJ01,repeated,20,277,9,10
TRPKOC25083155503554,2025-08-31,KL01,new,31,372,8,8
TRPVIS250831fea8f88f,2025-08-31,AP01,repeated,19,198,7,9
TRPCHA25083137001e53,2025-08-31,CH01,new,28,278,10,8
TRPJAI250831b3630039,2025-08-31,RJ01,repeated,17,241,7,10
TRPLUC25083134404dba,2025-08-31,UP01,repeated,9,107,7,7
TRPSUR250831be2913da,2025-08-31,GJ01,new,17,155,9,7
TRPCOI25083154931bdc,2025-08-31,TN01,repeated,13,127,8,9
TRPSUR250831a1c0d020,2025-08-31,GJ01,repeated,15,139,7,5
TRPLUC250831c3670123,2025-08-31,UP01,new,5,71,7,6
TRPLUC2508316cd5ed8d,2025-08-31,UP01,repeated,8,98,6,5
TRPVAD2508313c2be63b,2025-08-31,GJ02,repeated,16,146,7,6
TRPJAI25083140a1e5e9,2025-08-31,RJ01,repeated,25,337,8,9
TRPVAD250831d72d1e6b,2025-08-31,GJ02,new,15,138,7,8
TRPKOC2508318925ff35,2025-08-31,KL01,new,20,251,10,8
TRPJAI250831f0a4d707,2025-08-31,RJ01,repeated,27,361,7,8
TRPMYS250831d2409669,2025-08-31,KA01,repeated,17,205,8,8
TRPVAD2508315edcee1e,2025-08-31,GJ02,new,5,58,8,8
TRPJAI2508312379108b,2025-08-31,RJ01,new,29,385,10,10
TRPLUC2508311fb94044,2025-08-31,UP01,repeated,14,152,5,6
TRPJAI250831190201df,2025-08-31,RJ01,new,44,565,8,10
TRPJAI25083168af8ffc,2025-08-31,RJ01,new,21,289,8,8
TRPMYS250831536f28d7,2025-08-31,KA01,new,25,285,9,10
TRPCOI2508317911ab1b,2025-08-31,TN01,repeated,8,87,8,7
TRPLUC25083154581acd,2025-08-31,UP01,new,9,107,7,6
TRPSUR2508316b942f94,2025-08-31,GJ01,repeated,7,75,7,8
TRPVAD25083138f4f370,2025-08-31,GJ02,repeated,9,90,7,8
TRPJAI25083145dd64ef,2025-08-31,RJ01,repeated,44,565,9,10
TRPJAI250831d11ad9cd,2025-08-31,RJ01,repeated,26,349,8,9
TRPCHA25083104952956,2025-08-31,CH01,repeated,18,188,6,8
TRPCHA25083171f32b37,2025-08-31,CH01,repeated,14,152,9,6
TRPCHA250831dbed436c,2025-08-31,CH01,repeated,12,134,7,6
TRPSUR250831a020e310,2025-08-31,GJ01,repeated,10,99,5,6
TRPSUR2508317f5901a5,2025-08-31,GJ01,repeated,8,83,6,7
TRPLUC250831bdc92ca6,2025-08-31,UP01,repeated,16,170,5,8
TRPJAI250831fb0c7031,2025-08-31,RJ01,repeated,45,577,8,10
TRPJAI250831893c07e0,2025-08-31,RJ01,new,34,445,10,8
TRPKOC2508316dc014e3,2025-08-31,KL01,new,26,317,9,10
TRPJAI250831316beef2,2025-08-31,RJ01,new,15,217,10,9
TRPLUC25083137ca3c3e,2025-08-31,UP01,repeated,18,188,7,6
TRPCOI25083181c5e8dc,2025-08-31,TN01,repeated,22,199,8,8
TRPJAI250831271f4da4,2025-08-31,RJ01,new,21,289,9,8
TRPLUC2508310d2385d9,2025-08-31,UP01,repeated,19,197,5,7
TRPLUC25083110f79cc8,2025-08-31,UP01,repeated,11,125,5,8
TRPIND250831e6133010,2025-08-31,MP01,repeated,15,143,9,8
TRPSUR25083145d65603,2025-08-31,GJ01,repeated,6,67,5,5
TRPSUR250831987f964f,2025-08-31,GJ01,repeated,8,83,6,5
TRPSUR250831a78c30d7,2025-08-31,GJ01,repeated,7,75,7,7
TRPJAI250831b1f0de3a,2025-08-31,RJ01,new,38,493,9,10
TRPJAI250831cdacda76,2025-08-31,RJ01,new,36,469,9,10
TRPJAI250831a4f0b2e6,2025-08-31,RJ01,new,30,397,9,9
TRPJAI25083129667b56,2025-08-31,RJ01,repeated,43,553,9,8
TRPCHA250831688563e5,2025-08-31,CH01,new,13,143,8,9
TRPVIS250831e95de1d6,2025-08-31,AP01,new,15,162,8,8
TRPKOC25083191ba5e9d,2025-08-31,KL01,new,26,317,9,8
TRPLUC2508310090a0d1,2025-08-31,UP01,repeated,13,143,6,7
TRPLUC250831d5ebf606,2025-08-31,UP01,repeated,17,179,6,8
TRPJAI2508312d5ca158,2025-08-31,RJ01,repeated,15,217,8,9
TRPLUC250831acf4f1aa,2025-08-31,UP01,repeated,19,197,6,8
TRPJAI25083173d4403d,2025-08-31,RJ01,new,22,301,9,10
TRPIND250831af34e170,2025-08-31,MP01,repeated,22,199,7,6
TRPSUR2508315f8ea556,2025-08-31,GJ01,repeated,14,131,7,8
TRPLUC25083195609e57,2025-08-31,UP01,new,15,161,8,8
TRPVAD25083159143f8b,2025-08-31,GJ02,new,16,146,8,6
TRPKOC2508316b65b49b,2025-08-31,KL01,repeated,21,262,7,10
TRPSUR2508318b094f47,2025-08-31,GJ01,new,11,107,9,7
TRPSUR25083181a7df01,2025-08-31,GJ01,repeated,14,131,6,5
TRPCOI2508311388d5af,2025-08-31,TN01,repeated,9,95,8,7
TRPJAI250831d6f5ba6f,2025-08-31,RJ01,repeated,41,529,8,9
TRPLUC250831fe90667d,2025-08-31,UP01,repeated,18,188,5,5
TRPJAI250831e1972db6,2025-08-31,RJ01,new,25,337,10,9
TRPJAI250831da5bf381,2025-08-31,RJ01,repeated,27,361,8,8
TRPLUC250831e4c22064,2025-08-31,UP01,repeated,20,206,5,8
TRPLUC250831035d87f4,2025-08-31,UP01,repeated,9,107,7,6
TRPIND25083108706822,2025-08-31,MP01,new,17,159,8,9
TRPSUR250831ed9f6ec5,2025-08-31,GJ01,new,14,131,8,8
TRPKOC250831024bb9ee,2025-08-31,KL01,new,30,361,10,10
TRPLUC250831e616162a,2025-08-31,UP01,repeated,8,98,7,6
TRPCOI25083131a6fb51,2025-08-31,TN01,new,22,199,7,7
TRPCOI250831f958dd1d,2025-08-31,TN01,repeated,8,87,9,7
TRPLUC250831e7cc9903,2025-08-31,UP01,repeated,12,134,5,5
TRPCHA2508316eaf846c,2025-08-31,CH01,repeated,13,143,9,7
TRPKOC2508314256ad6b,2025-08-31,KL01,new,17,218,10,8
TRPKOC250831ec69cc97,2025-08-31,KL01,new,20,251,8,9
TRPIND2508310ccbc94c,2025-08-31,MP01,new,12,119,7,9
TRPLUC2508316749ffec,2025-08-31,UP01,repeated,6,80,6,7
TRPKOC250831a05c0ab5,2025-08-31,KL01,new,14,185,10,9
TRPJAI25083193db4bf8,2025-08-31,RJ01,repeated,25,337,8,9
TRPJAI250831773d4fc7,2025-08-31,RJ01,new,15,217,8,8
TRPCOI25083148246fc0,2025-08-31,TN01,repeated,13,127,6,7
TRPKOC250831baf958f2,2025-08-31,KL01,new,37,438,10,8
TRPCOI2508317768a395,2025-08-31,TN01,repeated,11,111,8,7
TRPIND250831377a5841,2025-08-31,MP01,new,19,175,7,7
TRPKOC2508312c6cc80e,2025-08-31,KL01,new,35,416,8,8
TRPJAI250831d6be1c44,2025-08-31,RJ01,new,30,397,9,10
TRPVAD250831e9509ae4,2025-08-31,GJ02,new,14,130,7,6
TRPCHA25083162d022df,2025-08-31,CH01,new,22,224,9,8
TRPSUR250831e1d2a756,2025-08-31,GJ01,repeated,7,75,6,6
TRPSUR2508312b04214d,2025-08-31,GJ01,new,15,139,9,7
TRPJAI2508311bc6b149,2025-08-31,RJ01,repeated,44,565,7,8
TRPKOC2508319ee155da,2025-08-31,KL01,new,14,185,10,10
TRPIND2508311965f017,2025-08-31,MP01,new,16,151,9,8
TRPLUC25083111dbb3c1,2025-08-31,UP01,repeated,16,170,6,8
TRPJAI25083143b458b4,2025-08-31,RJ01,repeated,27,361,7,8
TRPMYS25083155c8e524,2025-08-31,KA01,new,17,205,8,10
TRPSUR25083153baf5bd,2025-08-31,GJ01,repeated,7,75,6,8
TRPCOI25083153eb578d,2025-08-31,TN01,repeated,10,103,8,6
TRPLUC250831ff6051ed,2025-08-31,UP01,new,6,80,9,6
TRPIND250831e3535f4f,2025-08-31,MP01,repeated,20,183,9,7
TRPLUC250831385fd55b,2025-08-31,UP01,repeated,19,197,6,6
TRPVIS250831840f6814,2025-08-31,AP01,new,29,288,9,8
TRPLUC25083143a78ada,2025-08-31,UP01,new,18,188,9,6
TRPCHA250831fb46822a,2025-08-31,CH01,repeated,12,134,6,8
TRPJAI250831844f72d0,2025-08-31,RJ01,repeated,40,517,7,10
TRPCOI2508316a4269ab,2025-08-31,TN01,repeated,19,175,8,9
TRPVIS250831121d31dc,2025-08-31,AP01,new,35,342,9,9
TRPJAI250831d4fdfcec,2025-08-31,RJ01,repeated,17,241,9,10
TRPVAD250831472dc75a,2025-08-31,GJ02,repeated,6,66,6,6
TRPJAI25083187551881,2025-08-31,RJ01,new,45,577,8,10
TRPVAD250831f7128764,2025-08-31,GJ02,repeated,16,146,5,7
TRPIND250831d90f63a7,2025-08-31,MP01,repeated,8,87,6,7
TRPJAI2508316a5d5e27,2025-08-31,RJ01,new,30,397,10,8
TRPVIS250831e3ede16b,2025-08-31,AP01,new,22,225,10,9
TRPKOC25083167c1def6,2025-08-31,KL01,repeated,13,174,9,10
TRPSUR250831cc38b7e2,2025-08-31,GJ01,new,16,147,8,7
TRPSUR250831d50afa71,2025-08-31,GJ01,repeated,10,99,5,8
TRPVAD2508312097acec,2025-08-31,GJ02,new,8,82,7,6
TRPSUR250831d3a7dccf,2025-08-31,GJ01,repeated,17,155,7,6
TRPSUR25083142dac96c,2025-08-31,GJ01,repeated,17,155,7,8
TRPLUC250831c51ca08e,2025-08-31,UP01,repeated,7,89,5,6
TRPVAD25083147a62e6f,2025-08-31,GJ02,new,8,82,8,8
TRPIND25083102f6ba0a,2025-08-31,MP01,repeated,24,215,9,8
TRPLUC250831a66d7c9f,2025-08-31,UP01,repeated,9,107,5,6
TRPSUR25083154839d72,2025-08-31,GJ01,repeated,15,139,5,8
TRPLUC250831c9e0d14a,2025-08-31,UP01,new,18,188,7,7
TRPVAD25083119ae7096,2025-08-31,GJ02,new,9,90,9,8
TRPLUC250831c75b7d5c,2025-08-31,UP01,repeated,13,143,7,8
TRPVIS250831f7a11d40,2025-08-31,AP01,repeated,27,270,7,9
TRPLUC250831a4990150,2025-08-31,UP01,repeated,15,161,7,7
TRPLUC25083145015133,2025-08-31,UP01,repeated,10,116,6,7
TRPCOI25083164776ae4,2025-08-31,TN01,new,21,191,10,7
TRPLUC250831bcec48cf,2025-08-31,UP01,repeated,13,143,5,5
TRPVAD250831f63a68f3,2025-08-31,GJ02,repeated,7,74,7,7
TRPJAI2508317cd0452f,2025-08-31,RJ01,new,35,457,10,8
TRPIND25083121ff4185,2025-08-31,MP01,new,22,199,9,7
TRPVIS25083112cccc24,2025-08-31,AP01,new,12,135,10,10
TRPSUR250831f3e23c0f,2025-08-31,GJ01,new,12,115,7,6
TRPSUR250831d5520104,2025-08-31,GJ01,repeated,5,59,5,8
TRPJAI25083157be7ff1,2025-08-31,RJ01,new,24,325,9,8
TRPLUC250831732ce305,2025-08-31,UP01,repeated,12,134,6,7
TRPVAD2508314aadc314,2025-08-31,GJ02,new,18,162,9,7
TRPLUC250831c7376b34,2025-08-31,UP01,repeated,8,98,5,6
TRPSUR250831866800c2,2025-08-31,GJ01,new,16,147,9,6
TRPJAI2508316e1d53bc,2025-08-31,RJ01,new,29,385,10,8
TRPLUC250831240ad079,2025-08-31,UP01,repeated,11,125,7,6
TRPCHA250831b1fc8912,2025-08-31,CH01,new,19,197,7,9
TRPVIS250831e4ee81f6,2025-08-31,AP01,new,34,333,8,8
TRPVAD250831f8cd8fc2,2025-08-31,GJ02,new,7,74,8,8
TRPCHA2508311cebe51b,2025-08-31,CH01,new,20,206,9,8
TRPVAD250831ca81be48,2025-08-31,GJ02,new,11,106,8,7
TRPKOC25083175eb8200,2025-08-31,KL01,new,30,361,10,10
TRPJAI25083197b0e5cf,2025-08-31,RJ01,new,37,481,9,8
TRPLUC250831a69ff159,2025-08-31,UP01,new,15,161,8,8
TRPLUC25083145053453,2025-08-31,UP01,repeated,11,125,6,7
TRPCHA25083192ec0fa7,2025-08-31,CH01,new,12,134,7,9
TRPKOC250831129a7ffc,2025-08-31,KL01,repeated,13,174,8,9
TRPSUR250831bcc3e0bf,2025-08-31,GJ01,repeated,8,83,7,6
TRPCHA250831ef1ed340,2025-08-31,CH01,new,19,197,10,9
TRPLUC25083156c9ccb4,2025-08-31,UP01,repeated,19,197,5,8
TRPSUR2508318f4e966d,2025-08-31,GJ01,new,7,75,7,7
TRPLUC2508312855f7a0,2025-08-31,UP01,repeated,5,71,6,5
TRPVIS250831578f1519,2025-08-31,AP01,repeated,32,315,7,9
TRPVAD2508316956a6a6,2025-08-31,GJ02,repeated,15,138,6,7
TRPVIS2508316b601efc,2025-08-31,AP01,new,29,288,9,8
TRPCHA2508318b7ce216,2025-08-31,CH01,new,34,332,7,9
TRPJAI25083169984ad2,2025-08-31,RJ01,new,16,229,8,8
TRPIND2508313d0d517d,2025-08-31,MP01,repeated,11,111,8,7
TRPVAD250831f784d56e,2025-08-31,GJ02,repeated,9,90,5,6
TRPLUC2508314bfa0ea1,2025-08-31,UP01,repeated,17,179,7,5
TRPJAI2508312d6d58ed,2025-08-31,RJ01,new,33,433,10,10
TRPCHA25083148d55fd1,2025-08-31,CH01,new,21,215,9,7
TRPLUC250831fdee8386,2025-08-31,UP01,new,13,143,7,8
TRPVIS250831edfc9334,2025-08-31,AP01,repeated,10,117,7,8
TRPLUC25083144e17080,2025-08-31,UP01,new,18,188,8,7
TRPJAI250831698a6d15,2025-08-31,RJ01,new,37,481,9,9
TRPVAD250831aa77bb9e,2025-08-31,GJ02,repeated,6,66,7,7
TRPCHA250831acbdc448,2025-08-31,CH01,repeated,30,296,8,6
TRPVAD2508310e15068a,2025-08-31,GJ02,repeated,18,162,7,8
TRPSUR2508313cdc3cde,2025-08-31,GJ01,repeated,15,139,7,5
TRPSUR250831c38c6aa4,2025-08-31,GJ01,repeated,15,139,5,6
TRPKOC2508319ca9d1dc,2025-08-31,KL01,new,32,383,10,10
TRPCHA25083171b9fa9c,2025-08-31,CH01,repeated,17,179,6,7
TRPCHA250831083e7e94,2025-08-31,CH01,new,17,179,8,7
TRPJAI2508317f15aba4,2025-08-31,RJ01,new,15,217,8,10
TRPIND2508317b453c7e,2025-08-31,MP01,repeated,24,215,8,9
TRPLUC25083196026e7b,2025-08-31,UP01,repeated,12,134,7,5
TRPJAI25083122a2a99c,2025-08-31,RJ01,new,39,505,8,8
TRPLUC250831ac5a8a14,2025-08-31,UP01,repeated,18,188,7,5
TRPLUC2508312171b082,2025-08-31,UP01,repeated,8,98,5,6
TRPVAD250831b0176bd4,2025-08-31,GJ02,new,7,74,9,6
TRPJAI250831d917a687,2025-08-31,RJ01,new,44,565,8,9
TRPSUR25083112facba7,2025-08-31,GJ01,new,6,67,8,8
TRPKOC250831aa756d48,2025-08-31,KL01,repeated,18,229,7,8
TRPJAI25083131562031,2025-08-31,RJ01,new,38,493,9,9
TRPLUC2508313772ad07,2025-08-31,UP01,repeated,10,116,7,8
TRPLUC2508317bd06d8a,2025-08-31,UP01,repeated,18,188,6,6
TRPCHA2508319c29171b,2025-08-31,CH01,repeated,13,143,6,7
TRPSUR250831dbf55c4d,2025-08-31,GJ01,new,12,115,9,8
TRPJAI2508313e730c41,2025-08-31,RJ01,new,27,361,8,9
TRPVAD250831ec9c3707,2025-08-31,GJ02,new,12,114,7,7
TRPSUR250831d47725b1,2025-08-31,GJ01,repeated,6,67,6,5
TRPVIS250831588cc357,2025-08-31,AP01,repeated,10,117,8,10
TRPSUR250831ae73c07c,2025-08-31,GJ01,repeated,12,115,7,8
TRPSUR250831e36c2670,2025-08-31,GJ01,repeated,15,139,5,7
TRPJAI250831f25a6487,2025-08-31,RJ01,new,45,577,10,9
TRPCHA2508315a0242ed,2025-08-31,CH01,new,28,278,7,8
TRPJAI25083126495f25,2025-08-31,RJ01,repeated,25,337,9,10
TRPSUR2508314e158e76,2025-08-31,GJ01,new,17,155,7,6
TRPSUR2508310123e7e5,2025-08-31,GJ01,repeated,6,67,6,7
TRPKOC250831400934e4,2025-08-31,KL01,repeated,18,229,9,9
TRPLUC250831a066360d,2025-08-31,UP01,repeated,19,197,7,8
TRPVAD2508310f109300,2025-08-31,GJ02,repeated,5,58,5,7
TRPSUR2508312e2ca007,2025-08-31,GJ01,new,9,91,7,7
TRPCHA250831eaa4ff87,2025-08-31,CH01,repeated,22,224,6,6
TRPLUC25083132d15fff,2025-08-31,UP01,repeated,12,134,6,5
TRPJAI250831aefc49c7,2025-08-31,RJ01,new,15,217,9,8
TRPSUR250831743af2c9,2025-08-31,GJ01,new,8,83,9,7
TRPLUC2508310af15c65,2025-08-31,UP01,repeated,16,170,7,5
TRPVAD2508318fc32318,2025-08-31,GJ02,repeated,7,74,6,7
TRPLUC2508314e6e2fa2,2025-08-31,UP01,repeated,16,170,6,5
TRPJAI2508318064defd,2025-08-31,RJ01,new,27,361,8,10
TRPKOC250831faee2e49,2025-08-31,KL01,repeated,29,350,8,9
TRPSUR250831de0f9e23,2025-08-31,GJ01,repeated,12,115,7,6
TRPVIS250831e96dd4f3,2025-08-31,AP01,repeated,24,243,7,9
TRPVAD25083112606951,2025-08-31,GJ02,repeated,5,58,7,6
TRPLUC25083125aa5fe8,2025-08-31,UP01,repeated,12,134,5,6
TRPLUC250831337d0cd1,2025-08-31,UP01,repeated,13,143,7,5
TRPLUC250831fecf8459,2025-08-31,UP01,new,5,71,8,6
TRPVIS250831d92aaec7,2025-08-31,AP01,new,28,279,10,8
TRPIND250831fbd2501f,2025-08-31,MP01,new,14,135,7,8
TRPSUR250831c1d948e9,2025-08-31,GJ01,new,5,59,7,8
TRPSUR25083134c1cf2d,2025-08-31,GJ01,repeated,5,59,6,8
TRPVAD2508315c24cc08,2025-08-31,GJ02,repeated,11,106,7,7
TRPVAD250831f5f60ab6,2025-08-31,GJ02,new,7,74,7,8
TRPJAI25083102d7b2dc,2025-08-31,RJ01,new,27,361,10,9
TRPLUC25083169e4b01e,2025-08-31,UP01,repeated,11,125,7,5
TRPLUC250831f713d1da,2025-08-31,UP01,repeated,18,188,6,8
TRPLUC250831f039578d,2025-08-31,UP01,repeated,14,152,6,6
TRPJAI25083195659f72,2025-08-31,RJ01,new,27,361,10,9
TRPSUR250831e31d99d9,2025-08-31,GJ01,repeated,12,115,5,7
TRPIND250831aaae2d98,2025-08-31,MP01,repeated,9,95,6,9
TRPLUC250831fb1a1431,2025-08-31,UP01,new,5,71,9,8
TRPSUR250831a1801410,2025-08-31,GJ01,repeated,9,91,5,8
TRPSUR250831a0e622d7,2025-08-31,GJ01,repeated,16,147,7,8
TRPLUC25083100c34f32,2025-08-31,UP01,repeated,15,161,5,8
TRPIND2508310426f733,2025-08-31,MP01,new,23,207,7,9
TRPLUC250831bf0e69a8,2025-08-31,UP01,new,10,116,7,7
TRPLUC250831ea77b1b5,2025-08-31,UP01,repeated,9,107,7,8
TRPCOI2508314d300e07,2025-08-31,TN01,new,14,135,9,7
TRPSUR2508319e4c1e57,2025-08-31,GJ01,repeated,12,115,6,5
TRPCOI250831a1002dde,2025-08-31,TN01,repeated,15,143,6,8
TRPSUR2508319496023c,2025-08-31,GJ01,repeated,11,107,5,7
TRPLUC25083191a6f246,2025-08-31,UP01,repeated,10,116,6,5
TRPCOI250831f3bc30d1,2025-08-31,TN01,new,21,191,8,8
TRPCHA250831110a6a07,2025-08-31,CH01,repeated,29,287,7,9
TRPLUC250831ad9fb2c7,2025-08-31,UP01,repeated,13,143,7,5
TRPCHA2508313799abdb,2025-08-31,CH01,new,24,242,7,9
TRPVIS2508317ca7ff27,2025-08-31,AP01,new,15,162,10,9
TRPKOC25083172776256,2025-08-31,KL01,repeated,16,207,7,10
TRPJAI2508311fd6bce8,2025-08-31,RJ01,new,32,421,8,10
TRPJAI25083170f8c7cd,2025-08-31,RJ01,repeated,31,409,7,9
TRPLUC25083189e8149f,2025-08-31,UP01,new,11,125,7,7
TRPKOC2508319f477d53,2025-08-31,KL01,new,22,273,8,9
TRPVIS25083196c68a5e,2025-08-31,AP01,repeated,33,324,9,10
TRPVIS2508311f4067f4,2025-08-31,AP01,repeated,12,135,8,10
TRPLUC250831037993da,2025-08-31,UP01,new,12,134,7,6
TRPVIS25083146e18498,2025-08-31,AP01,new,17,180,9,8
TRPKOC2508317ed6389f,2025-08-31,KL01,repeated,25,306,8,10
TRPJAI25083159dc4ee0,2025-08-31,RJ01,repeated,16,229,9,8
TRPSUR250831c211a353,2025-08-31,GJ01,repeated,7,75,7,7
TRPKOC250831a60f7a29,2025-08-31,KL01,new,29,350,10,9
TRPLUC2508314931136b,2025-08-31,UP01,repeated,8,98,5,5
TRPCOI250831e513d0dc,2025-08-31,TN01,repeated,9,95,8,9
TRPJAI25083130f8ae26,2025-08-31,RJ01,new,37,481,10,9
TRPLUC2508313279b15d,2025-08-31,UP01,repeated,8,98,5,7
TRPCHA250831684d06a2,2025-08-31,CH01,repeated,27,269,8,6
TRPLUC250831f180843b,2025-08-31,UP01,repeated,12,134,6,8
TRPVIS250831b3ffc19d,2025-08-31,AP01,repeated,23,234,8,9
TRPLUC250831f529d9b2,2025-08-31,UP01,repeated,6,80,7,8
TRPVAD250831dcba94a5,2025-08-31,GJ02,new,7,74,8,6
TRPLUC2508313feb5079,2025-08-31,UP01,repeated,8,98,5,5
TRPCOI250831fb613e64,2025-08-31,TN01,repeated,14,135,9,9
TRPKOC2508313f89b239,2025-08-31,KL01,repeated,15,196,7,8
TRPVIS25083153ff69a0,2025-08-31,AP01,new,25,252,8,9
TRPVAD2508314f1b62d5,2025-08-31,GJ02,new,16,146,7,6
TRPLUC2508315ab56eca,2025-08-31,UP01,new,13,143,9,7
TRPVIS2508311f864284,2025-08-31,AP01,repeated,18,189,9,10
TRPVAD25083185a96730,2025-08-31,GJ02,new,12,114,8,7
TRPLUC25083154becd88,2025-08-31,UP01,new,9,107,8,6
TRPLUC25083130dc66cc,2025-08-31,UP01,repeated,17,179,6,7
TRPJAI250831225604e3,2025-08-31,RJ01,repeated,24,325,7,9
TRPSUR25083133cfcdaa,2025-08-31,GJ01,repeated,9,91,7,6
TRPKOC2508319591fbf6,2025-08-31,KL01,repeated,30,361,9,10
TRPKOC2508315bf45375,2025-08-31,KL01,repeated,38,449,8,10
TRPCOI25083193c32ad7,2025-08-31,TN01,repeated,12,119,9,7
TRPSUR25083142718096,2025-08-31,GJ01,new,15,139,9,6
TRPJAI2508316f43f2c2,2025-08-31,RJ01,repeated,32,421,9,10
TRPCOI250831f8eb89fb,2025-08-31,TN01,repeated,13,127,6,8
TRPCHA250831817214f6,2025-08-31,CH01,repeated,30,296,6,6
TRPCHA2508311dabff8f,2025-08-31,CH01,repeated,27,269,6,8
TRPSUR25083118927f5a,2025-08-31,GJ01,new,6,67,9,6
TRPVAD250831a59a1223,2025-08-31,GJ02,repeated,12,114,7,7
TRPCOI2508313f411dd4,2025-08-31,TN01,repeated,16,151,7,6
TRPVAD250831a8803a9c,2025-08-31,GJ02,repeated,11,106,5,8
TRPSUR25083199f18b7d,2025-08-31,GJ01,repeated,11,107,6,6
TRPIND250831e6ea105c,2025-08-31,MP01,repeated,13,127,8,8
TRPVAD2508318338817d,2025-08-31,GJ02,new,14,130,7,7
TRPSUR2508310367c6bb,2025-08-31,GJ01,new,14,131,7,8
TRPLUC250831d60a5763,2025-08-31,UP01,new,14,152,9,7
TRPVAD2508316cf469ff,2025-08-31,GJ02,repeated,12,114,5,8
TRPVIS250831050e5c45,2025-08-31,AP01,repeated,17,180,8,10
TRPJAI250831ba3381b9,2025-08-31,RJ01,repeated,32,421,7,8
TRPCHA250831c4611b0e,2025-08-31,CH01,new,23,233,10,9
TRPIND250831dbafcdbc,2025-08-31,MP01,repeated,23,207,7,9
TRPIND2508317c25eb59,2025-08-31,MP01,repeated,15,143,6,9
TRPSUR2508312d9a2fdc,2025-08-31,GJ01,repeated,12,115,7,5
TRPKOC25083121ed9eb8,2025-08-31,KL01,new,23,284,9,9
TRPSUR250831a3d4bb39,2025-08-31,GJ01,new,14,131,9,7
TRPVIS25083119257001,2025-08-31,AP01,new,27,270,10,10
TRPLUC2508310a16f318,2025-08-31,UP01,repeated,14,152,6,6
TRPJAI2508319e2b92eb,2025-08-31,RJ01,repeated,28,373,9,8
TRPCHA2508313dbfe5c8,2025-08-31,CH01,repeated,35,341,7,8
TRPVAD2508319385a431,2025-08-31,GJ02,new,8,82,7,6
TRPLUC25083123b3c80e,2025-08-31,UP01,repeated,18,188,7,7
TRPVIS2508312d5fbd7b,2025-08-31,AP01,new,12,135,8,9
TRPLUC2508316c20e658,2025-08-31,UP01,repeated,9,107,7,8
TRPVIS250831f4cd9aef,2025-08-31,AP01,repeated,30,297,9,10
TRPKOC250831a45e0cfb,2025-08-31,KL01,new,30,361,10,10
TRPJAI25083154aa14e7,2025-08-31,RJ01,new,33,433,9,9
TRPLUC250831bac52c2c,2025-08-31,UP01,repeated,12,134,5,8
TRPLUC2508313fe60f5e,2025-08-31,UP01,repeated,15,161,6,6
TRPKOC2508318eec4a81,2025-08-31,KL01,repeated,36,427,9,8
TRPVAD25083153107b51,2025-08-31,GJ02,repeated,6,66,5,8
TRPCHA250831dbee5733,2025-08-31,CH01,new,23,233,9,9
TRPCOI250831697cbf38,2025-08-31,TN01,repeated,22,199,7,7
TRPIND2508311fd8cb08,2025-08-31,MP01,new,11,111,8,9
TRPLUC2508313e639ace,2025-08-31,UP01,repeated,12,134,6,8
TRPIND2508314835546c,2025-08-31,MP01,new,23,207,8,9
TRPLUC2508311fda5db8,2025-08-31,UP01,repeated,6,80,6,7
TRPLUC2508311631fbb9,2025-08-31,UP01,new,15,161,8,6
TRPCHA2508310643a6d0,2025-08-31,CH01,new,19,197,9,9
TRPIND250831670b0d42,2025-08-31,MP01,new,24,215,9,7
TRPJAI2508318ae8f307,2025-08-31,RJ01,new,30,397,9,8
TRPLUC2508313bbabecc,2025-08-31,UP01,new,17,179,9,7
TRPCOI250831cbef6068,2025-08-31,TN01,repeated,12,119,9,9
TRPLUC250831a55257ea,2025-08-31,UP01,repeated,15,161,7,8
TRPVIS2508319cf7429a,2025-08-31,AP01,new,33,324,9,8
TRPSUR25083180fab37a,2025-08-31,GJ01,repeated,6,67,6,8
TRPVAD250831b86cc4a9,2025-08-31,GJ02,new,18,162,7,8
TRPLUC250831415da196,2025-08-31,UP01,repeated,17,179,7,6
TRPVAD2508315bf121d0,2025-08-31,GJ02,new,5,58,8,8
TRPCHA250831abd10692,2025-08-31,CH01,new,20,206,7,7
TRPKOC250831dbf2cf2f,2025-08-31,KL01,repeated,32,383,7,8
TRPLUC250831bd2be97f,2025-08-31,UP01,repeated,14,152,7,8
TRPVAD2508310b778b35,2025-08-31,GJ02,repeated,8,82,6,7
TRPVAD250831fee93f37,2025-08-31,GJ02,repeated,14,130,7,8
TRPLUC250831d7ac08ba,2025-08-31,UP01,repeated,5,71,6,5
TRPJAI250831bfe06c0c,2025-08-31,RJ01,new,39,505,9,8
TRPJAI250831ed2277ec,2025-08-31,RJ01,new,39,505,9,8
TRPSUR2508310b74eb7e,2025-08-31,GJ01,new,6,67,7,7
TRPKOC250831e4342805,2025-08-31,KL01,new,31,372,9,8
TRPIND250831f8d90c03,2025-08-31,MP01,repeated,24,215,6,6
TRPVAD25083173c53109,2025-08-31,GJ02,repeated,8,82,6,8
TRPSUR250831b5296dfb,2025-08-31,GJ01,repeated,14,131,5,5
TRPLUC2508313b72e59c,2025-08-31,UP01,repeated,9,107,7,5
TRPLUC250831aae8140d,2025-08-31,UP01,repeated,8,98,7,5
TRPSUR2508313f364409,2025-08-31,GJ01,new,13,123,8,6
TRPJAI250831cb4868f9,2025-08-31,RJ01,repeated,45,577,9,8
TRPKOC250831bcfbed3b,2025-08-31,KL01,new,24,295,10,9
TRPIND250831af9d4ad2,2025-08-31,MP01,new,9,95,7,7
TRPCOI250831290399ff,2025-08-31,TN01,repeated,18,167,7,9
TRPCHA2508311488dd6b,2025-08-31,CH01,repeated,14,152,7,8
TRPJAI2508315df51414,2025-08-31,RJ01,repeated,33,433,9,8
TRPLUC2508316730c09a,2025-08-31,UP01,repeated,17,179,6,5
TRPLUC250831d11ad13c,2025-08-31,UP01,repeated,18,188,7,6
TRPJAI250831ec7240cc,2025-08-31,RJ01,new,23,313,8,10
TRPIND2508311b6f1938,2025-08-31,MP01,repeated,17,159,8,9
TRPKOC25083176d51b98,2025-08-31,KL01,repeated,24,295,8,10
TRPLUC2508313478b15d,2025-08-31,UP01,repeated,8,98,6,6
TRPJAI250831d669b493,2025-08-31,RJ01,repeated,36,469,9,10
TRPCHA2508318a52bc5c,2025-08-31,CH01,repeated,27,269,8,9
TRPJAI2508313f74f988,2025-08-31,RJ01,repeated,21,289,7,9
TRPVAD250831102c8359,2025-08-31,GJ02,repeated,12,114,7,7
TRPVIS2508316624994c,2025-08-31,AP01,repeated,25,252,9,10
TRPSUR250831ab237f3f,2025-08-31,GJ01,new,11,107,7,6
TRPVAD25083100a35bff,2025-08-31,GJ02,repeated,7,74,5,5
TRPLUC2508318acb43a5,2025-08-31,UP01,repeated,8,98,7,7
TRPCHA2508312a376dec,2025-08-31,CH01,repeated,19,197,8,7
TRPSUR25083145701887,2025-08-31,GJ01,repeated,17,155,6,6
TRPJAI250831df100e35,2025-08-31,RJ01,new,26,349,8,9
TRPLUC2508313c033ded,2025-08-31,UP01,new,11,125,9,8
TRPVIS2508312432626a,2025-08-31,AP01,repeated,24,243,9,9
TRPIND25083113e0c6cc,2025-08-31,MP01,repeated,8,87,7,7
TRPKOC25083102af8876,2025-08-31,KL01,repeated,28,339,8,10
TRPSUR250831811e89ad,2025-08-31,GJ01,new,14,131,7,8
TRPSUR2508310a22fe7f,2025-08-31,GJ01,repeated,15,139,7,7
TRPSUR2508312c68bf98,2025-08-31,GJ01,repeated,6,67,7,5
TRPJAI250831d7938d72,2025-08-31,RJ01,repeated,29,385,7,10
TRPJAI250831120b2b69,2025-08-31,RJ01,repeated,36,469,7,8
TRPVAD250831d6ee74a3,2025-08-31,GJ02,repeated,14,130,7,7
TRPLUC2508314684d70e,2025-08-31,UP01,repeated,17,179,5,6
TRPVAD250831a2d46c55,2025-08-31,GJ02,repeated,15,138,7,6
TRPKOC2508314d1fd6d3,2025-08-31,KL01,new,15,196,10,10
TRPVAD2508314fb7f005,2025-08-31,GJ02,new,8,82,8,6
TRPCHA2508312a52331e,2025-08-31,CH01,repeated,29,287,9,8
TRPLUC2508312442e709,2025-08-31,UP01,repeated,5,71,6,5
TRPJAI2508315928a092,2025-08-31,RJ01,new,28,373,8,9
TRPCHA25083110fa5134,2025-08-31,CH01,repeated,15,161,6,7
TRPKOC25083175f6f698,2025-08-31,KL01,new,22,273,9,9
TRPSUR250831ea6e591a,2025-08-31,GJ01,repeated,12,115,5,6
TRPLUC250831f3fca16c,2025-08-31,UP01,repeated,11,125,7,6
TRPJAI250831d08515de,2025-08-31,RJ01,repeated,20,277,8,8
TRPVAD25083168daa6b1,2025-08-31,GJ02,new,16,146,9,6
TRPMYS250831eb72b239,2025-08-31,KA01,new,9,125,10,9
TRPMYS250831c545561b,2025-08-31,KA01,new,8,115,9,9
TRPKOC2508316fce23f5,2025-08-31,KL01,new,16,207,10,9
TRPMYS25083122695344,2025-08-31,KA01,new,13,165,8,8
TRPSUR250831d10fdade,2025-08-31,GJ01,new,7,75,9,6
TRPLUC250831fa7db850,2025-08-31,UP01,repeated,20,206,7,6
TRPMYS250831a3b23a53,2025-08-31,KA01,repeated,16,195,9,10
TRPVAD25083105cdc059,2025-08-31,GJ02,repeated,7,74,7,6
TRPSUR250831a6639368,2025-08-31,GJ01,repeated,10,99,5,5
TRPKOC25083147feb701,2025-08-31,KL01,repeated,37,438,8,9
TRPSUR250831e86bf410,2025-08-31,GJ01,new,10,99,9,8
TRPSUR2508313f6d125c,2025-08-31,GJ01,new,8,83,8,6
TRPCOI2508317a3df5da,2025-08-31,TN01,new,18,167,8,9
TRPJAI250831ed9187c5,2025-08-31,RJ01,new,38,493,8,8
TRPIND2508312baf0162,2025-08-31,MP01,repeated,18,167,6,6
TRPIND2508314891c726,2025-08-31,MP01,repeated,24,215,6,8
TRPCOI25083161bda9d0,2025-08-31,TN01,repeated,15,143,6,6
TRPMYS25083191b5a2cc,2025-08-31,KA01,new,22,255,8,10
TRPCHA250831663002ab,2025-08-31,CH01,repeated,32,314,7,6
TRPCHA2508310a3f47ff,2025-08-31,CH01,new,25,251,9,9
TRPSUR250831b6e4e57d,2025-08-31,GJ01,repeated,5,59,6,7
TRPJAI2508312b52524a,2025-08-31,RJ01,repeated,25,337,9,10
TRPSUR2508310d55bc94,2025-08-31,GJ01,repeated,8,83,5,5
TRPVAD250831dc8efcd8,2025-08-31,GJ02,new,16,146,7,6
TRPSUR250831325ef3b0,2025-08-31,GJ01,repeated,17,155,6,7
TRPCHA2508318407183c,2025-08-31,CH01,repeated,35,341,9,7
TRPKOC2508319d803246,2025-08-31,KL01,repeated,26,317,8,9
TRPSUR250831e7fdeb59,2025-08-31,GJ01,repeated,5,59,7,6
TRPJAI250831b1750aa7,2025-08-31,RJ01,new,38,493,9,8
TRPLUC250831b1e85371,2025-08-31,UP01,repeated,16,170,7,6
TRPIND25083134dfcd60,2025-08-31,MP01,new,25,223,8,8
TRPIND250831a0a1074c,2025-08-31,MP01,new,14,135,9,7
TRPLUC250831338df683,2025-08-31,UP01,new,7,89,7,6
TRPJAI2508314b07527d,2025-08-31,RJ01,repeated,33,433,8,8
TRPJAI2508318764868b,2025-08-31,RJ01,new,26,349,8,8
TRPCOI250831cf509e3c,2025-08-31,TN01,new,16,151,7,8
TRPSUR2508310f91d2fa,2025-08-31,GJ01,new,11,107,9,8
TRPCHA250831056216a7,2025-08-31,CH01,new,30,296,9,7
TRPSUR2508317bad8eeb,2025-08-31,GJ01,repeated,8,83,5,5
TRPSUR250831af93667e,2025-08-31,GJ01,new,13,123,7,6
TRPSUR2508311f15c254,2025-08-31,GJ01,repeated,7,75,6,5
TRPJAI250831b30ff1da,2025-08-31,RJ01,new,31,409,9,10
TRPVAD250831d8c1db8c,2025-08-31,GJ02,new,5,58,8,6
TRPLUC2508310e9c5386,2025-08-31,UP01,repeated,15,161,6,6
TRPJAI250831a06396e9,2025-08-31,RJ01,new,16,229,8,9
TRPVIS250831c20f0105,2025-08-31,AP01,repeated,28,279,9,8
TRPSUR250831a38392b8,2025-08-31,GJ01,repeated,16,147,7,6
TRPJAI25083122fc4c91,2025-08-31,RJ01,repeated,17,241,8,8
TRPLUC25083127e79da1,2025-08-31,UP01,repeated,11,125,5,6
TRPIND2508313c90c017,2025-08-31,MP01,repeated,15,143,8,7
TRPVAD2508316216dca8,2025-08-31,GJ02,repeated,11,106,5,7
TRPKOC250831e72e2cc9,2025-08-31,KL01,repeated,37,438,8,10
TRPVIS25083157dcbdce,2025-08-31,AP01,repeated,10,117,9,10
TRPCOI250831b4309714,2025-08-31,TN01,new,11,111,7,8
TRPLUC250831c9c9d4b4,2025-08-31,UP01,repeated,10,116,5,7
TRPSUR250831a6e91ffb,2025-08-31,GJ01,repeated,16,147,5,8
TRPSUR25083156c5bec5,2025-08-31,GJ01,repeated,8,83,5,8
TRPKOC25083119821caa,2025-08-31,KL01,repeated,20,251,8,9
TRPJAI250831aed097ea,2025-08-31,RJ01,repeated,23,313,9,8
TRPKOC250831810c864b,2025-08-31,KL01,new,10,141,10,9
TRPJAI250831e3367996,2025-08-31,RJ01,new,21,289,10,10
TRPVAD25083142f9d6ef,2025-08-31,GJ02,new,5,58,8,7
TRPLUC250831f9fc05dd,2025-08-31,UP01,repeated,5,71,6,5
TRPJAI250831ef9efb5a,2025-08-31,RJ01,new,17,241,10,8
TRPSUR250831bc460c5a,2025-08-31,GJ01,repeated,7,75,6,5
TRPIND250831f3c80d94,2025-08-31,MP01,new,13,127,7,9
TRPLUC250831437a6c39,2025-08-31,UP01,new,10,116,9,7
TRPLUC250831a9c3f4b0,2025-08-31,UP01,repeated,17,179,7,6
TRPJAI250831b9abce33,2025-08-31,RJ01,repeated,26,349,9,9
TRPJAI250831b2367732,2025-08-31,RJ01,repeated,29,385,7,8
TRPMYS25083135b3a18f,2025-08-31,KA01,repeated,24,275,9,8
TRPVIS2508316b980059,2025-08-31,AP01,new,23,234,9,10
TRPJAI25083183bd925d,2025-08-31,RJ01,repeated,24,325,7,9
TRPSUR250831b8af9975,2025-08-31,GJ01,repeated,8,83,5,6
TRPLUC250831d6fedd85,2025-08-31,UP01,repeated,6,80,5,6
TRPJAI250831c0c56946,2025-08-31,RJ01,new,19,265,10,9
TRPSUR2508319ae6728b,2025-08-31,GJ01,repeated,8,83,7,7
TRPJAI25083140b5990e,2025-08-31,RJ01,repeated,35,457,9,8
TRPLUC2508319ad71050,2025-08-31,UP01,new,6,80,9,8
TRPJAI2508313cd0b5df,2025-08-31,RJ01,repeated,39,505,8,8
TRPLUC25083176b32140,2025-08-31,UP01,repeated,18,188,7,5
TRPIND25083185e40615,2025-08-31,MP01,repeated,18,167,9,6
TRPJAI2508316e92969b,2025-08-31,RJ01,repeated,26,349,7,10
TRPLUC250831cc53a7d8,2025-08-31,UP01,repeated,20,206,7,6
TRPLUC25083169cb68a2,2025-08-31,UP01,new,12,134,8,6
TRPJAI250831a10fdb82,2025-08-31,RJ01,new,43,553,9,9
TRPJAI2508311278ceb8,2025-08-31,RJ01,new,33,433,9,10
TRPCHA250831f8a39e2d,2025-08-31,CH01,new,13,143,9,9
TRPLUC2508315779bb72,2025-08-31,UP01,repeated,12,134,6,8
TRPIND250831d3392243,2025-08-31,MP01,repeated,22,199,9,6
TRPLUC250831fb3767a6,2025-08-31,UP01,repeated,10,116,6,7
TRPJAI250831869e3a44,2025-08-31,RJ01,new,38,493,9,10
TRPCHA25083184588afa,2025-08-31,CH01,repeated,30,296,8,8
TRPJAI250831adb47f81,2025-08-31,RJ01,new,39,505,10,10
TRPCOI25083155901d86,2025-08-31,TN01,repeated,18,167,6,7
TRPLUC250831ebbbe9e3,2025-08-31,UP01,repeated,20,206,7,8
TRPJAI250831ebccbbc9,2025-08-31,RJ01,new,34,445,10,9
TRPLUC25083105ab7147,2025-08-31,UP01,repeated,17,179,6,8
TRPVIS2508310f7783ba,2025-08-31,AP01,repeated,32,315,9,9
TRPVIS250831b82241b6,2025-08-31,AP01,repeated,31,306,9,9
TRPKOC250831c8292213,2025-08-31,KL01,new,33,394,9,9
TRPLUC250831f67f6223,2025-08-31,UP01,repeated,14,152,7,8
TRPKOC2508317c7b41a1,2025-08-31,KL01,repeated,30,361,9,8
TRPCOI250831f619a248,2025-08-31,TN01,new,17,159,7,8
TRPIND2508317329d849,2025-08-31,MP01,new,12,119,7,7
TRPIND25083117dfcdc8,2025-08-31,MP01,repeated,17,159,9,6
TRPLUC250831581617fd,2025-08-31,UP01,repeated,19,197,6,5
TRPIND25083197437cb7,2025-08-31,MP01,new,20,183,10,9
TRPKOC250831aa0167c5,2025-08-31,KL01,repeated,25,306,8,9
TRPKOC2508313860be50,2025-08-31,KL01,new,13,174,8,9
TRPLUC2508319e9a59d8,2025-08-31,UP01,repeated,6,80,5,5
TRPJAI25083133f6f57d,2025-08-31,RJ01,new,25,337,9,8
TRPLUC25083177602d4b,2025-08-31,UP01,repeated,13,143,7,5
TRPKOC2508315bd21c89,2025-08-31,KL01,new,16,207,8,8
TRPLUC25083173686237,2025-08-31,UP01,repeated,10,116,5,7
TRPSUR25083172cca9c6,2025-08-31,GJ01,repeated,15,139,7,6
TRPSUR250831e28d42a5,2025-08-31,GJ01,repeated,11,107,7,8
TRPVAD2508314e438dae,2025-08-31,GJ02,new,13,122,9,6
TRPSUR250831904c13ea,2025-08-31,GJ01,repeated,14,131,7,8
TRPSUR2508312e12bc6f,2025-08-31,GJ01,repeated,10,99,6,5
TRPKOC2508312140bd64,2025-08-31,KL01,repeated,38,449,9,10
TRPLUC250831bbba09d4,2025-08-31,UP01,repeated,7,89,5,8
TRPLUC25083140dae2a5,2025-08-31,UP01,repeated,17,179,5,8
TRPCHA250831706b5bdf,2025-08-31,CH01,new,17,179,10,9
TRPCOI2508316b4a9dda,2025-08-31,TN01,new,17,159,7,8
TRPJAI250831d26c1910,2025-08-31,RJ01,new,45,577,9,10
TRPSUR2508317ed044a1,2025-08-31,GJ01,repeated,13,123,7,6
TRPIND2508311a4e18d7,2025-08-31,MP01,new,16,151,7,8
TRPLUC2508317813a5d6,2025-08-31,UP01,repeated,19,197,5,5
TRPCOI2508318821babc,2025-08-31,TN01,repeated,13,127,6,9
TRPKOC250831626647f5,2025-08-31,KL01,new,18,229,8,10
TRPLUC25083115e2c0c0,2025-08-31,UP01,repeated,13,143,7,6
TRPSUR250831475b5b67,2025-08-31,GJ01,new,13,123,7,8
TRPIND2508318cbd797f,2025-08-31,MP01,new,14,135,10,8
TRPSUR250831e9ab1859,2025-08-31,GJ01,new,11,107,8,6
TRPLUC25083134ee6fc1,2025-08-31,UP01,repeated,11,125,5,7
TRPLUC250831f525fc0c,2025-08-31,UP01,repeated,14,152,7,8
TRPLUC250831e5b0a93a,2025-08-31,UP01,repeated,11,125,5,8
TRPLUC250831dad7a963,2025-08-31,UP01,repeated,19,197,7,6
TRPVAD250831b80cd953,2025-08-31,GJ02,repeated,9,90,5,8
TRPLUC250831af2d2609,2025-08-31,UP01,repeated,8,98,6,5
TRPCHA250831c563f0d3,2025-08-31,CH01,new,15,161,9,8
TRPJAI2508312e86ef15,2025-08-31,RJ01,new,29,385,8,8
TRPCOI250831d0b3e7f2,2025-08-31,TN01,repeated,22,199,6,9
TRPCOI2508311f8b15d3,2025-08-31,TN01,repeated,13,127,8,6
TRPSUR25083185cb0283,2025-08-31,GJ01,repeated,8,83,5,7
TRPSUR25083181a26fb5,2025-08-31,GJ01,repeated,11,107,5,5
TRPCOI250831ed7419a2,2025-08-31,TN01,new,8,87,9,7
TRPCHA250831954fd269,2025-08-31,CH01,new,28,278,9,8
TRPSUR250831a8151b0c,2025-08-31,GJ01,repeated,10,99,5,6
TRPMYS250831f2cc5b03,2025-08-31,KA01,new,10,135,9,8
TRPSUR25083129721c2b,2025-08-31,GJ01,new,12,115,9,8
TRPIND25083145d73613,2025-08-31,MP01,repeated,21,191,6,8
TRPJAI250831eb5bd33c,2025-08-31,RJ01,repeated,23,313,8,9
TRPLUC25083184322d04,2025-08-31,UP01,repeated,6,80,5,5
TRPJAI250831cc09d216,2025-08-31,RJ01,repeated,19,265,8,9
TRPVIS250831e41e8d33,2025-08-31,AP01,repeated,34,333,7,8
TRPLUC2508314f59f0e8,2025-08-31,UP01,new,11,125,9,7
TRPVAD2508311f1781d4,2025-08-31,GJ02,new,15,138,7,8
TRPLUC250831964645c9,2025-08-31,UP01,new,15,161,9,6
TRPJAI2508312f38c0bf,2025-08-31,RJ01,new,24,325,9,8
TRPSUR250831222ae95a,2025-08-31,GJ01,repeated,12,115,5,8
TRPJAI2508314056cc21,2025-08-31,RJ01,repeated,43,553,7,8
TRPCHA250831238c88ac,2025-08-31,CH01,new,35,341,7,7
TRPVIS25083187684d53,2025-08-31,AP01,repeated,22,225,8,10
TRPLUC250831abcb5de7,2025-08-31,UP01,repeated,12,134,5,6
TRPLUC25083101454917,2025-08-31,UP01,repeated,20,206,5,6
TRPCOI25083132620953,2025-08-31,TN01,repeated,14,135,7,8
TRPSUR250831111d20dd,2025-08-31,GJ01,repeated,11,107,5,6
TRPLUC25083143141442,2025-08-31,UP01,repeated,17,179,5,5
TRPJAI250831c40258bf,2025-08-31,RJ01,new,25,337,8,8
TRPVAD25083100fc2438,2025-08-31,GJ02,new,16,146,7,7
TRPIND250831e92e7939,2025-08-31,MP01,new,21,191,10,9
TRPJAI250831d2f75d7b,2025-08-31,RJ01,new,24,325,8,8
TRPSUR250831db36e105,2025-08-31,GJ01,repeated,12,115,6,8
TRPSUR25083142165722,2025-08-31,GJ01,repeated,17,155,6,6
TRPVIS25083158368b6d,2025-08-31,AP01,repeated,30,297,7,10
TRPIND250831f4de30ce,2025-08-31,MP01,new,17,159,7,8
TRPLUC250831fec7ee01,2025-08-31,UP01,repeated,15,161,5,6
TRPVAD250831cb7f25ba,2025-08-31,GJ02,repeated,8,82,5,8
TRPSUR250831bd016915,2025-08-31,GJ01,repeated,16,147,5,6
TRPLUC250831d8238709,2025-08-31,UP01,repeated,17,179,5,6
TRPVIS25083151966ec8,2025-08-31,AP01,repeated,29,288,8,9
TRPKOC25083173d7be5b,2025-08-31,KL01,new,33,394,8,8
TRPJAI2508314874eb05,2025-08-31,RJ01,repeated,22,301,7,10
TRPIND250831ec130dfb,2025-08-31,MP01,repeated,23,207,6,7
TRPLUC250831eb718948,2025-08-31,UP01,new,7,89,9,7
TRPMYS25083142fc60bb,2025-08-31,KA01,new,14,175,9,10
TRPVAD25083107a622a6,2025-08-31,GJ02,new,16,146,8,6
TRPSUR250831a9af3cee,2025-08-31,GJ01,repeated,7,75,6,6
TRPCHA2508317c6dc55e,2025-08-31,CH01,new,27,269,7,9
TRPIND2508311eb4e40b,2025-08-31,MP01,repeated,24,215,7,9
TRPLUC25083183de5cf0,2025-08-31,UP01,repeated,12,134,7,6
TRPJAI250831b3c88bd6,2025-08-31,RJ01,new,35,457,9,8
TRPKOC25083176c9da4b,2025-08-31,KL01,repeated,18,229,8,9
TRPSUR250831154e9ed9,2025-08-31,GJ01,new,14,131,7,6
TRPJAI25083156385612,2025-08-31,RJ01,repeated,27,361,8,9
TRPKOC250831e881de75,2025-08-31,KL01,new,15,196,10,9
TRPLUC2508315a42604d,2025-08-31,UP01,new,11,125,8,7
TRPIND250831f7e14f20,2025-08-31,MP01,repeated,14,135,6,8
TRPIND2508319261d534,2025-08-31,MP01,repeated,9,95,8,8
TRPSUR25083191767319,2025-08-31,GJ01,repeated,5,59,5,5
TRPSUR25083116237c8c,2025-08-31,GJ01,repeated,13,123,7,7
TRPJAI2508312bf5acaa,2025-08-31,RJ01,new,28,373,9,10
TRPCHA25083102237745,2025-08-31,CH01,repeated,22,224,8,7
TRPJAI2508315b9c24d0,2025-08-31,RJ01,new,44,565,8,10
TRPJAI2508311f20d80f,2025-08-31,RJ01,repeated,33,433,7,10
TRPVAD2508318c23a9c7,2025-08-31,GJ02,repeated,10,98,7,6
TRPIND250831acebc1ae,2025-08-31,MP01,repeated,9,95,7,8
TRPJAI2508317f23d05e,2025-08-31,RJ01,repeated,21,289,9,10
TRPKOC250831664f3490,2025-08-31,KL01,repeated,12,163,7,10
TRPSUR250831f6b086ed,2025-08-31,GJ01,new,5,59,7,6
TRPLUC2508317a24a537,2025-08-31,UP01,new,8,98,7,8
TRPCOI25083158e429ca,2025-08-31,TN01,new,20,183,8,9
TRPCOI250831a7ca563a,2025-08-31,TN01,new,10,103,9,7
TRPMYS250831b9acf3cc,2025-08-31,KA01,repeated,20,235,9,10
TRPIND2508317705bd8b,2025-08-31,MP01,repeated,10,103,8,7
TRPIND250831195441f0,2025-08-31,MP01,repeated,25,223,6,6
TRPLUC25083154114de1,2025-08-31,UP01,repeated,19,197,5,7
TRPVAD250831d376ee27,2025-08-31,GJ02,repeated,13,122,7,7
TRPCOI250831d800d4cf,2025-08-31,TN01,new,20,183,8,8
TRPSUR250831708cccb3,2025-08-31,GJ01,repeated,6,67,7,8
TRPMYS25083146ba7ad1,2025-08-31,KA01,new,17,205,10,8
TRPVIS25083163d3cc77,2025-08-31,AP01,new,24,243,10,10
TRPSUR25083133ff1690,2025-08-31,GJ01,repeated,7,75,6,6
TRPCHA250831658e0694,2025-08-31,CH01,new,13,143,10,9
TRPLUC250831f05a2d66,2025-08-31,UP01,repeated,11,125,5,7
TRPKOC250831a72ebb1e,2025-08-31,KL01,repeated,34,405,8,8
TRPVIS25083101b2d59b,2025-08-31,AP01,repeated,33,324,7,10
TRPLUC2508316463cddc,2025-08-31,UP01,repeated,5,71,6,8
TRPJAI250831ec61552a,2025-08-31,RJ01,new,31,409,9,8
TRPLUC25083123b24751,2025-08-31,UP01,repeated,9,107,6,6
TRPVAD250831e14797de,2025-08-31,GJ02,repeated,10,98,5,8
TRPCHA25083146cad57d,2025-08-31,CH01,new,13,143,10,9
TRPLUC2508316b620f32,2025-08-31,UP01,repeated,13,143,6,7
TRPKOC2508314dc9603d,2025-08-31,KL01,repeated,36,427,8,10
TRPSUR250831100ee950,2025-08-31,GJ01,repeated,7,75,6,6
TRPKOC250831d7da8148,2025-08-31,KL01,repeated,17,218,9,9
TRPVAD250831d8cf35ed,2025-08-31,GJ02,new,16,146,7,6
TRPLUC250831c6c6ab05,2025-08-31,UP01,repeated,10,116,6,7
TRPCHA25083151c2a0c1,2025-08-31,CH01,repeated,23,233,6,7
TRPIND2508310d8efb29,2025-08-31,MP01,new,19,175,9,8
TRPJAI2508310831f1cd,2025-08-31,RJ01,new,17,241,8,8
TRPCHA25083133a2d2af,2025-08-31,CH01,repeated,25,251,7,6
TRPSUR2508318d954e17,2025-08-31,GJ01,repeated,14,131,6,8
TRPLUC2508318404b2e5,2025-08-31,UP01,repeated,10,116,5,8
TRPVAD2508313dc5a8d1,2025-08-31,GJ02,repeated,15,138,5,7
TRPKOC25083162582f49,2025-08-31,KL01,new,12,163,10,8
TRPSUR25083123914311,2025-08-31,GJ01,repeated,10,99,6,5
TRPVAD25083155df7841,2025-08-31,GJ02,new,11,106,8,8
TRPSUR250831ccd3503a,2025-08-31,GJ01,new,10,99,8,7
TRPMYS250831243712a1,2025-08-31,KA01,new,15,185,8,8
TRPMYS250831d8eba308,2025-08-31,KA01,new,20,235,10,10
TRPSUR2508310323876a,2025-08-31,GJ01,new,14,131,9,8
TRPLUC250831b41b1984,2025-08-31,UP01,new,6,80,8,7
TRPJAI250831250c34ad,2025-08-31,RJ01,new,22,301,10,9
TRPIND250831ea9be10d,2025-08-31,MP01,new,19,175,7,8
TRPJAI250831f445fcfe,2025-08-31,RJ01,repeated,40,517,8,9
TRPJAI250831d5ac676a,2025-08-31,RJ01,new,45,577,9,9
TRPLUC2508319b3690e1,2025-08-31,UP01,new,16,170,9,8
TRPVIS250831386ba032,2025-08-31,AP01,new,13,144,9,9
TRPCOI250831d02c8770,2025-08-31,TN01,repeated,18,167,8,7
TRPCHA25083157f897a0,2025-08-31,CH01,new,12,134,8,8
TRPLUC250831a9ad5c4c,2025-08-31,UP01,repeated,19,197,6,8
TRPLUC250831723e37d7,2025-08-31,UP01,new,16,170,8,7
TRPSUR25083151cc1b14,2025-08-31,GJ01,new,6,67,7,8
TRPMYS2508317a4611b7,2025-08-31,KA01,repeated,13,165,8,9
TRPVAD2508312c88c5de,2025-08-31,GJ02,repeated,7,74,5,5
TRPLUC250831441a28ca,2025-08-31,UP01,new,15,161,7,7
TRPLUC2508310382dc7e,2025-08-31,UP01,repeated,8,98,5,5
TRPVIS250831322f91d1,2025-08-31,AP01,new,32,315,8,10
TRPLUC2508315ebd8c72,2025-08-31,UP01,repeated,13,143,5,6
TRPJAI250831b40ba3eb,2025-08-31,RJ01,repeated,19,265,9,8
TRPLUC2508319885268f,2025-08-31,UP01,repeated,10,116,5,7
TRPCHA250831bde1ce1d,2025-08-31,CH01,new,12,134,10,9
TRPCHA2508316b546189,2025-08-31,CH01,new,26,260,7,7
TRPIND250831d5b8a410,2025-08-31,MP01,repeated,15,143,9,9
TRPLUC250831ded4af19,2025-08-31,UP01,repeated,16,170,6,7
TRPJAI250831d4f37b88,2025-08-31,RJ01,repeated,41,529,7,10
TRPVAD25083194509f0d,2025-08-31,GJ02,repeated,11,106,7,5
TRPSUR250831ddfccdcd,2025-08-31,GJ01,repeated,7,75,5,8
TRPIND250831ae6c604f,2025-08-31,MP01,repeated,19,175,8,8
TRPCOI25083164db77ec,2025-08-31,TN01,new,21,191,7,9
TRPVAD2508317a3ff6b8,2025-08-31,GJ02,repeated,10,98,5,6
TRPLUC25083186b9fc0f,2025-08-31,UP01,repeated,19,197,7,8
TRPLUC25083112099c1d,2025-08-31,UP01,new,15,161,8,8
TRPLUC250831ade9e13a,2025-08-31,UP01,new,11,125,8,7
TRPIND25083145729989,2025-08-31,MP01,repeated,23,207,7,8
TRPVIS250831074f79ec,2025-08-31,AP01,repeated,18,189,7,10
TRPSUR250831d63d6169,2025-08-31,GJ01,new,17,155,7,6
TRPIND250831aee68eaf,2025-08-31,MP01,repeated,24,215,7,7
TRPCOI250831a8578e9f,2025-08-31,TN01,repeated,21,191,6,8
TRPIND250831aba4acd9,2025-08-31,MP01,new,12,119,9,8
TRPLUC25083126ece643,2025-08-31,UP01,repeated,11,125,7,6
TRPLUC250831b27c50e1,2025-08-31,UP01,new,15,161,8,7
TRPCHA2508314ee42d25,2025-08-31,CH01,new,31,305,10,7
TRPKOC250831519d89eb,2025-08-31,KL01,repeated,13,174,9,9
TRPIND2508310626b3e5,2025-08-31,MP01,repeated,9,95,8,7
TRPLUC250831b2998f10,2025-08-31,UP01,repeated,16,170,6,7
TRPCOI250831c43ce43a,2025-08-31,TN01,repeated,14,135,6,8
TRPSUR2508319206e15d,2025-08-31,GJ01,new,8,83,9,8
TRPKOC250831df3ebb7d,2025-08-31,KL01,new,34,405,8,10
TRPJAI250831461b1339,2025-08-31,RJ01,new,41,529,8,9
TRPIND250831423da4fd,2025-08-31,MP01,repeated,24,215,9,9
TRPIND2508312dbf91b1,2025-08-31,MP01,repeated,13,127,7,9
TRPLUC250831caae1fb6,2025-08-31,UP01,repeated,17,179,7,5
TRPJAI2508310938ec92,2025-08-31,RJ01,repeated,44,565,8,10
TRPJAI250831abebab36,2025-08-31,RJ01,repeated,18,253,9,9
TRPSUR250831f8d5d72d,2025-08-31,GJ01,repeated,6,67,6,7
TRPCHA250831f12a9df3,2025-08-31,CH01,new,17,179,7,8
TRPJAI250831569a89b7,2025-08-31,RJ01,new,25,337,10,9
TRPVAD25083113792289,2025-08-31,GJ02,repeated,11,106,7,7
TRPJAI250831df894000,2025-08-31,RJ01,new,42,541,10,9
TRPVAD250831b2df1e2a,2025-08-31,GJ02,repeated,18,162,6,5
TRPVIS250831184c3859,2025-08-31,AP01,new,25,252,9,10
TRPCHA2508319eb9ed34,2025-08-31,CH01,new,21,215,8,7
TRPLUC25083171c238d9,2025-08-31,UP01,repeated,11,125,5,5
TRPJAI250831b8c9dcac,2025-08-31,RJ01,repeated,18,253,7,9
TRPKOC250831491e28c5,2025-08-31,KL01,new,23,284,8,8
TRPJAI250831d971eef5,2025-08-31,RJ01,new,35,457,8,8
TRPIND250831fb93c94d,2025-08-31,MP01,new,25,223,7,7
TRPLUC250831a08f3402,2025-08-31,UP01,repeated,10,116,6,5
TRPJAI250831322aa2e4,2025-08-31,RJ01,new,25,337,9,10
TRPLUC2508316538b825,2025-08-31,UP01,new,20,206,8,7
TRPLUC250831b4db8b35,2025-08-31,UP01,new,11,125,9,7
TRPJAI2508313c3f1220,2025-08-31,RJ01,new,45,577,9,10
TRPVAD25083166204c55,2025-08-31,GJ02,new,12,114,7,6
TRPJAI2508318f9241f6,2025-08-31,RJ01,repeated,32,421,8,9
TRPMYS250831c11e7a5f,2025-08-31,KA01,repeated,24,275,9,9
TRPJAI2508314274f191,2025-08-31,RJ01,repeated,43,553,8,9
TRPLUC2508310e677819,2025-08-31,UP01,repeated,5,71,5,5
TRPJAI250831cc70220c,2025-08-31,RJ01,new,28,373,10,9
TRPSUR250831fa6857d7,2025-08-31,GJ01,repeated,8,83,6,6
TRPCHA2508313d684940,2025-08-31,CH01,new,18,188,8,8
TRPIND2508313bb6ed0e,2025-08-31,MP01,repeated,24,215,6,6
TRPCOI250831fdbd8221,2025-08-31,TN01,new,12,119,9,8
TRPIND2508319b6a9fa6,2025-08-31,MP01,repeated,19,175,6,7
TRPVIS250831d5157985,2025-08-31,AP01,new,19,198,8,10
TRPVAD2508318531336c,2025-08-31,GJ02,new,18,162,9,8
TRPSUR250831f03538bb,2025-08-31,GJ01,repeated,7,75,5,6
TRPIND25083178a02b6e,2025-08-31,MP01,repeated,16,151,8,8
TRPJAI250831de1c55c2,2025-08-31,RJ01,new,35,457,10,8
TRPSUR2508310eccabe6,2025-08-31,GJ01,repeated,6,67,5,6
TRPLUC2508317d16d3c0,2025-08-31,UP01,repeated,8,98,5,7
TRPIND2508318db2616d,2025-08-31,MP01,new,8,87,10,9
TRPJAI2508310da45db6,2025-08-31,RJ01,new,25,337,8,10
TRPSUR2508310742e099,2025-08-31,GJ01,new,5,59,9,7
TRPVIS250831c3f57fe7,2025-08-31,AP01,repeated,14,153,7,8
TRPVIS250831aadcdb6a,2025-08-31,AP01,new,17,180,8,10
TRPSUR2508319de58644,2025-08-31,GJ01,repeated,6,67,7,7
TRPJAI250831df77760b,2025-08-31,RJ01,new,43,553,9,10
TRPSUR2508310f3ebf54,2025-08-31,GJ01,repeated,17,155,7,8
TRPLUC2508311cedecad,2025-08-31,UP01,repeated,7,89,7,5
TRPCOI250831bb38d250,2025-08-31,TN01,new,22,199,7,8
TRPLUC250831f5ffbc21,2025-08-31,UP01,repeated,18,188,5,7
TRPCHA250831623bc75b,2025-08-31,CH01,new,12,134,9,9
TRPSUR250831c417bc70,2025-08-31,GJ01,repeated,9,91,6,5
TRPLUC25083184f77204,2025-08-31,UP01,repeated,5,71,7,8
TRPVAD25083197a1ab5f,2025-08-31,GJ02,new,16,146,8,7
TRPKOC250831bb350848,2025-08-31,KL01,new,29,350,10,8
TRPJAI25083123cfe316,2025-08-31,RJ01,new,41,529,8,10
TRPIND2508310f8dbf81,2025-08-31,MP01,repeated,16,151,6,7
TRPSUR250831eb9b9629,2025-08-31,GJ01,repeated,9,91,6,6
TRPVIS250831b806a029,2025-08-31,AP01,repeated,11,126,8,10
TRPSUR25083115f2652b,2025-08-31,GJ01,repeated,16,147,5,5
TRPVIS250831402e630c,2025-08-31,AP01,repeated,28,279,9,8
TRPLUC250831a9a29455,2025-08-31,UP01,repeated,14,152,7,6
TRPCOI25083199f7bd69,2025-08-31,TN01,new,13,127,10,8
TRPLUC2508319e191ca3,2025-08-31,UP01,repeated,18,188,6,8
TRPMYS25083126f83f5a,2025-08-31,KA01,repeated,21,245,9,9
TRPSUR2508310a789fe9,2025-08-31,GJ01,repeated,8,83,6,8
TRPIND25083146063267,2025-08-31,MP01,repeated,21,191,9,7
TRPLUC250831b2c2ac3c,2025-08-31,UP01,repeated,5,71,6,5
TRPJAI25083143e4ff37,2025-08-31,RJ01,new,35,457,9,8
TRPJAI2508316132a94c,2025-08-31,RJ01,new,43,553,8,8
TRPJAI250831b36f3127,2025-08-31,RJ01,repeated,19,265,7,10
TRPIND2508319891f95a,2025-08-31,MP01,repeated,9,95,6,7
TRPVAD2508316282cd94,2025-08-31,GJ02,repeated,10,98,7,5
TRPVAD25083176a44d6c,2025-08-31,GJ02,repeated,11,106,7,5
TRPVAD25083123cad161,2025-08-31,GJ02,new,17,154,8,8
TRPVIS2508315ed8f2a0,2025-08-31,AP01,repeated,33,324,7,8
TRPCOI25083127210475,2025-08-31,TN01,repeated,15,143,7,7
TRPJAI25083170077b12,2025-08-31,RJ01,repeated,19,265,9,9
TRPSUR250831f7003e73,2025-08-31,GJ01,repeated,13,123,5,5
TRPCHA250831bfdecc99,2025-08-31,CH01,repeated,32,314,8,7
TRPLUC2508315644b1a2,2025-08-31,UP01,new,5,71,8,6
TRPLUC250831572b54fa,2025-08-31,UP01,new,6,80,9,8
TRPLUC250831f1d7e45c,2025-08-31,UP01,new,19,197,9,7
TRPIND250831070275a8,2025-08-31,MP01,repeated,8,87,9,9
TRPLUC250831d193a068,2025-08-31,UP01,repeated,16,170,7,5
TRPLUC2508317299fecc,2025-08-31,UP01,new,16,170,8,6
TRPKOC250831e0b61598,2025-08-31,KL01,new,22,273,9,10
TRPSUR250831ce218f76,2025-08-31,GJ01,repeated,17,155,5,5
TRPCHA250831a9665377,2025-08-31,CH01,new,12,134,9,7
TRPJAI250831e943b6ca,2025-08-31,RJ01,new,24,325,8,9
TRPCOI2508319ef65361,2025-08-31,TN01,new,18,167,10,9
TRPCHA250831cb52e87f,2025-08-31,CH01,new,14,152,7,7
TRPLUC25083151a6504c,2025-08-31,UP01,repeated,13,143,7,6
TRPVAD250831006844d9,2025-08-31,GJ02,new,8,82,9,6
TRPLUC2508315a2cf393,2025-08-31,UP01,repeated,18,188,7,5
TRPCHA250831534d4ede,2025-08-31,CH01,new,21,215,9,8
TRPIND2508317cba2341,2025-08-31,MP01,repeated,15,143,8,6
TRPVIS2508313142e6cb,2025-08-31,AP01,repeated,28,279,7,8
TRPJAI25083193806fe0,2025-08-31,RJ01,repeated,29,385,8,9
TRPJAI250831a74099f2,2025-08-31,RJ01,new,37,481,8,9
TRPLUC250831a0db95fe,2025-08-31,UP01,new,15,161,8,6
TRPVAD250831926b80ae,2025-08-31,GJ02,repeated,6,66,7,6
TRPVIS250831427175a9,2025-08-31,AP01,repeated,12,135,8,10
TRPVIS2508319667f16a,2025-08-31,AP01,repeated,29,288,7,10
TRPMYS250831a3f07bcb,2025-08-31,KA01,new,8,115,8,10
TRPSUR250831ce2538d4,2025-08-31,GJ01,repeated,14,131,7,7
TRPVIS250831360fd9d1,2025-08-31,AP01,new,23,234,10,9
TRPKOC25083169836c1b,2025-08-31,KL01,new,34,405,10,8
TRPCHA25083157f77da3,2025-08-31,CH01,new,18,188,7,9
TRPCHA250831b5c58654,2025-08-31,CH01,new,30,296,10,9
TRPCHA250831cf906f43,2025-08-31,CH01,new,16,170,8,7
TRPIND250831a2a169de,2025-08-31,MP01,repeated,24,215,8,8
TRPJAI250831bfbad2f2,2025-08-31,RJ01,repeated,19,265,9,10
TRPSUR250831c31ebc07,2025-08-31,GJ01,repeated,10,99,6,8
TRPCHA25083146582fc3,2025-08-31,CH01,repeated,16,170,7,7
TRPIND2508318600c8a4,2025-08-31,MP01,repeated,14,135,9,7
TRPIND2508313746227e,2025-08-31,MP01,repeated,24,215,8,6
TRPCOI250831aa95b4e2,2025-08-31,TN01,repeated,16,151,7,7
TRPSUR250831ff93c296,2025-08-31,GJ01,new,11,107,7,7
TRPLUC250831a27477f1,2025-08-31,UP01,repeated,12,134,5,8
TRPIND250831aa4b7fb9,2025-08-31,MP01,new,16,151,7,7
TRPKOC250831f9e91283,2025-08-31,KL01,repeated,12,163,9,8
TRPCOI25083123904990,2025-08-31,TN01,repeated,20,183,9,6
TRPJAI2508316a23a7e9,2025-08-31,RJ01,new,38,493,8,8
TRPCOI250831c01ad9ca,2025-08-31,TN01,repeated,20,183,9,7
TRPVAD250831c3950645,2025-08-31,GJ02,new,12,114,7,7
TRPCOI250831f8b31297,2025-08-31,TN01,new,17,159,8,7
TRPSUR25083197522ec5,2025-08-31,GJ01,repeated,7,75,6,6
TRPCOI250831d6d16d96,2025-08-31,TN01,repeated,17,159,7,8
TRPKOC250831d30a59e0,2025-08-31,KL01,repeated,30,361,8,9
TRPMYS250831f289c74f,2025-08-31,KA01,new,15,185,9,8
TRPLUC250831e537eb82,2025-08-31,UP01,new,19,197,9,8
TRPJAI250831266482bf,2025-08-31,RJ01,repeated,33,433,8,8
TRPSUR250831fb028230,2025-08-31,GJ01,repeated,10,99,5,8
TRPLUC2508312779987d,2025-08-31,UP01,new,14,152,8,6
TRPJAI250831555b6c3d,2025-08-31,RJ01,new,38,493,9,10
TRPSUR250831c0df35fa,2025-08-31,GJ01,repeated,9,91,6,7
TRPSUR25083178c25581,2025-08-31,GJ01,repeated,13,123,6,6
TRPVIS25083109f6f30b,2025-08-31,AP01,repeated,30,297,8,9
TRPCHA2508316b4207ae,2025-08-31,CH01,repeated,20,206,7,9
TRPSUR250831fb252662,2025-08-31,GJ01,repeated,7,75,7,7
TRPSUR250831885b95af,2025-08-31,GJ01,repeated,13,123,6,7
TRPSUR25083103da3550,2025-08-31,GJ01,repeated,9,91,6,5
TRPLUC2508318e4955a5,2025-08-31,UP01,new,14,152,8,6
TRPIND25083166a2b27b,2025-08-31,MP01,new,16,151,9,8
TRPVIS2508312c536988,2025-08-31,AP01,new,26,261,10,10
TRPCOI25083164074263,2025-08-31,TN01,repeated,11,111,9,8
TRPSUR25083104a0fe2c,2025-08-31,GJ01,new,5,59,9,8
TRPKOC250831b263dc51,2025-08-31,KL01,new,35,416,8,10
TRPKOC2508318e5508c5,2025-08-31,KL01,new,25,306,9,9
TRPSUR250831958890d9,2025-08-31,GJ01,new,12,115,7,6
TRPLUC250831c9a5826a,2025-08-31,UP01,repeated,18,188,5,7
TRPCOI2508315951b024,2025-08-31,TN01,new,9,95,10,8
TRPVAD2508312ff863fe,2025-08-31,GJ02,repeated,17,154,4,1
TRPJAI25083139836878,2025-08-31,RJ01,new,42,541,8,10
TRPIND250831f16a40a3,2025-08-31,MP01,repeated,9,95,6,7
TRPVAD250831dd413f64,2025-08-31,GJ02,new,15,138,9,7
TRPSUR250831e63a6fa6,2025-08-31,GJ01,repeated,8,83,6,5
TRPJAI25083153d6d2d6,2025-08-31,RJ01,new,44,565,10,9
TRPLUC250831cb1e10e7,2025-08-31,UP01,new,13,143,8,7
TRPCHA250831781233ab,2025-08-31,CH01,new,22,224,8,7
TRPVAD250831a2cbf17d,2025-08-31,GJ02,repeated,12,114,5,7
TRPJAI2508315b07db21,2025-08-31,RJ01,repeated,28,373,7,10
TRPLUC25083185dbf94b,2025-08-31,UP01,repeated,7,89,6,7
TRPLUC2508312dbd6079,2025-08-31,UP01,repeated,13,143,5,8
TRPIND250831b8be17bc,2025-08-31,MP01,repeated,24,215,7,6
TRPIND250831810c460e,2025-08-31,MP01,repeated,12,119,9,7
TRPSUR250831f12de1fc,2025-08-31,GJ01,repeated,10,99,6,6
TRPJAI250831a36419d6,2025-08-31,RJ01,new,38,493,8,9
TRPLUC25083126fb7af2,2025-08-31,UP01,repeated,13,143,7,5
TRPLUC250831a254828c,2025-08-31,UP01,repeated,10,116,5,5
TRPSUR250831641fa80c,2025-08-31,GJ01,repeated,8,83,7,8
TRPSUR2508313b3b9b18,2025-08-31,GJ01,repeated,13,123,7,5
TRPSUR25083147d0230d,2025-08-31,GJ01,repeated,9,91,7,5
TRPJAI250831d751c71a,2025-08-31,RJ01,repeated,23,313,8,8
TRPLUC25083140cce2f1,2025-08-31,UP01,repeated,15,161,5,7
TRPVAD25083103caa115,2025-08-31,GJ02,repeated,17,154,7,6
TRPCOI250831ee0a0ce0,2025-08-31,TN01,repeated,13,127,9,8
TRPLUC25083152d8256c,2025-08-31,UP01,new,18,188,7,6
TRPSUR250831b5336f1c,2025-08-31,GJ01,repeated,10,99,5,5
TRPLUC250831038d8324,2025-08-31,UP01,repeated,15,161,6,8
TRPLUC250831a91a9023,2025-08-31,UP01,repeated,7,89,5,5
TRPIND250831b244ebf2,2025-08-31,MP01,repeated,21,191,9,7
TRPIND250831f00ba8d4,2025-08-31,MP01,repeated,18,167,7,8
TRPSUR2508316ff0f3c2,2025-08-31,GJ01,repeated,13,123,6,7
TRPVIS250831c6982c1f,2025-08-31,AP01,new,14,153,10,8
TRPSUR250831c03630ea,2025-08-31,GJ01,repeated,5,59,7,7
TRPVIS250831af1d308c,2025-08-31,AP01,repeated,18,189,7,8
TRPLUC250831c5f00ece,2025-08-31,UP01,new,18,188,7,7
TRPCHA250831f0311621,2025-08-31,CH01,new,15,161,9,8
TRPJAI250831b4b71d5e,2025-08-31,RJ01,new,28,373,10,8
TRPSUR25083152bd805d,2025-08-31,GJ01,repeated,5,59,5,6
TRPSUR25083166c38311,2025-08-31,GJ01,repeated,8,83,7,5
TRPLUC250831e5025327,2025-08-31,UP01,new,17,179,7,8
TRPKOC25083167d624d8,2025-08-31,KL01,new,18,229,10,8
TRPKOC250831f3019b0f,2025-08-31,KL01,new,20,251,9,10
TRPCHA250831d5ce8c2c,2025-08-31,CH01,repeated,19,197,6,9
TRPCHA25083147887d6e,2025-08-31,CH01,repeated,20,206,9,9
TRPJAI25083124ebf421,2025-08-31,RJ01,new,43,553,10,9
TRPIND25083160d6beef,2025-08-31,MP01,repeated,8,87,7,6
TRPLUC250831128f9671,2025-08-31,UP01,repeated,11,125,6,5
TRPSUR250831adf13da1,2025-08-31,GJ01,repeated,9,91,7,7
TRPSUR25083121e4620b,2025-08-31,GJ01,new,7,75,9,7
TRPCHA250831ab5324f4,2025-08-31,CH01,new,33,323,9,9
TRPIND250831bd091200,2025-08-31,MP01,repeated,25,223,9,9
TRPJAI25083139ce15f8,2025-08-31,RJ01,new,43,553,9,10
TRPSUR250831157cf41b,2025-08-31,GJ01,repeated,7,75,6,5
TRPSUR25083101e57e2d,2025-08-31,GJ01,repeated,16,147,6,8
TRPVIS250831fd94067e,2025-08-31,AP01,repeated,33,324,9,9
TRPIND250831e55d83af,2025-08-31,MP01,repeated,9,95,6,9
TRPCHA250831c966aa90,2025-08-31,CH01,new,16,170,10,9
TRPKOC25083154b3dd73,2025-08-31,KL01,new,10,141,10,9
TRPCOI250831bc461450,2025-08-31,TN01,repeated,9,95,9,6
TRPKOC250831e37393f9,2025-08-31,KL01,new,24,295,10,8
TRPJAI250831bdf330e0,2025-08-31,RJ01,repeated,32,421,7,9
TRPIND2508315463e936,2025-08-31,MP01,repeated,18,167,9,7
TRPCHA250831ea801c93,2025-08-31,CH01,repeated,13,143,8,9
TRPLUC25083175401f84,2025-08-31,UP01,repeated,9,107,6,7
TRPLUC250831f6893dc3,2025-08-31,UP01,new,14,152,7,8
TRPIND25083181994f4d,2025-08-31,MP01,repeated,8,87,6,7
TRPSUR2508314d314fdb,2025-08-31,GJ01,repeated,8,83,6,5
TRPIND25083169edf491,2025-08-31,MP01,repeated,14,135,8,9
TRPIND2508317571ff05,2025-08-31,MP01,repeated,23,207,9,9
TRPIND250831c92f549d,2025-08-31,MP01,new,21,191,9,9
TRPLUC2508313a160f7e,2025-08-31,UP01,new,20,206,9,8
TRPLUC250831b59a7691,2025-08-31,UP01,new,9,107,9,7
TRPJAI2508315b2aacad,2025-08-31,RJ01,repeated,45,577,7,8
TRPLUC2508311c9b1817,2025-08-31,UP01,repeated,11,125,7,8
TRPLUC2508316f37c2af,2025-08-31,UP01,new,17,179,8,7
TRPIND2508310859f342,2025-08-31,MP01,new,15,143,10,7
TRPKOC250831e9d02da5,2025-08-31,KL01,repeated,34,405,7,10
TRPVIS2508315e054981,2025-08-31,AP01,repeated,28,279,8,9
TRPKOC25083138b099f5,2025-08-31,KL01,new,16,207,10,10
TRPSUR250831e10311df,2025-08-31,GJ01,repeated,9,91,7,5
TRPIND2508311d615ae5,2025-08-31,MP01,repeated,23,207,8,8
TRPLUC250831d0594608,2025-08-31,UP01,repeated,12,134,7,6
TRPSUR2508312fb65559,2025-08-31,GJ01,repeated,14,131,7,5
TRPCOI250831aec6b302,2025-08-31,TN01,new,12,119,10,8
TRPSUR2508310ef2a0b6,2025-08-31,GJ01,repeated,15,139,6,7
TRPIND2508313358e9a2,2025-08-31,MP01,repeated,18,167,6,8
TRPLUC2508315b80f826,2025-08-31,UP01,new,13,143,9,7
TRPSUR2508312f82a86d,2025-08-31,GJ01,repeated,16,147,6,8
TRPLUC2508315d9de348,2025-08-31,UP01,new,10,116,7,8
TRPIND25083145785765,2025-08-31,MP01,repeated,9,95,8,6
TRPSUR250831a997555a,2025-08-31,GJ01,repeated,15,139,6,5
TRPLUC250831d4969e33,2025-08-31,UP01,repeated,10,116,6,8
TRPCHA250831609f5256,2025-08-31,CH01,new,13,143,10,8
TRPLUC250831dc4ca20d,2025-08-31,UP01,repeated,10,116,7,7
TRPJAI250831aacf1dd7,2025-08-31,RJ01,new,42,541,8,9
TRPLUC250831eecb6dc8,2025-08-31,UP01,new,15,161,9,8
TRPVAD2508314c6fdcb4,2025-08-31,GJ02,repeated,18,162,5,5
TRPIND2508318352e4a8,2025-08-31,MP01,new,18,167,7,7
TRPIND2508310b02c9d7,2025-08-31,MP01,repeated,13,127,7,6
TRPSUR250831386eb6ef,2025-08-31,GJ01,new,14,131,7,6
TRPCOI2508315cec69bc,2025-08-31,TN01,repeated,21,191,8,7
TRPKOC250831f5e02b88,2025-08-31,KL01,new,27,328,9,10
TRPJAI25083109c80e67,2025-08-31,RJ01,repeated,21,289,9,10
TRPVAD25083102b33063,2025-08-31,GJ02,repeated,15,138,5,8
TRPKOC250831dbfc1f61,2025-08-31,KL01,repeated,17,218,9,9
TRPCHA250831f7c94bb0,2025-08-31,CH01,repeated,23,233,8,6
TRPVAD2508310d06c21e,2025-08-31,GJ02,repeated,8,82,7,7
TRPVAD250831564cddff,2025-08-31,GJ02,repeated,5,58,6,8
TRPLUC2508319f0e2931,2025-08-31,UP01,new,12,134,8,6
TRPLUC2508310a36539f,2025-08-31,UP01,repeated,8,98,7,8
TRPJAI250831e1836d11,2025-08-31,RJ01,repeated,19,265,7,10
TRPLUC25083121da0910,2025-08-31,UP01,new,12,134,7,6
TRPVIS25083103b5309e,2025-08-31,AP01,repeated,15,162,7,9
TRPLUC250831cb62fea8,2025-08-31,UP01,repeated,13,143,6,5
TRPKOC25083185703671,2025-08-31,KL01,new,35,416,8,10
TRPLUC250831b6956e72,2025-08-31,UP01,new,14,152,9,7
TRPCHA25083184ba3fca,2025-08-31,CH01,new,35,341,9,8
TRPLUC2508311e4802a8,2025-08-31,UP01,repeated,6,80,5,7
TRPSUR2508313f9e311b,2025-08-31,GJ01,repeated,5,59,5,5
TRPJAI25083156f88189,2025-08-31,RJ01,new,45,577,8,8
TRPLUC25083198aec81b,2025-08-31,UP01,repeated,20,206,5,7
TRPIND250831539b72aa,2025-08-31,MP01,new,18,167,9,9
TRPIND25083175490c94,2025-08-31,MP01,new,10,103,8,8
TRPLUC25083167bae5ed,2025-08-31,UP01,new,14,152,9,8
TRPJAI2508311a93b61d,2025-08-31,RJ01,new,45,577,9,10
TRPKOC250831c5716743,2025-08-31,KL01,new,17,218,10,8
TRPKOC2508319021999a,2025-08-31,KL01,repeated,22,273,8,9
TRPCOI25083116deb730,2025-08-31,TN01,new,10,103,10,8
TRPSUR25083133c8a4bc,2025-08-31,GJ01,repeated,15,139,5,8
TRPKOC250831db76f336,2025-08-31,KL01,new,34,405,10,8
TRPSUR25083130a658fa,2025-08-31,GJ01,repeated,16,147,6,6
TRPLUC250831ed83bab6,2025-08-31,UP01,repeated,19,197,7,8
TRPJAI25083192919c6a,2025-08-31,RJ01,new,36,469,9,8
TRPJAI25083175b90579,2025-08-31,RJ01,repeated,34,445,7,10
TRPIND2508318b0459c2,2025-08-31,MP01,repeated,22,199,6,9
TRPLUC250831a33dc2a6,2025-08-31,UP01,new,5,71,8,7
TRPIND250831a1327163,2025-08-31,MP01,repeated,14,135,8,7
TRPMYS2508316557d02e,2025-08-31,KA01,repeated,9,125,8,10
TRPIND2508315856ce8a,2025-08-31,MP01,new,23,207,7,7
TRPSUR25083163d9c184,2025-08-31,GJ01,repeated,8,83,5,5
TRPJAI2508310c93981b,2025-08-31,RJ01,new,42,541,9,10
TRPLUC250831919c6a5f,2025-08-31,UP01,repeated,17,179,7,6
TRPCHA2508319638ffe9,2025-08-31,CH01,repeated,29,287,8,9
TRPCHA25083143a045e9,2025-08-31,CH01,new,17,179,7,8
TRPVIS25083180f1c69a,2025-08-31,AP01,repeated,12,135,8,9
TRPJAI2508317490a4dd,2025-08-31,RJ01,new,17,241,8,8
TRPVAD250831260b3b59,2025-08-31,GJ02,repeated,11,106,7,5
TRPJAI2508318ffbc70e,2025-08-31,RJ01,new,37,481,10,10
TRPSUR250831da3c7de9,2025-08-31,GJ01,new,10,99,8,7
TRPCHA2508312765e491,2025-08-31,CH01,repeated,15,161,8,6
TRPSUR25083171231ed4,2025-08-31,GJ01,repeated,5,59,7,7
TRPIND250831b275b70f,2025-08-31,MP01,repeated,9,95,6,8
TRPJAI25083189087e0d,2025-08-31,RJ01,new,21,289,8,10
TRPJAI2508313a2bb86d,2025-08-31,RJ01,repeated,36,469,8,10
TRPSUR2508310661ec66,2025-08-31,GJ01,repeated,16,147,7,8
TRPCHA2508318ced4eae,2025-08-31,CH01,repeated,29,287,6,9
TRPJAI250831b421c4cc,2025-08-31,RJ01,repeated,38,493,8,8
TRPVAD2508310d08d142,2025-08-31,GJ02,new,11,106,7,6
TRPLUC250831a0a176ab,2025-08-31,UP01,new,8,98,8,8
TRPSUR2508311a4db8b3,2025-08-31,GJ01,new,15,139,8,8
TRPJAI25083146cf85ad,2025-08-31,RJ01,new,36,469,10,8
TRPIND250831fcd93b40,2025-08-31,MP01,repeated,14,135,6,6
TRPLUC25083180884633,2025-08-31,UP01,new,17,179,8,7
TRPSUR2508318cd23ca6,2025-08-31,GJ01,new,7,75,9,8
TRPSUR250831ae79dddb,2025-08-31,GJ01,repeated,5,59,5,5
TRPCOI250831eb689694,2025-08-31,TN01,repeated,13,127,6,7
TRPLUC25083177fd6bf2,2025-08-31,UP01,repeated,20,206,5,8
TRPMYS25083169b62a37,2025-08-31,KA01,new,13,165,8,10
TRPSUR2508318bd44450,2025-08-31,GJ01,repeated,9,91,7,6
TRPCHA25083178307b0d,2025-08-31,CH01,repeated,31,305,9,6
TRPKOC2508317a58c92d,2025-08-31,KL01,repeated,19,240,8,8
TRPVAD250831d2ad3da1,2025-08-31,GJ02,repeated,11,106,7,6
TRPLUC250831c8a1adfd,2025-08-31,UP01,new,16,170,9,6
TRPJAI2508314d687f32,2025-08-31,RJ01,new,25,337,10,9
TRPVAD25083126de7b3c,2025-08-31,GJ02,new,15,138,8,8
TRPVAD250831a26d33af,2025-08-31,GJ02,repeated,15,138,5,6
TRPVAD2508314ff46d86,2025-08-31,GJ02,repeated,9,90,7,5
TRPSUR25083100fa39fa,2025-08-31,GJ01,repeated,9,91,6,5
TRPKOC250831b93785a6,2025-08-31,KL01,new,26,317,8,10
TRPVAD2508316aee9046,2025-08-31,GJ02,repeated,11,106,5,8
TRPSUR25083171ab5304,2025-08-31,GJ01,repeated,11,107,6,5
TRPJAI250831501a9cde,2025-08-31,RJ01,new,15,217,8,9
TRPLUC25083131337ff5,2025-08-31,UP01,repeated,17,179,5,5
TRPLUC25083167a39094,2025-08-31,UP01,repeated,17,179,7,8
TRPLUC25083159d8ac2d,2025-08-31,UP01,new,15,161,8,7
TRPSUR2508318f9aa06f,2025-08-31,GJ01,repeated,9,91,6,8
TRPMYS25083116588633,2025-08-31,KA01,repeated,16,195,7,9
TRPJAI2508311b1313a5,2025-08-31,RJ01,new,24,325,10,9
TRPCHA2508311f0688f3,2025-08-31,CH01,repeated,13,143,8,9
TRPVAD250831f7b625ae,2025-08-31,GJ02,new,16,146,7,7
TRPCOI250831b7d40be5,2025-08-31,TN01,repeated,12,119,7,7
TRPJAI250831353f1339,2025-08-31,RJ01,new,39,505,9,9
TRPVIS2508310772a37b,2025-08-31,AP01,repeated,20,207,8,10
TRPKOC250831ca1a0d78,2025-08-31,KL01,new,20,251,10,8
TRPIND2508316c825efd,2025-08-31,MP01,repeated,9,95,9,8
TRPCHA250831c0980e09,2025-08-31,CH01,new,34,332,10,8
TRPVAD250831c2a8e1ad,2025-08-31,GJ02,new,17,154,7,6
TRPKOC25083100e1401e,2025-08-31,KL01,new,30,361,8,9
TRPJAI250831280b1ace,2025-08-31,RJ01,new,28,373,8,10
TRPSUR2508318d28c590,2025-08-31,GJ01,repeated,15,139,7,7
TRPKOC2508314317c6ce,2025-08-31,KL01,new,34,405,8,10
TRPLUC250831c509186f,2025-08-31,UP01,repeated,8,98,5,8
TRPKOC250831ccc1f90d,2025-08-31,KL01,new,36,427,8,10
TRPLUC25083117ea44f7,2025-08-31,UP01,repeated,5,71,7,5
TRPCHA250831c745eb06,2025-08-31,CH01,repeated,27,269,9,8
TRPSUR25083144cbfc92,2025-08-31,GJ01,new,16,147,7,6
TRPSUR2508319252e16b,2025-08-31,GJ01,repeated,17,155,5,7
TRPVIS250831180ee11d,2025-08-31,AP01,repeated,22,225,7,8
TRPSUR250831dd4b6e79,2025-08-31,GJ01,repeated,14,131,5,6
TRPCHA25083112175f01,2025-08-31,CH01,repeated,26,260,6,8
TRPJAI25083140629174,2025-08-31,RJ01,new,33,433,10,9
TRPJAI2508316f95736c,2025-08-31,RJ01,repeated,39,505,7,8
TRPVAD250831d3c543be,2025-08-31,GJ02,repeated,15,138,6,8
TRPLUC2508318881cc18,2025-08-31,UP01,repeated,6,80,6,6
TRPVAD2508315bd207c8,2025-08-31,GJ02,new,10,98,8,7
TRPLUC25083196f42bb8,2025-08-31,UP01,repeated,18,188,5,6
TRPLUC250831bf116d1d,2025-08-31,UP01,repeated,17,179,7,8
TRPLUC25083131cf1521,2025-08-31,UP01,repeated,17,179,5,6
TRPSUR250831ae5d0e99,2025-08-31,GJ01,repeated,9,91,6,5
TRPCHA250831cdd1a503,2025-08-31,CH01,new,25,251,10,8
TRPJAI250831fdb83e36,2025-08-31,RJ01,new,24,325,8,9
TRPLUC2508314b12d897,2025-08-31,UP01,repeated,6,80,5,7
TRPVIS2508315a608cbc,2025-08-31,AP01,new,14,153,8,9
TRPIND250831b6514f1a,2025-08-31,MP01,repeated,15,143,6,6
TRPVIS250831f3c7da5f,2025-08-31,AP01,repeated,17,180,7,10
TRPSUR250831ad6190dd,2025-08-31,GJ01,repeated,15,139,7,5
TRPVAD250831d23e5f24,2025-08-31,GJ02,new,15,138,9,7
TRPLUC2508313cb9fb68,2025-08-31,UP01,repeated,5,71,6,8
TRPLUC250831851b6a17,2025-08-31,UP01,repeated,19,197,5,8
TRPLUC2508310590f7bd,2025-08-31,UP01,repeated,12,134,7,5
TRPLUC25083128106ff2,2025-08-31,UP01,repeated,11,125,6,6
TRPLUC250831cb8629f8,2025-08-31,UP01,new,8,98,7,8
TRPLUC2508313f5b9e72,2025-08-31,UP01,repeated,13,143,6,7
TRPLUC25083177da55a6,2025-08-31,UP01,repeated,8,98,6,8
TRPLUC250831dddc4c47,2025-08-31,UP01,repeated,8,98,7,5
TRPVIS25083183c67edd,2025-08-31,AP01,new,32,315,10,9
TRPLUC250831fe67333e,2025-08-31,UP01,repeated,9,107,7,5
TRPIND2508310507798b,2025-08-31,MP01,new,11,111,9,8
TRPVAD25083129c5fef9,2025-08-31,GJ02,repeated,7,74,7,5
TRPVIS250831f5013bc9,2025-08-31,AP01,repeated,25,252,8,9
TRPLUC250831fc6a8c18,2025-08-31,UP01,repeated,6,80,7,6
TRPKOC2508319554c8b0,2025-08-31,KL01,new,19,240,8,9
TRPCHA250831c9d56b4f,2025-08-31,CH01,new,21,215,9,8
TRPSUR250831a3a8412a,2025-08-31,GJ01,new,6,67,8,8
TRPLUC250831a4c59f26,2025-08-31,UP01,repeated,11,125,6,5
TRPLUC2508311b50422c,2025-08-31,UP01,repeated,5,71,5,6
TRPLUC25083121ddbbaf,2025-08-31,UP01,repeated,11,125,6,6
TRPJAI250831b7da2ce8,2025-08-31,RJ01,repeated,35,457,9,9
TRPSUR250831960e7521,2025-08-31,GJ01,new,5,59,9,7
TRPVAD2508314a94d62d,2025-08-31,GJ02,repeated,15,138,5,8
TRPCHA250831f2680326,2025-08-31,CH01,new,32,314,9,8
TRPKOC250831375d37af,2025-08-31,KL01,repeated,18,229,8,9
TRPLUC250831189ebbd9,2025-08-31,UP01,repeated,8,98,6,8
TRPMYS2508312f07d1c2,2025-08-31,KA01,repeated,20,235,8,9
TRPIND250831e962bf3b,2025-08-31,MP01,repeated,19,175,6,8
TRPCHA250831b8c433df,2025-08-31,CH01,new,22,224,7,9
TRPVAD250831fdd9a11a,2025-08-31,GJ02,repeated,14,130,7,7
TRPSUR250831f47a8261,2025-08-31,GJ01,repeated,6,67,7,7
TRPJAI250831d92d37f3,2025-08-31,RJ01,new,28,373,8,8
TRPJAI250831e49c0b84,2025-08-31,RJ01,repeated,39,505,7,9
TRPSUR2508316c898184,2025-08-31,GJ01,repeated,7,75,5,8
TRPJAI25083179fbdf94,2025-08-31,RJ01,new,24,325,1,3
TRPLUC250831de9cad94,2025-08-31,UP01,new,20,206,7,7
TRPLUC2508316a4e3a1f,2025-08-31,UP01,repeated,6,80,6,8
TRPLUC250831e3c66362,2025-08-31,UP01,repeated,16,170,5,6
TRPJAI250831c3339d9b,2025-08-31,RJ01,new,17,241,9,10
TRPJAI25083191efbb0c,2025-08-31,RJ01,new,26,349,9,10
TRPIND250831b801a4af,2025-08-31,MP01,new,20,183,9,7
TRPJAI2508313d579fe9,2025-08-31,RJ01,new,15,217,10,9
TRPKOC2508315914dc54,2025-08-31,KL01,repeated,32,383,9,10
TRPCHA250831103af05a,2025-08-31,CH01,repeated,12,134,9,8
TRPLUC25083109988a97,2025-08-31,UP01,repeated,13,143,6,5
TRPCHA2508314d848661,2025-08-31,CH01,new,30,296,10,8
TRPMYS25083198d1069c,2025-08-31,KA01,new,20,235,3,3
TRPCHA2508311dd266b4,2025-08-31,CH01,new,17,179,10,7
TRPJAI250831f501a76b,2025-08-31,RJ01,new,28,373,10,8
TRPMYS25083177164e42,2025-08-31,KA01,new,18,215,8,8
TRPKOC250831530ff3d0,2025-08-31,KL01,repeated,21,262,7,8
TRPVAD25083142bd4496,2025-08-31,GJ02,repeated,12,114,5,7
TRPVIS25083111505a91,2025-08-31,AP01,new,13,144,8,10
TRPKOC2508313b932485,2025-08-31,KL01,repeated,11,152,7,10
TRPIND250831f9621f3b,2025-08-31,MP01,repeated,10,103,6,9
TRPJAI2508318d1bee20,2025-08-31,RJ01,new,19,265,9,10
TRPVAD2508318e865fce,2025-08-31,GJ02,repeated,7,74,5,8
TRPLUC250831b04c8c14,2025-08-31,UP01,repeated,7,89,5,5
TRPSUR250831cc4658ab,2025-08-31,GJ01,new,7,75,9,6
TRPJAI25083196b908dc,2025-08-31,RJ01,repeated,45,577,7,8
TRPCOI25083108c71797,2025-08-31,TN01,new,18,167,9,9
TRPJAI2508312ab379d7,2025-08-31,RJ01,new,40,517,8,10
TRPCHA250831b6aafd91,2025-08-31,CH01,repeated,23,233,6,9
TRPVAD250831fd1067c1,2025-08-31,GJ02,repeated,9,90,5,6
TRPSUR250831ddb30732,2025-08-31,GJ01,repeated,11,107,6,5
TRPVAD250831e169f51c,2025-08-31,GJ02,repeated,18,162,5,7
TRPLUC2508317f5c7796,2025-08-31,UP01,repeated,8,98,5,6
TRPKOC25083100d4a6b8,2025-08-31,KL01,new,23,284,8,10
TRPVIS250831db0d202e,2025-08-31,AP01,new,25,252,9,10
TRPCHA25083102638189,2025-08-31,CH01,new,30,296,10,9
TRPSUR250831efe6a9aa,2025-08-31,GJ01,repeated,16,147,6,8
TRPCHA25083141fce42e,2025-08-31,CH01,new,13,143,10,8
TRPVAD250831c3b90691,2025-08-31,GJ02,new,13,122,7,7
TRPLUC25083108062a13,2025-08-31,UP01,repeated,6,80,5,6
TRPVIS25083147440172,2025-08-31,AP01,repeated,33,324,7,10
TRPKOC250831c29dab2c,2025-08-31,KL01,repeated,36,427,9,8
TRPIND25083168d3c667,2025-08-31,MP01,repeated,17,159,9,6
TRPKOC25083139a37208,2025-08-31,KL01,new,21,262,10,9
TRPSUR2508315d880d51,2025-08-31,GJ01,repeated,8,83,6,8
TRPSUR250831589aa417,2025-08-31,GJ01,repeated,8,83,7,7
TRPKOC2508310ac710f9,2025-08-31,KL01,new,33,394,10,10
TRPMYS250831e1a18baa,2025-08-31,KA01,new,9,125,10,8
TRPJAI250831c296011d,2025-08-31,RJ01,new,36,469,8,9
TRPCOI2508319a0b0673,2025-08-31,TN01,new,11,111,7,8
TRPJAI250831d2899edc,2025-08-31,RJ01,new,36,469,9,10
TRPCOI250831e02ee062,2025-08-31,TN01,new,21,191,1,4
TRPSUR250831a51085d6,2025-08-31,GJ01,new,10,99,7,8
TRPIND250831404cfda1,2025-08-31,MP01,repeated,11,111,6,6
TRPLUC250831c412296f,2025-08-31,UP01,new,5,71,7,7
TRPKOC250831a1a8ce5c,2025-08-31,KL01,new,26,317,8,8
TRPLUC2508310c071155,2025-08-31,UP01,repeated,10,116,7,8
TRPCHA250831dbed35fc,2025-08-31,CH01,repeated,20,206,9,7
TRPLUC2508310e8e2c6d,2025-08-31,UP01,repeated,7,89,6,8
TRPSUR250831606ec314,2025-08-31,GJ01,repeated,5,59,5,5
TRPJAI2508318b9c2230,2025-08-31,RJ01,new,18,253,8,10
TRPIND25083199a7c20f,2025-08-31,MP01,repeated,18,167,9,8
TRPMYS2508316cc48b40,2025-08-31,KA01,new,22,255,10,8
TRPVAD25083125978aef,2025-08-31,GJ02,new,8,82,9,8
TRPJAI25083125fa5d78,2025-08-31,RJ01,new,41,529,9,8
TRPJAI2508313794b64a,2025-08-31,RJ01,new,28,373,8,10
TRPSUR250831775b761b,2025-08-31,GJ01,repeated,10,99,7,7
TRPJAI250831664ca5bd,2025-08-31,RJ01,new,41,529,10,9
TRPJAI25083116aef43a,2025-08-31,RJ01,new,32,421,8,9
TRPJAI2508317a9f7179,2025-08-31,RJ01,repeated,18,253,9,10
TRPVAD250831a9ad06dd,2025-08-31,GJ02,repeated,15,138,5,6
TRPCHA250831a30da03b,2025-08-31,CH01,new,17,179,10,8
TRPLUC2508319f1e7818,2025-08-31,UP01,repeated,20,206,7,6
TRPLUC250831ecf08ba1,2025-08-31,UP01,new,9,107,9,7
TRPCHA250831b29f3561,2025-08-31,CH01,repeated,31,305,8,9
TRPVAD250831f1922ab6,2025-08-31,GJ02,repeated,7,74,5,7
TRPVIS2508310b0b19bd,2025-08-31,AP01,repeated,10,117,9,8
TRPCOI2508313d20f08b,2025-08-31,TN01,repeated,13,127,8,6
TRPKOC25083107a6f83b,2025-08-31,KL01,new,36,427,9,9
TRPSUR250831ac9bc6e7,2025-08-31,GJ01,repeated,7,75,7,5
TRPLUC2508315604ff25,2025-08-31,UP01,repeated,12,134,7,8
TRPSUR250831e4e9ab05,2025-08-31,GJ01,new,7,75,7,8
TRPVIS250831c0345580,2025-08-31,AP01,repeated,29,288,7,8
TRPCHA250831f38a132e,2025-08-31,CH01,repeated,23,233,6,9
TRPMYS2508314f4f7594,2025-08-31,KA01,repeated,11,145,8,9
TRPMYS25083118f2777a,2025-08-31,KA01,repeated,16,195,8,8
TRPCHA250831970c7e4f,2025-08-31,CH01,repeated,25,251,7,8
TRPVAD2508318ce20554,2025-08-31,GJ02,new,15,138,9,8
TRPJAI250831bbb52d28,2025-08-31,RJ01,repeated,44,565,7,9
TRPVAD250831135fcc33,2025-08-31,GJ02,new,6,66,9,8
TRPLUC250831f80095b1,2025-08-31,UP01,new,9,107,8,7
TRPVAD25083149057fa7,2025-08-31,GJ02,new,15,138,7,7
TRPSUR250831ca463596,2025-08-31,GJ01,repeated,5,59,7,6
TRPCOI250831edd7b5e6,2025-08-31,TN01,new,21,191,9,8
TRPIND250831701525ac,2025-08-31,MP01,repeated,11,111,7,8
TRPJAI250831373f9f31,2025-08-31,RJ01,new,45,577,10,8
TRPSUR2508310dcb9a86,2025-08-31,GJ01,repeated,6,67,5,5
TRPSUR250831f60b4543,2025-08-31,GJ01,repeated,16,147,7,8
TRPIND250831186716a8,2025-08-31,MP01,repeated,8,87,6,8
TRPJAI250831f7ba1403,2025-08-31,RJ01,new,41,529,10,9
TRPSUR25083171674f0e,2025-08-31,GJ01,repeated,10,99,6,5
TRPKOC250831eb1dd334,2025-08-31,KL01,new,31,372,8,8
TRPKOC250831f1726123,2025-08-31,KL01,new,29,350,10,8
TRPCHA2508310e236a5b,2025-08-31,CH01,repeated,33,323,8,8
TRPJAI250831c8fef543,2025-08-31,RJ01,repeated,23,313,8,10
TRPCHA25083137638e52,2025-08-31,CH01,new,14,152,9,7
TRPKOC25083128250a56,2025-08-31,KL01,new,38,449,9,9
TRPKOC250831e0eba428,2025-08-31,KL01,repeated,30,361,9,10
TRPKOC2508311c8f1b25,2025-08-31,KL01,repeated,28,339,9,10
TRPKOC25083151e5f81f,2025-08-31,KL01,repeated,13,174,7,8
TRPIND250831423d4732,2025-08-31,MP01,new,22,199,10,7
TRPLUC25083193b1fa9e,2025-08-31,UP01,repeated,5,71,7,7
TRPLUC2508310174932c,2025-08-31,UP01,new,10,116,7,8
TRPLUC25083164752634,2025-08-31,UP01,repeated,14,152,6,8
TRPLUC250831b452afb0,2025-08-31,UP01,repeated,18,188,7,8
TRPCOI250831b969849a,2025-08-31,TN01,new,20,183,7,7
TRPSUR2508316118cbd9,2025-08-31,GJ01,new,12,115,9,7
TRPSUR250831dfc88b8b,2025-08-31,GJ01,repeated,17,155,6,5
TRPJAI250831ad47edf6,2025-08-31,RJ01,new,37,481,9,10
TRPCHA25083190ec75ed,2025-08-31,CH01,repeated,24,242,9,8
TRPSUR250831ab5d0eec,2025-08-31,GJ01,repeated,9,91,5,5
TRPJAI250831dbea7842,2025-08-31,RJ01,repeated,41,529,9,8
TRPKOC2508317104fcef,2025-08-31,KL01,new,17,218,8,8
TRPJAI250831cad1835e,2025-08-31,RJ01,repeated,40,517,7,10
TRPIND250831c5b4e612,2025-08-31,MP01,new,17,159,10,7
TRPLUC250831f824b80f,2025-08-31,UP01,repeated,17,179,5,8
TRPVAD2508317ff05bea,2025-08-31,GJ02,repeated,5,58,6,6
TRPLUC250831c856f068,2025-08-31,UP01,repeated,20,206,5,7
TRPLUC25083165ba57fa,2025-08-31,UP01,new,15,161,8,6
TRPJAI2508315c7a9959,2025-08-31,RJ01,new,18,253,9,8
TRPLUC250831381e9b75,2025-08-31,UP01,repeated,6,80,7,7
TRPCOI25083147047a62,2025-08-31,TN01,new,18,167,9,8
TRPJAI250831f6667c65,2025-08-31,RJ01,new,45,577,9,8
TRPIND2508314386d39f,2025-08-31,MP01,repeated,15,143,6,8
TRPIND250831a88a5217,2025-08-31,MP01,new,12,119,7,8
TRPLUC250831734ada8b,2025-08-31,UP01,repeated,14,152,5,5
TRPLUC25083175a48e9c,2025-08-31,UP01,repeated,7,89,7,5
TRPLUC250831388c24df,2025-08-31,UP01,repeated,18,188,5,7
TRPLUC2508310c28c407,2025-08-31,UP01,repeated,7,89,7,6
TRPSUR250831a16bc13e,2025-08-31,GJ01,repeated,11,107,7,7
TRPCOI2508317e3776d9,2025-08-31,TN01,new,20,183,8,9
TRPLUC250831bf7434f8,2025-08-31,UP01,repeated,12,134,5,6
TRPLUC250831d8d85148,2025-08-31,UP01,repeated,8,98,6,8
TRPCHA250831965e97f8,2025-08-31,CH01,repeated,31,305,8,9
TRPJAI250831b9cd5967,2025-08-31,RJ01,repeated,32,421,8,9
TRPSUR2508318cdeb34b,2025-08-31,GJ01,repeated,7,75,5,5
TRPSUR250831c04a5bc9,2025-08-31,GJ01,repeated,15,139,5,5
TRPLUC250831314d8fa4,2025-08-31,UP01,new,15,161,7,6
TRPSUR2508316d357c6b,2025-08-31,GJ01,repeated,5,59,7,7
TRPIND250831307f945e,2025-08-31,MP01,repeated,15,143,6,9
TRPKOC250831d5818533,2025-08-31,KL01,new,33,394,10,8
TRPLUC25083153909d37,2025-08-31,UP01,repeated,20,206,6,8
TRPLUC250831776ed07b,2025-08-31,UP01,new,19,197,9,7
TRPSUR2508313fab203f,2025-08-31,GJ01,repeated,7,75,7,8
TRPMYS2508313efea63b,2025-08-31,KA01,new,19,225,9,8
TRPJAI250831f70e6727,2025-08-31,RJ01,new,31,409,10,10
TRPJAI25083144b5a6a9,2025-08-31,RJ01,new,29,385,9,9
TRPVAD2508317bda1db9,2025-08-31,GJ02,repeated,12,114,7,7
TRPLUC250831712f393b,2025-08-31,UP01,repeated,13,143,6,5
TRPCOI25083178f24797,2025-08-31,TN01,new,22,199,8,9
TRPLUC2508311149fc18,2025-08-31,UP01,repeated,5,71,5,6
TRPLUC250831a55bd1fb,2025-08-31,UP01,new,13,143,8,7
TRPSUR250831ee313e36,2025-08-31,GJ01,repeated,17,155,5,7
TRPLUC250831b9aef020,2025-08-31,UP01,repeated,8,98,5,8
TRPLUC25083181f8c40a,2025-08-31,UP01,repeated,14,152,7,6
TRPSUR250831ba488f08,2025-08-31,GJ01,repeated,9,91,5,5
TRPVAD25083139661c02,2025-08-31,GJ02,repeated,14,130,6,5
TRPCHA25083187241e1e,2025-08-31,CH01,new,29,287,9,8
TRPLUC2508319ce346e3,2025-08-31,UP01,repeated,12,134,7,8
TRPSUR2508314d90ecc9,2025-08-31,GJ01,new,10,99,9,7
TRPLUC25083125833fdf,2025-08-31,UP01,repeated,5,71,7,8
TRPVAD250831ac797e4c,2025-08-31,GJ02,repeated,10,98,6,7
TRPCHA25083141cb91db,2025-08-31,CH01,repeated,18,188,9,9
TRPCHA250831215b184b,2025-08-31,CH01,repeated,16,170,9,8
TRPJAI25083110fea730,2025-08-31,RJ01,new,43,553,9,8
TRPIND250831c4828834,2025-08-31,MP01,repeated,24,215,6,7
TRPIND25083177b10b8b,2025-08-31,MP01,new,21,191,10,9
TRPSUR25083140289780,2025-08-31,GJ01,repeated,10,99,5,8
TRPLUC250831b84fa75d,2025-08-31,UP01,repeated,11,125,7,8
TRPSUR250831c83577a8,2025-08-31,GJ01,repeated,10,99,5,5
TRPVAD250831f65aecd5,2025-08-31,GJ02,new,8,82,8,8
TRPKOC25083126ba3e59,2025-08-31,KL01,repeated,18,229,9,8
TRPMYS2508312af95b05,2025-08-31,KA01,new,16,195,8,9
TRPJAI2508310027bc63,2025-08-31,RJ01,repeated,28,373,8,9
TRPJAI250831b4880318,2025-08-31,RJ01,repeated,20,277,9,10
TRPSUR250831b116cdd7,2025-08-31,GJ01,new,12,115,8,8
TRPKOC250831c4ef7cda,2025-08-31,KL01,repeated,11,152,7,10
TRPJAI250831ceeb04e6,2025-08-31,RJ01,new,17,241,10,9
TRPKOC2508319ab254df,2025-08-31,KL01,new,34,405,8,8
TRPCHA250831ad2728bb,2025-08-31,CH01,repeated,32,314,8,6
TRPLUC2508312637e551,2025-08-31,UP01,repeated,10,116,7,5
TRPLUC250831f3411842,2025-08-31,UP01,new,6,80,9,7
TRPLUC250831c0d1caf0,2025-08-31,UP01,repeated,15,161,6,7
TRPJAI250831970f0ba3,2025-08-31,RJ01,new,20,277,8,9
TRPSUR250831f5345594,2025-08-31,GJ01,repeated,9,91,7,6
TRPJAI2508313be73d98,2025-08-31,RJ01,new,22,301,8,8
TRPSUR2508310734e780,2025-08-31,GJ01,new,10,99,9,7
TRPVAD2508314b5c3960,2025-08-31,GJ02,new,18,162,9,8
TRPCHA250831421ad08c,2025-08-31,CH01,new,12,134,7,8
TRPJAI2508315c0193a9,2025-08-31,RJ01,new,34,445,8,9
TRPJAI250831f5c7c0a0,2025-08-31,RJ01,new,45,577,9,8
TRPKOC250831204b03f8,2025-08-31,KL01,new,32,383,8,9
TRPCOI250831d52e09b8,2025-08-31,TN01,repeated,9,95,6,9
TRPKOC25083115a723e9,2025-08-31,KL01,repeated,28,339,8,10
TRPCHA250831fa3870f7,2025-08-31,CH01,new,19,197,8,9
TRPLUC2508316a583e35,2025-08-31,UP01,repeated,5,71,5,6
TRPCHA250831ed1aeb9b,2025-08-31,CH01,new,35,341,7,7
TRPKOC25083158b9b4f8,2025-08-31,KL01,new,11,152,8,9
TRPJAI250831365048f1,2025-08-31,RJ01,repeated,23,313,9,8
TRPLUC2508315fda2904,2025-08-31,UP01,repeated,5,71,7,5
TRPSUR250831e9360d25,2025-08-31,GJ01,new,8,83,7,7
TRPLUC2508316d513620,2025-08-31,UP01,new,7,89,2,4
TRPIND25083187464e80,2025-08-31,MP01,repeated,25,223,9,7
TRPCHA25083151d6c4dc,2025-08-31,CH01,new,35,341,8,9
TRPCHA25083103d9d2fb,2025-08-31,CH01,repeated,34,332,6,8
TRPSUR250831cf0d794b,2025-08-31,GJ01,repeated,5,59,7,7
TRPCHA25083124d0c544,2025-08-31,CH01,repeated,33,323,7,8
TRPLUC250831ed98307f,2025-08-31,UP01,new,8,98,9,7
TRPSUR250831969d83c4,2025-08-31,GJ01,repeated,10,99,7,8
TRPSUR250831b4986434,2025-08-31,GJ01,repeated,8,83,7,5
TRPSUR2508318d9af18c,2025-08-31,GJ01,repeated,11,107,7,8
TRPCHA250831e3dd4b2d,2025-08-31,CH01,repeated,18,188,8,6
TRPKOC2508310a4120be,2025-08-31,KL01,new,33,394,10,10
TRPJAI25083158d7daf0,2025-08-31,RJ01,new,32,421,9,9
TRPJAI250831796ed625,2025-08-31,RJ01,new,43,553,8,10
TRPVAD250831a924acca,2025-08-31,GJ02,repeated,5,58,7,8
TRPVAD250831726c3434,2025-08-31,GJ02,repeated,16,146,5,5
TRPCHA2508319ef7b411,2025-08-31,CH01,new,15,161,7,8
TRPKOC250831830b3d94,2025-08-31,KL01,repeated,33,394,7,10
TRPCHA250831779bcf82,2025-08-31,CH01,repeated,34,332,6,8
TRPLUC250831f361c485,2025-08-31,UP01,repeated,20,206,5,5
TRPSUR250831779a4a92,2025-08-31,GJ01,new,17,155,9,7
TRPSUR2508318e70799a,2025-08-31,GJ01,repeated,16,147,6,7
TRPSUR25083189907eb3,2025-08-31,GJ01,repeated,6,67,5,6
TRPSUR25083135b81595,2025-08-31,GJ01,new,17,155,8,7
TRPLUC2508311ff4b716,2025-08-31,UP01,new,15,161,8,7
TRPSUR2508310a5bff2a,2025-08-31,GJ01,repeated,7,75,6,5
TRPIND250831418db2e9,2025-08-31,MP01,repeated,17,159,8,7
TRPJAI250831b9de5657,2025-08-31,RJ01,repeated,38,493,8,10
TRPSUR25083134e2e7aa,2025-08-31,GJ01,repeated,14,131,5,6
TRPJAI2508314d5b4eaa,2025-08-31,RJ01,repeated,41,529,7,10
TRPKOC250831ae8cad68,2025-08-31,KL01,repeated,26,317,8,10
TRPKOC2508312dc56597,2025-08-31,KL01,new,14,185,8,9
TRPLUC25083197f3b6e9,2025-08-31,UP01,new,6,80,9,7
TRPKOC250831b05af0be,2025-08-31,KL01,new,28,339,8,8
TRPSUR250831bc4a22f0,2025-08-31,GJ01,repeated,8,83,6,7
TRPLUC250831cd5a26ab,2025-08-31,UP01,repeated,18,188,6,8
TRPJAI250831e18b6ce2,2025-08-31,RJ01,new,34,445,8,9
TRPCOI25083197e93d09,2025-08-31,TN01,repeated,13,127,9,8
TRPKOC2508316271a407,2025-08-31,KL01,repeated,21,262,7,9
TRPLUC2508315bfb755a,2025-08-31,UP01,repeated,8,98,6,5
TRPLUC2508314b1a20f9,2025-08-31,UP01,repeated,19,197,7,8
TRPJAI250831f8c5f63c,2025-08-31,RJ01,new,36,469,8,9
TRPSUR250831c5a5e957,2025-08-31,GJ01,repeated,17,155,6,7
TRPSUR25083138670e68,2025-08-31,GJ01,repeated,6,67,6,7
TRPLUC250831dcec3aea,2025-08-31,UP01,repeated,7,89,5,5
TRPJAI250831edcfd424,2025-08-31,RJ01,repeated,22,301,7,10
TRPJAI25083127760006,2025-08-31,RJ01,repeated,37,481,9,9
TRPCHA2508318a423235,2025-08-31,CH01,new,14,152,7,9
TRPKOC2508317e492f65,2025-08-31,KL01,new,11,152,9,8
TRPSUR250831f3081174,2025-08-31,GJ01,new,11,107,7,6
TRPVIS250831c2864653,2025-08-31,AP01,new,16,171,9,9
TRPLUC25083143ccbf21,2025-08-31,UP01,repeated,15,161,6,8
TRPVAD250831d443ea27,2025-08-31,GJ02,repeated,18,162,5,7
TRPJAI250831b39488d4,2025-08-31,RJ01,new,17,241,8,10
TRPLUC25083151ae40f0,2025-08-31,UP01,new,19,197,9,7
TRPCOI2508316799a41d,2025-08-31,TN01,repeated,22,199,6,9
TRPLUC25083161305b9a,2025-08-31,UP01,repeated,11,125,7,7
TRPIND25083197a6440e,2025-08-31,MP01,repeated,14,135,6,8
TRPLUC25083188443167,2025-08-31,UP01,repeated,19,197,5,6
TRPSUR25083154f60147,2025-08-31,GJ01,repeated,5,59,7,5
TRPJAI250831615dd9aa,2025-08-31,RJ01,new,27,361,8,9
TRPLUC250831d9a37511,2025-08-31,UP01,repeated,8,98,5,8
TRPKOC25083133ea64dd,2025-08-31,KL01,new,11,152,8,8
TRPCOI250831e0f4d207,2025-08-31,TN01,repeated,9,95,7,6
TRPJAI25083146aeb7c9,2025-08-31,RJ01,new,45,577,8,10
TRPJAI250831792f7c5b,2025-08-31,RJ01,new,23,313,8,10
TRPLUC250831c075ac66,2025-08-31,UP01,repeated,7,89,6,5
TRPJAI250831a6868d97,2025-08-31,RJ01,repeated,26,349,8,10
TRPKOC25083110caee86,2025-08-31,KL01,repeated,28,339,8,9
TRPCOI250831d8b84e04,2025-08-31,TN01,repeated,10,103,9,8
TRPVAD25083180609fa2,2025-08-31,GJ02,repeated,6,66,5,8
TRPJAI250831a96686bb,2025-08-31,RJ01,new,30,397,10,8
TRPCHA2508312f929099,2025-08-31,CH01,new,26,260,8,7
TRPIND250831f6d32814,2025-08-31,MP01,new,23,207,8,7
TRPLUC250831055b3357,2025-08-31,UP01,repeated,20,206,5,7
TRPJAI25083135971f6c,2025-08-31,RJ01,repeated,35,457,9,10
TRPCHA250831a7fce6a7,2025-08-31,CH01,repeated,33,323,6,8
TRPSUR250831f2351e4b,2025-08-31,GJ01,repeated,17,155,6,8
TRPVIS250831907d5337,2025-08-31,AP01,repeated,28,279,9,8
TRPVAD2508311705abd5,2025-08-31,GJ02,new,8,82,9,6
TRPJAI2508317a68eb10,2025-08-31,RJ01,repeated,22,301,8,8
TRPJAI250831e408bcec,2025-08-31,RJ01,new,44,565,8,10
TRPIND2508313e06539f,2025-08-31,MP01,repeated,20,183,7,6
TRPIND2508316d1d2c3a,2025-08-31,MP01,repeated,22,199,8,8
TRPIND250831478ac3dd,2025-08-31,MP01,repeated,17,159,7,9
TRPJAI2508315dbf3e94,2025-08-31,RJ01,new,31,409,8,8
TRPSUR25083199621f1e,2025-08-31,GJ01,new,5,59,8,6
TRPMYS250831765c692a,2025-08-31,KA01,new,15,185,8,10
TRPJAI25083178377085,2025-08-31,RJ01,new,31,409,8,8
TRPSUR250831e25152e6,2025-08-31,GJ01,repeated,14,131,6,6
TRPJAI2508315b9e5120,2025-08-31,RJ01,new,44,565,10,8
TRPJAI250831b9177b94,2025-08-31,RJ01,new,23,313,9,8
TRPLUC25083146663ce4,2025-08-31,UP01,repeated,5,71,5,8
TRPCOI25083171a676e8,2025-08-31,TN01,new,8,87,9,8
TRPSUR2508311f9715af,2025-08-31,GJ01,repeated,10,99,5,6
TRPLUC250831d9fc75d6,2025-08-31,UP01,repeated,19,197,7,7
TRPIND25083100530dfe,2025-08-31,MP01,repeated,10,103,6,6
TRPJAI250831e7064cc6,2025-08-31,RJ01,repeated,36,469,7,10
TRPSUR25083126c1cea5,2025-08-31,GJ01,repeated,17,155,6,8
TRPVAD25083170197554,2025-08-31,GJ02,new,16,146,7,7
TRPVIS250831e18d1cbf,2025-08-31,AP01,repeated,23,234,7,10
TRPIND25083166cf9d5b,2025-08-31,MP01,repeated,11,111,9,9
TRPSUR2508316178495a,2025-08-31,GJ01,repeated,15,139,7,6
TRPKOC2508318ce98e83,2025-08-31,KL01,new,34,405,8,9
TRPJAI2508316ee5b1cb,2025-08-31,RJ01,new,31,409,8,10
TRPLUC250831e7f00c55,2025-08-31,UP01,repeated,13,143,7,6
TRPCOI250831521c1859,2025-08-31,TN01,repeated,14,135,9,6
TRPSUR25083197b293a4,2025-08-31,GJ01,repeated,13,123,6,6
TRPCHA250831536ba79a,2025-08-31,CH01,repeated,22,224,8,7
TRPJAI25083131cc52f2,2025-08-31,RJ01,repeated,27,361,9,9
TRPSUR2508319776ced1,2025-08-31,GJ01,repeated,12,115,6,6
TRPCHA250831779e24f6,2025-08-31,CH01,repeated,28,278,8,6
TRPLUC250831024c8e9f,2025-08-31,UP01,repeated,18,188,6,7
TRPIND2508316db22b14,2025-08-31,MP01,new,13,127,7,9
TRPIND25083123394a6a,2025-08-31,MP01,repeated,18,167,7,7
TRPCOI2508318ccfeac5,2025-08-31,TN01,new,22,199,8,9
TRPLUC250831b7544ca7,2025-08-31,UP01,repeated,19,197,7,7
TRPCHA250831b4df25ad,2025-08-31,CH01,new,16,170,10,8
TRPJAI2508313cfd4858,2025-08-31,RJ01,repeated,43,553,9,9
TRPCOI250831367d998d,2025-08-31,TN01,repeated,17,159,8,6
TRPJAI2508315a2e94e4,2025-08-31,RJ01,new,15,217,8,10
TRPCHA2508317ea2939b,2025-08-31,CH01,repeated,20,206,6,9
TRPVIS250831b225d04b,2025-08-31,AP01,new,13,144,10,10
TRPKOC250831ae42ce0c,2025-08-31,KL01,new,12,163,10,9
TRPKOC250831b3fee1da,2025-08-31,KL01,repeated,14,185,9,10
TRPVIS250831851ccbab,2025-08-31,AP01,repeated,18,189,7,10
TRPCHA2508318790ed3a,2025-08-31,CH01,new,29,287,10,9
TRPIND25083138bb95ca,2025-08-31,MP01,repeated,18,167,9,9
TRPLUC25083115a39bff,2025-08-31,UP01,repeated,5,71,5,7
TRPLUC25083159c249fa,2025-08-31,UP01,new,20,206,9,6
TRPKOC25083106ea1dfa,2025-08-31,KL01,new,31,372,10,9
TRPSUR25083107dbf18f,2025-08-31,GJ01,repeated,5,59,6,7
TRPCHA250831807b9964,2025-08-31,CH01,new,27,269,10,8
TRPSUR250831f6a58916,2025-08-31,GJ01,repeated,13,123,7,8
TRPSUR250831077d4462,2025-08-31,GJ01,new,17,155,9,8
TRPVIS2508313bb7654a,2025-08-31,AP01,new,15,162,10,9
TRPLUC250831aef31e9d,2025-08-31,UP01,repeated,15,161,7,5
TRPLUC2508317da02bf8,2025-08-31,UP01,repeated,20,206,7,5
TRPLUC250831ff00f9cf,2025-08-31,UP01,new,16,170,7,8
TRPMYS2508314bb2ba8a,2025-08-31,KA01,repeated,16,195,8,10
TRPIND250831c207c7ac,2025-08-31,MP01,repeated,17,159,8,6
TRPLUC250831d5137cb6,2025-08-31,UP01,repeated,13,143,6,8
TRPSUR250831a6cde1d3,2025-08-31,GJ01,repeated,13,123,7,7
TRPVAD2508317de7b6d8,2025-08-31,GJ02,repeated,18,162,5,7
TRPIND2508317f11fb45,2025-08-31,MP01,repeated,8,87,6,8
TRPVAD25083177940c55,2025-08-31,GJ02,repeated,5,58,7,5
TRPCHA250831312e986b,2025-08-31,CH01,repeated,31,305,9,7
TRPVAD250831b1ac388f,2025-08-31,GJ02,repeated,17,154,5,8
TRPLUC250831739cc716,2025-08-31,UP01,repeated,14,152,7,8
TRPVIS25083171020b88,2025-08-31,AP01,repeated,30,297,7,10
TRPCHA2508314de4837f,2025-08-31,CH01,repeated,17,179,6,6
TRPIND250831938c11c3,2025-08-31,MP01,repeated,10,103,8,8
TRPVAD2508310043aaf1,2025-08-31,GJ02,new,9,90,9,7
TRPJAI250831116e51c5,2025-08-31,RJ01,new,23,313,10,10
TRPVIS250831cbc30299,2025-08-31,AP01,new,22,225,8,10
TRPLUC25083169bc018d,2025-08-31,UP01,repeated,16,170,5,6
TRPIND250831d3ea1e58,2025-08-31,MP01,repeated,11,111,8,8
TRPVAD25083182064421,2025-08-31,GJ02,repeated,17,154,7,6
TRPLUC250831cd11da18,2025-08-31,UP01,repeated,12,134,5,6
TRPIND250831cc5d935b,2025-08-31,MP01,new,24,215,9,7
TRPLUC25083123a41517,2025-08-31,UP01,repeated,9,107,5,7
TRPLUC2508310c7a5937,2025-08-31,UP01,repeated,6,80,6,6
TRPLUC250831290545ff,2025-08-31,UP01,repeated,5,71,7,7
TRPLUC2508312ad33960,2025-08-31,UP01,new,7,89,8,7
TRPSUR2508311bffd090,2025-08-31,GJ01,repeated,9,91,7,7
TRPSUR250831269d7b4f,2025-08-31,GJ01,new,9,91,8,8
TRPVAD2508312487609f,2025-08-31,GJ02,repeated,8,82,7,6
TRPCHA25083114fe49fc,2025-08-31,CH01,new,35,341,8,8
TRPLUC250831617b1af9,2025-08-31,UP01,new,11,125,7,8
TRPCOI2508319a7fe45c,2025-08-31,TN01,new,10,103,7,7
TRPLUC250831ed38f7c3,2025-08-31,UP01,repeated,8,98,6,7
TRPVIS2508313d0cafb6,2025-08-31,AP01,new,18,189,8,8
TRPJAI250831f08d712c,2025-08-31,RJ01,new,40,517,8,9
TRPLUC2508311ee13e84,2025-08-31,UP01,new,19,197,8,8
TRPLUC25083159868416,2025-08-31,UP01,repeated,10,116,5,7
TRPSUR25083178b55af8,2025-08-31,GJ01,repeated,6,67,6,8
TRPLUC250831c392ded4,2025-08-31,UP01,repeated,12,134,5,5
TRPVAD250831abf8fb4c,2025-08-31,GJ02,repeated,15,138,7,6
TRPLUC2508316fd420c8,2025-08-31,UP01,repeated,5,71,7,7
TRPSUR25083161d45eed,2025-08-31,GJ01,repeated,16,147,5,7
TRPLUC250831240ed718,2025-08-31,UP01,new,15,161,8,7
TRPSUR2508318590a30f,2025-08-31,GJ01,repeated,10,99,6,8
TRPMYS2508315bf650f6,2025-08-31,KA01,repeated,15,185,7,10
TRPSUR2508315f382303,2025-08-31,GJ01,repeated,5,59,5,8
TRPIND25083177b93e0b,2025-08-31,MP01,new,17,159,9,7
TRPCHA250831f0225bb0,2025-08-31,CH01,repeated,27,269,9,7
TRPKOC250831f6b2b105,2025-08-31,KL01,repeated,20,251,8,10
TRPIND250831fb61051d,2025-08-31,MP01,new,25,223,8,9
TRPLUC2508313ba823e6,2025-08-31,UP01,new,7,89,8,7
TRPVIS250831fed3cd22,2025-08-31,AP01,repeated,26,261,7,10
TRPSUR250831bfee693a,2025-08-31,GJ01,repeated,11,107,7,8
TRPIND250831147e0117,2025-08-31,MP01,repeated,14,135,6,7
TRPSUR250831e3c6f2d2,2025-08-31,GJ01,repeated,5,59,6,6
TRPCHA250831c4dc8c8b,2025-08-31,CH01,repeated,27,269,9,7
TRPSUR2508318bbd1a85,2025-08-31,GJ01,new,11,107,8,8
TRPCOI250831182b08f8,2025-08-31,TN01,repeated,18,167,8,8
TRPMYS2508310e80a897,2025-08-31,KA01,new,18,215,9,9
TRPVIS2508311b1d077c,2025-08-31,AP01,new,27,270,9,10
TRPSUR25083178ff672b,2025-08-31,GJ01,repeated,16,147,7,7
TRPLUC25083144719aed,2025-08-31,UP01,new,10,116,7,8
TRPCHA250831435769df,2025-08-31,CH01,repeated,31,305,9,6
TRPJAI250831599971e3,2025-08-31,RJ01,repeated,19,265,9,10
TRPVIS2508319cbc0a10,2025-08-31,AP01,repeated,21,216,8,8
TRPCOI250831b6159534,2025-08-31,TN01,repeated,12,119,9,7
TRPJAI2508314b89d5e4,2025-08-31,RJ01,new,26,349,9,8
TRPJAI250831616f09a5,2025-08-31,RJ01,new,27,361,10,8
TRPCHA25083168b7d3dd,2025-08-31,CH01,new,28,278,10,7
TRPLUC250831e2df4fdf,2025-08-31,UP01,new,10,116,7,6
TRPKOC2508313fd55440,2025-08-31,KL01,new,38,449,8,8
TRPKOC2508317f11b214,2025-08-31,KL01,repeated,12,163,8,8
TRPJAI250831af17ae07,2025-08-31,RJ01,new,40,517,9,8
TRPSUR250831055db71f,2025-08-31,GJ01,repeated,8,83,5,5
TRPVIS250831d0c12210,2025-08-31,AP01,new,15,162,9,9
TRPCHA250831dbce2e99,2025-08-31,CH01,repeated,17,179,8,6
TRPLUC250831d7789028,2025-08-31,UP01,repeated,10,116,5,8
TRPSUR250831f7eef0a0,2025-08-31,GJ01,repeated,16,147,6,8
TRPIND250831fe16f586,2025-08-31,MP01,repeated,17,159,7,8
TRPKOC250831257de681,2025-08-31,KL01,new,34,405,10,10
TRPJAI25083146a8fd65,2025-08-31,RJ01,new,25,337,8,10
TRPIND2508314be55bb5,2025-08-31,MP01,new,9,95,7,8
TRPJAI2508319ced4ff3,2025-08-31,RJ01,repeated,24,325,9,8
TRPJAI250831268c47e2,2025-08-31,RJ01,repeated,38,493,8,9
TRPJAI250831856df9dd,2025-08-31,RJ01,repeated,15,217,9,8
TRPJAI25083101a73232,2025-08-31,RJ01,repeated,42,541,9,10
TRPJAI2508315c9b412e,2025-08-31,RJ01,new,17,241,8,10
TRPJAI250831a949d59b,2025-08-31,RJ01,new,34,445,9,9
TRPKOC250831c3f5e818,2025-08-31,KL01,repeated,38,449,8,9
TRPSUR2508318106c65b,2025-08-31,GJ01,repeated,17,155,7,7
