trip_id,date,city_id,passenger_type,distance_travelled(km),fare_amount,passenger_rating,driver_rating
TRPCOI250818284ca42b,2025-08-18,TN01,repeated,13,127,6,8
TRPVAD2508187bc31793,2025-08-18,GJ02,repeated,13,122,7,6
TRPKOC250818aecbc014,2025-08-18,KL01,new,24,295,9,10
TRPKOC2508181f4f1ddb,2025-08-18,KL01,repeated,18,229,8,9
TRPCHA2508182742c3a6,2025-08-18,CH01,repeated,22,224,8,6
TRPKOC250818a07fe35a,2025-08-18,KL01,repeated,34,405,8,9
TRPLUC2508185016541f,2025-08-18,UP01,repeated,18,188,7,7
TRPIND2508189ee34036,2025-08-18,MP01,repeated,18,167,7,8
TRPJAI25081827daafd0,2025-08-18,RJ01,repeated,33,433,9,9
TRPVAD2508182e60a183,2025-08-18,GJ02,repeated,16,146,6,5
TRPCHA2508181c13642e,2025-08-18,CH01,new,25,251,10,8
TRPLUC2508183f53b41b,2025-08-18,UP01,repeated,18,188,6,7
TRPVAD250818e3e4ca2b,2025-08-18,GJ02,repeated,18,162,6,6
TRPLUC2508182a58a73f,2025-08-18,UP01,repeated,14,152,5,6
TRPKOC250818edf2e639,2025-08-18,KL01,repeated,37,438,9,8
TRPCHA2508189b2c4c43,2025-08-18,CH01,repeated,16,170,8,9
TRPLUC250818a960b673,2025-08-18,UP01,repeated,15,161,6,7
TRPCHA2508181cb37364,2025-08-18,CH01,repeated,24,242,6,8
TRPLUC25081846ebecc4,2025-08-18,UP01,repeated,6,80,6,8
TRPCHA250818e3c18be3,2025-08-18,CH01,new,28,278,7,8
TRPJAI250818ca1a64aa,2025-08-18,RJ01,new,19,265,8,8
TRPVIS25081824441afb,2025-08-18,AP01,repeated,15,162,7,9
TRPSUR250818962689f4,2025-08-18,GJ01,repeated,11,107,6,8
TRPCOI250818f8db14bd,2025-08-18,TN01,new,11,111,8,7
TRPJAI25081821f57fb5,2025-08-18,RJ01,repeated,30,397,7,8
TRPLUC250818533b18b2,2025-08-18,UP01,repeated,13,143,5,5
TRPMYS250818a62e13b2,2025-08-18,KA01,new,9,125,9,8
TRPIND25081898cc0260,2025-08-18,MP01,repeated,16,151,6,6
TRPVIS250818c0dca201,2025-08-18,AP01,repeated,35,342,7,8
TRPSUR2508188e04bfb3,2025-08-18,GJ01,repeated,17,155,7,8
TRPJAI2508181831c589,2025-08-18,RJ01,new,19,265,8,10
TRPCOI250818ad630d91,2025-08-18,TN01,new,20,183,10,8
TRPVAD250818013ef8b1,2025-08-18,GJ02,repeated,16,146,6,5
TRPIND250818e47b1c2d,2025-08-18,MP01,repeated,21,191,7,9
TRPCHA2508184791be19,2025-08-18,CH01,repeated,19,197,9,7
TRPKOC25081850fab714,2025-08-18,KL01,repeated,16,207,7,9
TRPJAI2508186cd086e8,2025-08-18,RJ01,new,40,517,10,9
TRPJAI250818581481fb,2025-08-18,RJ01,repeated,29,385,7,10
TRPJAI250818b0cd684f,2025-08-18,RJ01,repeated,27,361,8,9
TRPCOI250818cc70c88b,2025-08-18,TN01,repeated,14,135,9,9
TRPVAD250818cbb5643f,2025-08-18,GJ02,repeated,6,66,7,5
TRPVAD250818f504ebb2,2025-08-18,GJ02,repeated,11,106,6,6
TRPLUC250818fc735e18,2025-08-18,UP01,repeated,15,161,6,8
TRPCOI25081859c000ae,2025-08-18,TN01,new,20,183,9,9
TRPJAI250818f2233334,2025-08-18,RJ01,repeated,29,385,9,8
TRPMYS250818ef7066e3,2025-08-18,KA01,repeated,23,265,9,9
TRPSUR2508184d19156a,2025-08-18,GJ01,new,9,91,9,6
TRPCHA2508184ee9b956,2025-08-18,CH01,new,19,197,9,8
TRPCHA250818bb671211,2025-08-18,CH01,repeated,32,314,6,7
TRPJAI250818ecdce150,2025-08-18,RJ01,new,33,433,10,9
TRPIND250818c8e17d23,2025-08-18,MP01,repeated,9,95,7,6
TRPVAD250818760df25e,2025-08-18,GJ02,repeated,7,74,6,7
TRPLUC2508181f70cdb8,2025-08-18,UP01,repeated,18,188,7,6
TRPIND2508186d2f4dd9,2025-08-18,MP01,new,15,143,7,9
TRPKOC2508188c5c829c,2025-08-18,KL01,new,20,251,9,10
TRPVAD25081865248a6f,2025-08-18,GJ02,repeated,17,154,6,6
TRPLUC25081807b2ba4c,2025-08-18,UP01,new,10,116,9,7
TRPVIS250818586bc769,2025-08-18,AP01,new,26,261,8,9
TRPMYS250818f15cbbfe,2025-08-18,KA01,new,11,145,10,10
TRPCOI250818c2f2e0f5,2025-08-18,TN01,repeated,17,159,7,7
TRPSUR25081891891120,2025-08-18,GJ01,repeated,9,91,5,5
TRPJAI2508189256a03d,2025-08-18,RJ01,repeated,41,529,8,9
TRPCHA25081866e3cbd5,2025-08-18,CH01,repeated,20,206,6,9
TRPVAD250818a66f3621,2025-08-18,GJ02,repeated,18,162,7,8
TRPKOC250818805b27cc,2025-08-18,KL01,new,27,328,8,8
TRPLUC250818f73886eb,2025-08-18,UP01,new,14,152,8,7
TRPCHA250818b0dbbd39,2025-08-18,CH01,new,16,170,7,9
TRPSUR2508189aa7bfac,2025-08-18,GJ01,repeated,8,83,7,5
TRPLUC25081884b15a25,2025-08-18,UP01,repeated,6,80,5,6
TRPIND25081801e657e9,2025-08-18,MP01,repeated,16,151,6,7
TRPVAD25081813d6f0cd,2025-08-18,GJ02,repeated,5,58,5,6
TRPVAD25081842aa3a2c,2025-08-18,GJ02,repeated,7,74,6,7
TRPSUR250818a83a20b9,2025-08-18,GJ01,repeated,8,83,6,7
TRPIND2508181cb54931,2025-08-18,MP01,repeated,23,207,8,8
TRPSUR250818d3ccd1cb,2025-08-18,GJ01,repeated,11,107,6,7
TRPSUR250818c56fe49f,2025-08-18,GJ01,repeated,13,123,5,7
TRPKOC25081839804334,2025-08-18,KL01,repeated,25,306,8,8
TRPJAI2508183c4192e8,2025-08-18,RJ01,new,42,541,10,8
TRPLUC250818d75b0e0a,2025-08-18,UP01,repeated,11,125,5,5
TRPIND250818a3a6d6af,2025-08-18,MP01,new,13,127,7,9
TRPJAI25081822d82647,2025-08-18,RJ01,new,30,397,9,9
TRPVIS250818781dbc1e,2025-08-18,AP01,new,13,144,8,10
TRPLUC25081822fbc60a,2025-08-18,UP01,repeated,14,152,6,7
TRPLUC250818e7858684,2025-08-18,UP01,repeated,20,206,6,6
TRPVIS250818b4851264,2025-08-18,AP01,repeated,10,117,8,9
TRPJAI2508185ff1f119,2025-08-18,RJ01,repeated,42,541,8,10
TRPSUR250818d0072c49,2025-08-18,GJ01,new,10,99,9,6
TRPLUC250818cd255090,2025-08-18,UP01,repeated,9,107,6,7
TRPVIS250818f2eda0e1,2025-08-18,AP01,repeated,17,180,8,10
TRPSUR250818148bb572,2025-08-18,GJ01,repeated,12,115,6,5
TRPKOC2508186ab9e214,2025-08-18,KL01,new,13,174,9,10
TRPIND250818e9a71222,2025-08-18,MP01,repeated,22,199,8,9
TRPKOC25081829969d21,2025-08-18,KL01,repeated,22,273,9,9
TRPLUC25081862f17c10,2025-08-18,UP01,repeated,20,206,6,7
TRPJAI2508187202c725,2025-08-18,RJ01,new,45,577,9,9
TRPVAD2508189ba343cf,2025-08-18,GJ02,new,18,162,8,7
TRPLUC2508189e37fa2e,2025-08-18,UP01,repeated,17,179,5,7
TRPLUC250818d6dc2ab3,2025-08-18,UP01,repeated,12,134,5,5
TRPVIS2508183237c83a,2025-08-18,AP01,new,11,126,9,9
TRPLUC250818f62b3631,2025-08-18,UP01,repeated,20,206,6,8
TRPVIS25081830ed6a0b,2025-08-18,AP01,new,31,306,10,8
TRPSUR250818580e5fb7,2025-08-18,GJ01,repeated,11,107,6,8
TRPSUR250818f316234f,2025-08-18,GJ01,repeated,6,67,5,6
TRPJAI2508187b3b9bc2,2025-08-18,RJ01,repeated,21,289,9,10
TRPVAD2508186b87a7c7,2025-08-18,GJ02,new,7,74,7,8
TRPVAD2508189b9b0641,2025-08-18,GJ02,new,18,162,9,7
TRPJAI250818e85d3e98,2025-08-18,RJ01,repeated,34,445,8,10
TRPLUC25081844ad0f23,2025-08-18,UP01,repeated,17,179,6,7
TRPCHA250818aa34d7a5,2025-08-18,CH01,new,32,314,7,8
TRPLUC250818e36e3cd1,2025-08-18,UP01,repeated,13,143,5,5
TRPSUR250818a0b22a93,2025-08-18,GJ01,new,8,83,8,8
TRPJAI250818e3eac601,2025-08-18,RJ01,new,20,277,8,10
TRPSUR250818f89ee433,2025-08-18,GJ01,repeated,12,115,7,8
TRPLUC2508183bae9bcb,2025-08-18,UP01,repeated,7,89,6,8
TRPCHA25081808e0ccad,2025-08-18,CH01,new,29,287,7,8
TRPCHA250818853fc92b,2025-08-18,CH01,new,29,287,7,9
TRPMYS250818f31302de,2025-08-18,KA01,new,16,195,10,8
TRPSUR25081863e67c78,2025-08-18,GJ01,repeated,14,131,7,6
TRPKOC25081831118a99,2025-08-18,KL01,new,12,163,9,8
TRPLUC250818013c9a90,2025-08-18,UP01,repeated,5,71,7,8
TRPLUC25081815237b0a,2025-08-18,UP01,repeated,12,134,5,8
TRPLUC2508182ec77e01,2025-08-18,UP01,repeated,11,125,6,5
TRPJAI2508189af9234d,2025-08-18,RJ01,new,41,529,9,9
TRPLUC2508183a3c0152,2025-08-18,UP01,repeated,8,98,7,6
TRPJAI250818c3c57448,2025-08-18,RJ01,new,36,469,10,9
TRPLUC250818fb6b8850,2025-08-18,UP01,repeated,17,179,7,6
TRPCOI2508187920fb97,2025-08-18,TN01,new,11,111,10,9
TRPKOC25081894272307,2025-08-18,KL01,repeated,16,207,8,10
TRPJAI250818e2ac7206,2025-08-18,RJ01,repeated,19,265,7,10
TRPVAD250818482ca43d,2025-08-18,GJ02,new,14,130,9,8
TRPVAD250818150cb41b,2025-08-18,GJ02,new,10,98,8,7
TRPVAD2508189b1cb7c2,2025-08-18,GJ02,repeated,9,90,5,7
TRPLUC250818faac0ee5,2025-08-18,UP01,repeated,9,107,7,5
TRPSUR2508188212730a,2025-08-18,GJ01,repeated,10,99,6,8
TRPVIS250818179136c8,2025-08-18,AP01,repeated,29,288,7,8
TRPIND2508180728a986,2025-08-18,MP01,repeated,22,199,8,7
TRPJAI2508180767bd1e,2025-08-18,RJ01,new,36,469,8,8
TRPJAI250818832cdf34,2025-08-18,RJ01,new,44,565,8,9
TRPVAD250818cc5f3924,2025-08-18,GJ02,repeated,5,58,7,8
TRPKOC2508185390c0c0,2025-08-18,KL01,new,28,339,9,9
TRPJAI2508189a12efdb,2025-08-18,RJ01,repeated,24,325,3,4
TRPLUC25081888df91ea,2025-08-18,UP01,repeated,8,98,6,7
TRPCHA250818401d6f92,2025-08-18,CH01,new,32,314,9,8
TRPSUR250818ae67849f,2025-08-18,GJ01,repeated,13,123,5,8
TRPJAI250818bb632340,2025-08-18,RJ01,repeated,38,493,9,10
TRPCOI2508188a887d07,2025-08-18,TN01,new,13,127,8,9
TRPVAD250818d078eb61,2025-08-18,GJ02,repeated,11,106,6,5
TRPSUR25081896d6a88a,2025-08-18,GJ01,repeated,13,123,7,7
TRPJAI250818e3f621bb,2025-08-18,RJ01,repeated,37,481,7,8
TRPLUC25081835bb1723,2025-08-18,UP01,repeated,7,89,7,7
TRPCOI2508181a19194a,2025-08-18,TN01,repeated,17,159,6,8
TRPCHA2508181f7508db,2025-08-18,CH01,new,23,233,7,8
TRPKOC250818013a7595,2025-08-18,KL01,repeated,38,449,9,10
TRPLUC250818fbad97ef,2025-08-18,UP01,repeated,12,134,7,6
TRPVIS250818c046ddee,2025-08-18,AP01,repeated,10,117,7,8
TRPLUC250818bf9933f1,2025-08-18,UP01,repeated,8,98,5,8
TRPKOC2508189725d52e,2025-08-18,KL01,new,37,438,10,10
TRPLUC2508184b198fd5,2025-08-18,UP01,repeated,16,170,5,8
TRPKOC2508189eecc5ce,2025-08-18,KL01,new,38,449,8,10
TRPVAD2508180f394847,2025-08-18,GJ02,repeated,14,130,6,5
TRPCHA2508182da02413,2025-08-18,CH01,repeated,30,296,8,8
TRPIND25081892f0f785,2025-08-18,MP01,repeated,10,103,6,8
TRPVAD250818188097b2,2025-08-18,GJ02,new,7,74,8,6
TRPLUC250818a0f5baf9,2025-08-18,UP01,repeated,20,206,7,5
TRPSUR250818df639356,2025-08-18,GJ01,repeated,9,91,6,5
TRPVIS25081895cd9e4c,2025-08-18,AP01,new,35,342,10,10
TRPCHA250818eb0fb34f,2025-08-18,CH01,repeated,14,152,7,7
TRPVAD25081875c6096b,2025-08-18,GJ02,repeated,8,82,5,5
TRPSUR25081897c8efb5,2025-08-18,GJ01,repeated,10,99,6,8
TRPJAI2508187109a3aa,2025-08-18,RJ01,repeated,28,373,8,9
TRPSUR250818ef2851d8,2025-08-18,GJ01,repeated,10,99,6,8
TRPLUC250818a2d85a6b,2025-08-18,UP01,repeated,15,161,6,5
TRPLUC250818e6e1b846,2025-08-18,UP01,new,15,161,7,8
TRPJAI25081837c7e406,2025-08-18,RJ01,repeated,25,337,7,9
TRPLUC2508183aed48f1,2025-08-18,UP01,repeated,7,89,7,8
TRPJAI250818c6a1dacf,2025-08-18,RJ01,repeated,16,229,9,9
TRPMYS250818f13f8cdf,2025-08-18,KA01,new,19,225,10,9
TRPCOI250818548a49ef,2025-08-18,TN01,repeated,11,111,9,9
TRPSUR2508181924c63e,2025-08-18,GJ01,repeated,15,139,6,6
TRPCHA250818f846a4c4,2025-08-18,CH01,repeated,27,269,9,9
TRPVAD25081850ff7467,2025-08-18,GJ02,new,12,114,8,7
TRPKOC250818bab936bb,2025-08-18,KL01,new,19,240,8,8
TRPIND25081895f5b576,2025-08-18,MP01,repeated,9,95,8,8
TRPCHA25081863fbe3fa,2025-08-18,CH01,repeated,18,188,8,8
TRPJAI2508186d2d1c67,2025-08-18,RJ01,repeated,38,493,7,8
TRPLUC250818b90089d4,2025-08-18,UP01,repeated,16,170,5,5
TRPLUC250818c0bba288,2025-08-18,UP01,repeated,13,143,7,8
TRPCOI250818ada7dbd5,2025-08-18,TN01,repeated,14,135,8,9
TRPCOI250818ede78f91,2025-08-18,TN01,repeated,17,159,7,9
TRPCHA2508187f6baa50,2025-08-18,CH01,repeated,33,323,8,6
TRPLUC250818d71a3ff2,2025-08-18,UP01,new,6,80,8,6
TRPIND250818210bdf0e,2025-08-18,MP01,repeated,13,127,8,6
TRPJAI25081887c26ddb,2025-08-18,RJ01,new,29,385,8,10
TRPVAD250818322ce8d5,2025-08-18,GJ02,repeated,5,58,7,7
TRPVAD250818c27763f3,2025-08-18,GJ02,repeated,12,114,5,8
TRPJAI2508185b319c33,2025-08-18,RJ01,repeated,15,217,7,8
TRPJAI250818c1d13c32,2025-08-18,RJ01,repeated,25,337,8,8
TRPLUC250818e9f18486,2025-08-18,UP01,repeated,19,197,6,6
TRPCHA250818afd5019c,2025-08-18,CH01,repeated,27,269,8,7
TRPSUR2508188406e538,2025-08-18,GJ01,repeated,8,83,6,7
TRPSUR250818d6e01a58,2025-08-18,GJ01,new,5,59,7,7
TRPJAI250818c9dd7a6f,2025-08-18,RJ01,repeated,18,253,9,10
TRPKOC250818ec0a92a6,2025-08-18,KL01,new,35,416,10,9
TRPCOI250818c5324e55,2025-08-18,TN01,new,21,191,10,8
TRPCOI25081879ae0361,2025-08-18,TN01,new,16,151,8,9
TRPIND250818f9744922,2025-08-18,MP01,repeated,22,199,9,7
TRPSUR250818f23daced,2025-08-18,GJ01,repeated,11,107,6,6
TRPVIS250818d80dc259,2025-08-18,AP01,repeated,31,306,9,8
TRPLUC250818a9a21098,2025-08-18,UP01,repeated,6,80,7,8
TRPLUC25081874d9b6c4,2025-08-18,UP01,repeated,16,170,7,7
TRPCOI25081865a2ba31,2025-08-18,TN01,repeated,11,111,7,9
TRPLUC250818cac4261d,2025-08-18,UP01,repeated,9,107,6,8
TRPJAI250818155af1fa,2025-08-18,RJ01,new,16,229,10,10
TRPKOC250818ac1ed8d7,2025-08-18,KL01,repeated,23,284,8,8
TRPLUC250818e18f13ba,2025-08-18,UP01,repeated,16,170,6,5
TRPCOI2508181bbc5377,2025-08-18,TN01,new,10,103,8,9
TRPCHA2508189bff373c,2025-08-18,CH01,repeated,18,188,9,9
TRPLUC25081828d0774b,2025-08-18,UP01,repeated,13,143,6,8
TRPLUC250818967b8460,2025-08-18,UP01,repeated,7,89,5,5
TRPLUC2508185de1c178,2025-08-18,UP01,new,11,125,8,6
TRPVIS250818d3177b7c,2025-08-18,AP01,new,10,117,10,9
TRPLUC2508182bc8f9d8,2025-08-18,UP01,repeated,19,197,6,8
TRPKOC250818d42e8e74,2025-08-18,KL01,new,15,196,10,8
TRPSUR2508184f666c00,2025-08-18,GJ01,new,5,59,7,7
TRPCHA25081813e1f925,2025-08-18,CH01,repeated,27,269,6,9
TRPVIS25081816eafab7,2025-08-18,AP01,new,16,171,10,10
TRPJAI250818406fbc12,2025-08-18,RJ01,repeated,30,397,7,8
TRPLUC250818eaf4ffde,2025-08-18,UP01,repeated,5,71,7,6
TRPSUR2508183555c80f,2025-08-18,GJ01,new,9,91,9,7
TRPLUC250818ffe2f3bd,2025-08-18,UP01,new,8,98,7,6
TRPCOI25081846bc7d5f,2025-08-18,TN01,repeated,21,191,8,9
TRPLUC2508181716adfa,2025-08-18,UP01,repeated,16,170,7,5
TRPSUR25081816211e27,2025-08-18,GJ01,repeated,16,147,6,5
TRPJAI2508186a278233,2025-08-18,RJ01,new,22,301,8,8
TRPSUR250818394f7a6d,2025-08-18,GJ01,repeated,16,147,7,5
TRPJAI250818a6375fb1,2025-08-18,RJ01,repeated,40,517,9,10
TRPVAD25081892b9048e,2025-08-18,GJ02,new,18,162,8,6
TRPVIS2508189b750a00,2025-08-18,AP01,repeated,33,324,8,9
TRPVAD2508186c4f688c,2025-08-18,GJ02,repeated,11,106,7,8
TRPLUC250818d43a10c0,2025-08-18,UP01,repeated,10,116,5,8
TRPCOI2508183df5f247,2025-08-18,TN01,new,18,167,10,7
TRPKOC250818d1186366,2025-08-18,KL01,repeated,10,141,9,8
TRPSUR250818fdb33a3e,2025-08-18,GJ01,repeated,14,131,6,7
TRPJAI25081820cd4cda,2025-08-18,RJ01,repeated,41,529,7,8
TRPCOI2508187bc2a40b,2025-08-18,TN01,repeated,11,111,7,7
TRPJAI25081883f623c3,2025-08-18,RJ01,repeated,18,253,9,10
TRPVIS2508189c7ff714,2025-08-18,AP01,repeated,12,135,7,8
TRPCHA25081839839d1d,2025-08-18,CH01,new,18,188,9,8
TRPLUC25081895554925,2025-08-18,UP01,repeated,8,98,6,7
TRPJAI25081894a72b0f,2025-08-18,RJ01,new,23,313,10,9
TRPLUC250818cb82859d,2025-08-18,UP01,new,13,143,9,8
TRPSUR25081800fb1b7d,2025-08-18,GJ01,repeated,15,139,5,8
TRPIND25081811820f8a,2025-08-18,MP01,new,21,191,9,7
TRPLUC250818de34e4d9,2025-08-18,UP01,new,12,134,8,7
TRPVIS250818fd4abdc7,2025-08-18,AP01,new,17,180,8,9
TRPLUC250818eb58150a,2025-08-18,UP01,repeated,17,179,6,7
TRPSUR2508180f453146,2025-08-18,GJ01,repeated,7,75,6,7
TRPVAD2508184e28d148,2025-08-18,GJ02,repeated,18,162,6,8
TRPSUR250818b94520bf,2025-08-18,GJ01,repeated,9,91,5,5
TRPLUC250818f86211b8,2025-08-18,UP01,repeated,10,116,6,7
TRPSUR2508186500b4e3,2025-08-18,GJ01,repeated,13,123,7,5
TRPLUC250818ff73fcb3,2025-08-18,UP01,repeated,14,152,5,5
TRPLUC2508180c0f40a9,2025-08-18,UP01,repeated,19,197,7,6
TRPMYS2508184d92aa76,2025-08-18,KA01,repeated,24,275,8,9
TRPCOI250818cd0135da,2025-08-18,TN01,repeated,8,87,9,6
TRPCHA250818bcf6e775,2025-08-18,CH01,repeated,33,323,8,8
TRPVIS25081816d67254,2025-08-18,AP01,repeated,27,270,7,9
TRPSUR250818782c6970,2025-08-18,GJ01,repeated,6,67,7,7
TRPMYS2508189ac3a496,2025-08-18,KA01,new,8,115,9,10
TRPLUC250818b0919cf1,2025-08-18,UP01,repeated,7,89,5,8
TRPVAD2508180b14a10b,2025-08-18,GJ02,new,7,74,8,8
TRPJAI250818acfed313,2025-08-18,RJ01,new,44,565,10,9
TRPJAI2508182a55ae63,2025-08-18,RJ01,new,23,313,9,10
TRPIND2508188bf9122d,2025-08-18,MP01,new,22,199,7,8
TRPCHA250818501185ae,2025-08-18,CH01,repeated,29,287,7,9
TRPKOC250818bb06dcac,2025-08-18,KL01,repeated,31,372,8,8
TRPIND250818bedcbc53,2025-08-18,MP01,repeated,25,223,7,7
TRPVIS2508182f198dff,2025-08-18,AP01,repeated,10,117,8,10
TRPIND2508189ef7aa5e,2025-08-18,MP01,new,18,167,10,9
TRPIND250818553fbabc,2025-08-18,MP01,new,14,135,10,8
TRPVAD250818705cbb4e,2025-08-18,GJ02,repeated,10,98,6,6
TRPJAI25081861fd7366,2025-08-18,RJ01,new,22,301,9,8
TRPLUC25081808e66ba8,2025-08-18,UP01,repeated,9,107,5,8
TRPCHA2508184ad9720c,2025-08-18,CH01,new,26,260,9,8
TRPSUR2508189e3e2517,2025-08-18,GJ01,new,14,131,7,6
TRPVAD2508181c64918e,2025-08-18,GJ02,repeated,15,138,7,7
TRPLUC250818c943ed84,2025-08-18,UP01,repeated,10,116,5,5
TRPIND250818873c01a8,2025-08-18,MP01,repeated,18,167,6,8
TRPCHA2508182746769e,2025-08-18,CH01,repeated,35,341,9,7
TRPSUR25081804e069c7,2025-08-18,GJ01,new,17,155,7,6
TRPMYS2508188392de3a,2025-08-18,KA01,new,24,275,9,8
TRPSUR2508181b36d76d,2025-08-18,GJ01,new,5,59,8,6
TRPSUR2508186d104795,2025-08-18,GJ01,repeated,8,83,5,5
TRPJAI250818cf096a28,2025-08-18,RJ01,new,30,397,9,9
TRPSUR250818927e8fdc,2025-08-18,GJ01,repeated,15,139,5,8
TRPLUC25081831e3369d,2025-08-18,UP01,repeated,9,107,6,8
TRPLUC25081810420610,2025-08-18,UP01,new,7,89,9,7
TRPVIS250818badbffe6,2025-08-18,AP01,repeated,14,153,7,9
TRPCHA250818d3a8b0dd,2025-08-18,CH01,repeated,19,197,6,6
TRPLUC250818c56d7748,2025-08-18,UP01,repeated,7,89,7,5
TRPSUR250818167745e4,2025-08-18,GJ01,repeated,5,59,7,6
TRPMYS25081834176d1a,2025-08-18,KA01,new,13,165,10,9
TRPSUR250818a7009f1c,2025-08-18,GJ01,repeated,12,115,6,7
TRPSUR2508181f0f3423,2025-08-18,GJ01,repeated,11,107,7,7
TRPLUC250818090dfbc8,2025-08-18,UP01,repeated,6,80,6,5
TRPJAI250818bb0fa290,2025-08-18,RJ01,repeated,45,577,8,9
TRPJAI250818eddd1ad8,2025-08-18,RJ01,new,20,277,8,8
TRPLUC2508187bfb454a,2025-08-18,UP01,repeated,14,152,7,8
TRPLUC25081868703664,2025-08-18,UP01,repeated,16,170,6,7
TRPSUR2508187a1f7932,2025-08-18,GJ01,new,11,107,7,6
TRPLUC25081809dab425,2025-08-18,UP01,repeated,17,179,6,5
TRPLUC250818d4890e0e,2025-08-18,UP01,new,18,188,9,7
TRPCHA250818f325840b,2025-08-18,CH01,new,29,287,7,7
TRPSUR25081851cf2407,2025-08-18,GJ01,repeated,17,155,7,6
TRPVAD25081862e711cf,2025-08-18,GJ02,new,18,162,8,8
TRPVAD250818a1cbdbfc,2025-08-18,GJ02,new,18,162,9,6
TRPCOI25081889926b75,2025-08-18,TN01,repeated,19,175,7,7
TRPJAI25081854f75443,2025-08-18,RJ01,new,26,349,10,9
TRPLUC250818b08af883,2025-08-18,UP01,repeated,9,107,6,8
TRPCHA250818ef279576,2025-08-18,CH01,repeated,15,161,6,7
TRPLUC25081878c28498,2025-08-18,UP01,repeated,18,188,6,8
TRPCOI2508180e7c1dbd,2025-08-18,TN01,new,18,167,8,7
TRPSUR250818137620aa,2025-08-18,GJ01,repeated,7,75,5,5
TRPIND2508189a35c627,2025-08-18,MP01,repeated,13,127,9,9
TRPLUC250818524c94e5,2025-08-18,UP01,repeated,13,143,5,8
TRPIND250818ede4cd14,2025-08-18,MP01,repeated,9,95,8,7
TRPSUR250818979b4e4f,2025-08-18,GJ01,repeated,13,123,7,7
TRPJAI250818937eecbd,2025-08-18,RJ01,new,31,409,10,9
TRPJAI25081825b87251,2025-08-18,RJ01,repeated,44,565,9,8
TRPSUR25081805097546,2025-08-18,GJ01,new,9,91,7,7
TRPCOI250818f7ae377b,2025-08-18,TN01,repeated,15,143,7,6
TRPLUC2508189d270c8a,2025-08-18,UP01,repeated,15,161,6,8
TRPVAD250818c47aece8,2025-08-18,GJ02,repeated,7,74,5,5
TRPLUC25081853ed3209,2025-08-18,UP01,repeated,10,116,7,6
TRPLUC25081857dc6a7f,2025-08-18,UP01,repeated,10,116,5,5
TRPCHA250818e17fd5d6,2025-08-18,CH01,repeated,31,305,7,8
TRPCHA250818567d9d70,2025-08-18,CH01,repeated,22,224,7,6
TRPLUC250818016ca7ca,2025-08-18,UP01,repeated,19,197,5,8
TRPKOC2508187c583e53,2025-08-18,KL01,repeated,12,163,8,9
TRPCHA250818c1908379,2025-08-18,CH01,new,13,143,8,9
TRPLUC250818646ee637,2025-08-18,UP01,repeated,20,206,6,6
TRPCOI250818e31d972d,2025-08-18,TN01,repeated,13,127,8,8
TRPKOC2508189c76a6d3,2025-08-18,KL01,repeated,12,163,9,10
TRPCHA250818365097e3,2025-08-18,CH01,repeated,33,323,7,9
TRPSUR2508182ddcaf28,2025-08-18,GJ01,repeated,16,147,7,5
TRPJAI250818f9cc1ca8,2025-08-18,RJ01,new,40,517,9,8
TRPLUC250818f06150dd,2025-08-18,UP01,repeated,5,71,7,8
TRPJAI25081861d4d899,2025-08-18,RJ01,repeated,43,553,8,9
TRPCOI250818f4510aa8,2025-08-18,TN01,new,16,151,10,7
TRPJAI2508187970c982,2025-08-18,RJ01,new,41,529,8,8
TRPLUC250818150dc629,2025-08-18,UP01,repeated,19,197,6,6
TRPCOI250818927edb76,2025-08-18,TN01,repeated,21,191,6,6
TRPVAD25081893c5facd,2025-08-18,GJ02,new,6,66,7,8
TRPLUC2508187d394794,2025-08-18,UP01,repeated,10,116,7,5
TRPJAI250818310df483,2025-08-18,RJ01,repeated,31,409,8,10
TRPLUC25081816fe906a,2025-08-18,UP01,new,12,134,7,7
TRPCOI2508189cb76e9a,2025-08-18,TN01,repeated,11,111,6,6
TRPCOI25081853378973,2025-08-18,TN01,repeated,13,127,7,9
TRPVIS250818debcc794,2025-08-18,AP01,new,14,153,8,10
TRPCHA2508184a1f8730,2025-08-18,CH01,repeated,21,215,6,7
TRPJAI250818e477e5b4,2025-08-18,RJ01,repeated,26,349,8,9
TRPIND2508186a80ac66,2025-08-18,MP01,new,15,143,9,7
TRPJAI250818ca53c989,2025-08-18,RJ01,new,42,541,9,10
TRPCHA25081850558707,2025-08-18,CH01,new,15,161,10,9
TRPSUR25081875db3a66,2025-08-18,GJ01,repeated,16,147,6,7
TRPVIS2508184604d29b,2025-08-18,AP01,new,33,324,10,10
TRPCHA250818a5f11ab4,2025-08-18,CH01,new,30,296,7,7
TRPIND2508188361a3e9,2025-08-18,MP01,new,15,143,9,9
TRPVAD250818afdd87a1,2025-08-18,GJ02,repeated,12,114,5,7
TRPSUR2508186952039b,2025-08-18,GJ01,repeated,13,123,7,8
TRPVAD250818825c634b,2025-08-18,GJ02,repeated,10,98,6,8
TRPKOC250818fd350a6b,2025-08-18,KL01,repeated,38,449,7,9
TRPCHA250818fe3b9c17,2025-08-18,CH01,new,16,170,7,9
TRPJAI250818a045ef78,2025-08-18,RJ01,new,36,469,9,8
TRPSUR25081894e314fc,2025-08-18,GJ01,repeated,14,131,7,6
TRPVIS250818a1ee85bc,2025-08-18,AP01,new,31,306,9,8
TRPVAD250818ba5d27c5,2025-08-18,GJ02,new,14,130,9,7
TRPVAD25081860f4158b,2025-08-18,GJ02,repeated,10,98,7,5
TRPJAI250818a1c4a1d0,2025-08-18,RJ01,new,16,229,8,8
TRPJAI2508187f384319,2025-08-18,RJ01,new,20,277,9,8
TRPCOI2508187564f751,2025-08-18,TN01,repeated,8,87,7,6
TRPSUR250818494327d9,2025-08-18,GJ01,repeated,14,131,6,8
TRPCOI25081812dc12ce,2025-08-18,TN01,repeated,19,175,6,9
TRPJAI25081830859437,2025-08-18,RJ01,repeated,23,313,8,9
TRPLUC250818cb69b9d4,2025-08-18,UP01,new,10,116,7,7
TRPCHA250818e16bd205,2025-08-18,CH01,new,31,305,8,8
TRPKOC250818380b4a82,2025-08-18,KL01,new,14,185,8,9
TRPVIS2508189fe2054b,2025-08-18,AP01,repeated,26,261,8,10
TRPVIS2508183ebae428,2025-08-18,AP01,new,33,324,8,8
TRPVAD2508182159c388,2025-08-18,GJ02,new,16,146,9,7
TRPLUC250818bbdfc834,2025-08-18,UP01,repeated,13,143,5,7
TRPVIS250818ed358fdf,2025-08-18,AP01,new,32,315,9,8
TRPLUC250818f2af2b4e,2025-08-18,UP01,new,5,71,8,6
TRPJAI25081823969c91,2025-08-18,RJ01,repeated,20,277,9,8
TRPVAD250818dda7eebc,2025-08-18,GJ02,new,8,82,7,6
TRPVIS250818270e72f0,2025-08-18,AP01,new,17,180,10,9
TRPSUR250818f4a599ff,2025-08-18,GJ01,repeated,14,131,7,5
TRPCOI2508180977d7f2,2025-08-18,TN01,repeated,20,183,7,6
TRPJAI2508187a5c1c68,2025-08-18,RJ01,repeated,36,469,7,9
TRPSUR2508184acc0b1f,2025-08-18,GJ01,repeated,5,59,7,8
TRPIND25081886f0d701,2025-08-18,MP01,repeated,25,223,8,8
TRPLUC25081803473303,2025-08-18,UP01,repeated,5,71,7,5
TRPVIS250818d454c6dc,2025-08-18,AP01,repeated,12,135,8,8
TRPCHA250818a0c2b0b2,2025-08-18,CH01,new,26,260,7,7
TRPJAI250818601cddfe,2025-08-18,RJ01,new,43,553,9,9
TRPCOI25081855b39c2d,2025-08-18,TN01,repeated,21,191,7,6
TRPLUC25081807414714,2025-08-18,UP01,repeated,20,206,6,5
TRPJAI25081882123867,2025-08-18,RJ01,repeated,19,265,7,10
TRPIND2508189e2d5340,2025-08-18,MP01,repeated,23,207,8,9
TRPCOI250818ce748616,2025-08-18,TN01,new,9,95,7,8
TRPIND250818eabd3646,2025-08-18,MP01,repeated,10,103,6,8
TRPJAI250818374ee10a,2025-08-18,RJ01,new,32,421,10,10
TRPLUC25081800c4c7bd,2025-08-18,UP01,repeated,19,197,6,5
TRPLUC250818f4cfa7d7,2025-08-18,UP01,repeated,13,143,6,8
TRPSUR2508181827dcd7,2025-08-18,GJ01,repeated,15,139,6,6
TRPJAI2508185e3f1220,2025-08-18,RJ01,repeated,25,337,8,10
TRPSUR25081836024977,2025-08-18,GJ01,new,8,83,9,7
TRPCOI2508187c97f752,2025-08-18,TN01,new,15,143,7,7
TRPSUR2508182e48b64c,2025-08-18,GJ01,repeated,5,59,6,5
TRPCOI25081820de614b,2025-08-18,TN01,repeated,8,87,7,7
TRPKOC250818d63e15f0,2025-08-18,KL01,new,14,185,10,8
TRPVAD2508185b20e00d,2025-08-18,GJ02,repeated,18,162,7,6
TRPSUR25081813241439,2025-08-18,GJ01,repeated,16,147,6,7
TRPLUC250818eff0affb,2025-08-18,UP01,repeated,13,143,6,5
TRPKOC2508186b45806f,2025-08-18,KL01,new,24,295,9,10
TRPJAI2508186614a48a,2025-08-18,RJ01,new,20,277,10,8
TRPKOC25081836b9e0e3,2025-08-18,KL01,new,19,240,10,9
TRPSUR2508182fca40af,2025-08-18,GJ01,repeated,12,115,5,5
TRPVIS25081839d918f7,2025-08-18,AP01,new,15,162,10,8
TRPVAD250818ede1bb8e,2025-08-18,GJ02,repeated,18,162,6,8
TRPLUC25081885cfb291,2025-08-18,UP01,new,18,188,8,6
TRPCOI2508189188c090,2025-08-18,TN01,repeated,21,191,6,8
TRPKOC250818bc66effb,2025-08-18,KL01,repeated,35,416,8,8
TRPJAI2508182e50b3a8,2025-08-18,RJ01,new,27,361,10,9
TRPSUR250818fbc33f1a,2025-08-18,GJ01,repeated,6,67,7,8
TRPSUR250818305d9d5f,2025-08-18,GJ01,new,17,155,8,7
TRPLUC2508182a3e8e17,2025-08-18,UP01,repeated,15,161,7,8
TRPSUR250818c23949a9,2025-08-18,GJ01,repeated,17,155,7,7
TRPVIS25081877ee0c22,2025-08-18,AP01,new,30,297,10,10
TRPVAD2508186828854e,2025-08-18,GJ02,new,17,154,7,8
TRPKOC2508188d81256f,2025-08-18,KL01,new,36,427,10,8
TRPCHA25081859ad8158,2025-08-18,CH01,new,26,260,10,7
TRPJAI250818e3cc10f4,2025-08-18,RJ01,repeated,37,481,8,9
TRPCHA250818394f0031,2025-08-18,CH01,repeated,28,278,9,9
TRPJAI250818d49e8a97,2025-08-18,RJ01,repeated,18,253,9,8
TRPJAI25081801dd2fc9,2025-08-18,RJ01,new,23,313,8,9
TRPCOI250818da2bcc87,2025-08-18,TN01,repeated,9,95,9,8
TRPJAI250818057eaf4c,2025-08-18,RJ01,repeated,17,241,9,9
TRPCHA2508184a65158b,2025-08-18,CH01,new,21,215,10,9
TRPJAI2508181ce61140,2025-08-18,RJ01,new,18,253,9,10
TRPCHA250818bac2235e,2025-08-18,CH01,new,30,296,8,7
TRPVIS250818c549d9bc,2025-08-18,AP01,new,29,288,10,10
TRPIND25081863272b65,2025-08-18,MP01,repeated,18,167,9,9
TRPJAI2508181a8eb856,2025-08-18,RJ01,new,39,505,10,8
TRPIND250818766326f8,2025-08-18,MP01,repeated,11,111,7,7
TRPCHA250818a024499a,2025-08-18,CH01,new,23,233,9,9
TRPJAI250818e555a94e,2025-08-18,RJ01,repeated,26,349,9,10
TRPIND25081819b5b251,2025-08-18,MP01,new,15,143,10,8
TRPIND2508189829f954,2025-08-18,MP01,repeated,11,111,9,9
TRPSUR2508186b1bbe61,2025-08-18,GJ01,repeated,14,131,5,7
TRPSUR250818f1357a2c,2025-08-18,GJ01,repeated,17,155,6,7
TRPVAD250818001467ba,2025-08-18,GJ02,repeated,13,122,6,6
TRPSUR250818f4d0691f,2025-08-18,GJ01,repeated,15,139,6,6
TRPVIS25081899ad7dee,2025-08-18,AP01,new,23,234,9,9
TRPVAD250818dba0d0e7,2025-08-18,GJ02,repeated,7,74,7,5
TRPVAD25081875d4251f,2025-08-18,GJ02,new,16,146,9,8
TRPLUC250818143f3a58,2025-08-18,UP01,repeated,7,89,7,6
TRPSUR250818001a3f7e,2025-08-18,GJ01,new,7,75,9,6
TRPJAI250818a847ce38,2025-08-18,RJ01,new,17,241,10,8
TRPVAD2508185cb22e51,2025-08-18,GJ02,repeated,5,58,7,8
TRPVAD2508186cbf37d6,2025-08-18,GJ02,new,7,74,9,8
TRPJAI250818ec5a0cd7,2025-08-18,RJ01,new,22,301,9,8
TRPSUR250818dace5dc3,2025-08-18,GJ01,new,10,99,9,6
TRPMYS250818836e8262,2025-08-18,KA01,repeated,15,185,7,10
TRPKOC2508184897b890,2025-08-18,KL01,repeated,31,372,7,10
TRPVAD250818859c0fe1,2025-08-18,GJ02,repeated,9,90,7,7
TRPSUR250818555d868c,2025-08-18,GJ01,repeated,15,139,7,8
TRPKOC2508189b867ceb,2025-08-18,KL01,new,11,152,8,9
TRPVIS250818ecfe38db,2025-08-18,AP01,repeated,33,324,7,8
TRPVAD25081868b96a51,2025-08-18,GJ02,new,11,106,9,7
TRPSUR2508181d4fd5aa,2025-08-18,GJ01,repeated,8,83,7,8
TRPSUR2508180f7be731,2025-08-18,GJ01,repeated,16,147,7,5
TRPCHA250818b5c1593c,2025-08-18,CH01,repeated,12,134,7,9
TRPIND2508183bfd0294,2025-08-18,MP01,repeated,23,207,9,6
TRPVIS2508180519a31a,2025-08-18,AP01,repeated,17,180,7,10
TRPJAI250818e5d6be97,2025-08-18,RJ01,repeated,20,277,7,8
TRPIND250818162603d4,2025-08-18,MP01,repeated,16,151,7,9
TRPIND2508180a9ba21a,2025-08-18,MP01,new,8,87,9,9
TRPJAI250818c5105dbe,2025-08-18,RJ01,repeated,42,541,9,9
TRPLUC250818c6346f63,2025-08-18,UP01,repeated,12,134,7,8
TRPSUR2508184024d1f6,2025-08-18,GJ01,repeated,12,115,5,6
TRPLUC250818f028fa53,2025-08-18,UP01,repeated,12,134,5,6
TRPVAD250818c31c95b7,2025-08-18,GJ02,new,7,74,8,6
TRPVIS25081820dd4e19,2025-08-18,AP01,repeated,27,270,7,9
TRPSUR250818c60e65a0,2025-08-18,GJ01,repeated,14,131,5,8
TRPJAI250818b523b110,2025-08-18,RJ01,new,41,529,9,10
TRPKOC25081802b2c3b6,2025-08-18,KL01,repeated,22,273,7,10
TRPCHA250818397cdc86,2025-08-18,CH01,new,31,305,9,9
TRPVAD250818b622279d,2025-08-18,GJ02,new,9,90,7,6
TRPIND2508182e8238cc,2025-08-18,MP01,repeated,12,119,9,9
TRPLUC2508187aa3abbd,2025-08-18,UP01,repeated,5,71,5,7
TRPCOI250818faae0d5b,2025-08-18,TN01,repeated,8,87,7,8
TRPKOC250818e038d83c,2025-08-18,KL01,repeated,18,229,8,9
TRPVIS250818d927db1b,2025-08-18,AP01,repeated,24,243,7,8
TRPJAI25081890590a61,2025-08-18,RJ01,repeated,31,409,8,10
TRPLUC250818fd261961,2025-08-18,UP01,repeated,19,197,6,5
TRPLUC250818bc64c900,2025-08-18,UP01,repeated,17,179,7,6
TRPJAI2508180464e881,2025-08-18,RJ01,new,41,529,9,9
TRPJAI2508180f479680,2025-08-18,RJ01,new,28,373,9,8
TRPCHA250818fd6cb1c2,2025-08-18,CH01,new,31,305,10,8
TRPKOC2508182a3989ac,2025-08-18,KL01,new,19,240,10,10
TRPSUR2508182db5254b,2025-08-18,GJ01,repeated,7,75,6,7
TRPLUC2508181d12b018,2025-08-18,UP01,repeated,17,179,5,7
TRPLUC25081825a80b75,2025-08-18,UP01,repeated,10,116,6,6
TRPSUR25081854773857,2025-08-18,GJ01,new,14,131,9,6
TRPLUC250818ed3eca43,2025-08-18,UP01,repeated,18,188,6,5
TRPVAD2508188ba44b9e,2025-08-18,GJ02,repeated,9,90,6,5
TRPLUC250818e8a2fcfc,2025-08-18,UP01,new,6,80,8,8
TRPLUC250818a3067aaf,2025-08-18,UP01,new,5,71,8,6
TRPLUC250818264b5550,2025-08-18,UP01,repeated,11,125,5,5
TRPVAD250818abb29657,2025-08-18,GJ02,repeated,7,74,6,6
TRPVAD250818e3bd23cf,2025-08-18,GJ02,new,18,162,9,6
TRPIND250818f37d97d8,2025-08-18,MP01,repeated,22,199,7,6
TRPVIS250818d01e49c8,2025-08-18,AP01,repeated,22,225,7,10
TRPLUC2508187e221865,2025-08-18,UP01,repeated,18,188,5,5
TRPVAD250818edbafce5,2025-08-18,GJ02,repeated,8,82,6,7
TRPLUC250818c9db1410,2025-08-18,UP01,new,5,71,9,8
TRPCHA250818d70c29e2,2025-08-18,CH01,repeated,15,161,9,7
TRPSUR2508187cef0ec5,2025-08-18,GJ01,repeated,5,59,7,5
TRPKOC2508186f5b4c36,2025-08-18,KL01,repeated,19,240,9,10
TRPJAI250818473f375f,2025-08-18,RJ01,new,44,565,10,9
TRPJAI2508180365d4a4,2025-08-18,RJ01,new,42,541,8,8
TRPJAI25081878ef7b7f,2025-08-18,RJ01,repeated,34,445,8,9
TRPLUC2508181b0debbf,2025-08-18,UP01,new,6,80,7,6
TRPMYS25081849a06f3d,2025-08-18,KA01,repeated,25,285,9,9
TRPSUR2508180490df53,2025-08-18,GJ01,repeated,8,83,7,7
TRPVIS250818e3af68e7,2025-08-18,AP01,repeated,30,297,7,8
TRPSUR250818f8d3610a,2025-08-18,GJ01,repeated,12,115,6,8
TRPSUR250818e1267109,2025-08-18,GJ01,new,15,139,7,6
TRPVAD2508185ce89fca,2025-08-18,GJ02,repeated,5,58,6,5
TRPCHA25081820c3a653,2025-08-18,CH01,repeated,15,161,9,6
TRPLUC250818da23d69a,2025-08-18,UP01,repeated,9,107,5,8
TRPSUR250818a270200d,2025-08-18,GJ01,repeated,15,139,6,8
TRPCHA250818bcac4aa0,2025-08-18,CH01,repeated,13,143,8,6
TRPCHA250818db23509e,2025-08-18,CH01,repeated,33,323,7,7
TRPCHA250818713120c9,2025-08-18,CH01,repeated,26,260,7,7
TRPLUC25081861a13dcd,2025-08-18,UP01,new,13,143,7,7
TRPCHA250818627bacd1,2025-08-18,CH01,repeated,15,161,6,9
TRPMYS25081841309965,2025-08-18,KA01,new,24,275,8,10
TRPIND250818416e7d98,2025-08-18,MP01,repeated,21,191,6,9
TRPCHA25081829d1429e,2025-08-18,CH01,new,15,161,7,9
TRPCHA25081874aaca69,2025-08-18,CH01,repeated,35,341,9,9
TRPIND2508182c01458d,2025-08-18,MP01,repeated,11,111,8,8
TRPJAI25081881817661,2025-08-18,RJ01,repeated,31,409,8,9
TRPCHA250818cdf3f802,2025-08-18,CH01,repeated,17,179,6,6
TRPVAD250818491b3631,2025-08-18,GJ02,new,12,114,7,8
TRPVIS250818e146b37a,2025-08-18,AP01,new,13,144,10,9
TRPLUC250818d58a86c8,2025-08-18,UP01,repeated,18,188,5,5
TRPMYS250818cc84787f,2025-08-18,KA01,new,12,155,8,10
TRPJAI250818d62ccae4,2025-08-18,RJ01,repeated,30,397,8,8
TRPVIS25081801c23636,2025-08-18,AP01,new,19,198,10,8
TRPCOI250818a98ea54a,2025-08-18,TN01,new,19,175,8,8
TRPIND250818e97fbde9,2025-08-18,MP01,repeated,25,223,7,8
TRPKOC250818d93fca15,2025-08-18,KL01,new,10,141,8,8
TRPSUR2508185f34caca,2025-08-18,GJ01,repeated,5,59,7,6
TRPVIS2508181e72380f,2025-08-18,AP01,new,26,261,9,10
TRPJAI2508186d436507,2025-08-18,RJ01,new,23,313,8,8
TRPSUR250818b81effc7,2025-08-18,GJ01,repeated,11,107,6,8
TRPCOI2508181f3ee988,2025-08-18,TN01,new,12,119,10,8
TRPSUR2508186e2bc3f1,2025-08-18,GJ01,new,5,59,8,6
TRPJAI25081869bc8c3e,2025-08-18,RJ01,new,35,457,1,2
TRPLUC250818d793678e,2025-08-18,UP01,repeated,10,116,7,5
TRPIND2508187bd3831c,2025-08-18,MP01,new,16,151,8,7
TRPSUR250818e2315896,2025-08-18,GJ01,new,17,155,8,7
TRPVAD25081834cfcee5,2025-08-18,GJ02,repeated,9,90,6,7
TRPVIS25081817016cef,2025-08-18,AP01,repeated,31,306,9,10
TRPLUC250818a4ca1275,2025-08-18,UP01,repeated,14,152,5,8
TRPSUR25081856bb3b83,2025-08-18,GJ01,repeated,15,139,5,5
TRPSUR250818806d7be5,2025-08-18,GJ01,repeated,12,115,7,6
TRPSUR25081836046af9,2025-08-18,GJ01,repeated,8,83,7,6
TRPJAI250818ed583b98,2025-08-18,RJ01,repeated,18,253,8,8
TRPCHA25081868f6f6b7,2025-08-18,CH01,repeated,28,278,8,8
TRPKOC250818e3f99d78,2025-08-18,KL01,new,36,427,9,8
TRPKOC2508186da3223b,2025-08-18,KL01,new,24,295,10,8
TRPVIS2508189c23e503,2025-08-18,AP01,new,11,126,10,9
TRPVAD250818a625f6c2,2025-08-18,GJ02,new,5,58,9,7
TRPKOC25081882667cce,2025-08-18,KL01,new,34,405,10,10
TRPJAI250818f7414c75,2025-08-18,RJ01,repeated,23,313,7,8
TRPKOC2508189d017535,2025-08-18,KL01,new,27,328,9,9
TRPSUR2508187740e244,2025-08-18,GJ01,repeated,8,83,6,6
TRPJAI250818dcc9e483,2025-08-18,RJ01,new,30,397,9,10
TRPSUR25081822851f4f,2025-08-18,GJ01,repeated,8,83,7,6
TRPVAD250818cd4787f4,2025-08-18,GJ02,new,10,98,7,7
TRPIND2508187215671c,2025-08-18,MP01,repeated,13,127,6,8
TRPVAD250818f452853d,2025-08-18,GJ02,repeated,9,90,6,8
TRPVIS250818e3e4cda6,2025-08-18,AP01,repeated,11,126,7,9
TRPIND250818c123e9e9,2025-08-18,MP01,new,10,103,8,9
TRPCOI2508181ed3c0e8,2025-08-18,TN01,repeated,21,191,9,7
TRPSUR250818c0933e9e,2025-08-18,GJ01,new,7,75,8,7
TRPVIS250818296180c8,2025-08-18,AP01,repeated,12,135,7,9
TRPMYS250818a5a22e6a,2025-08-18,KA01,new,23,265,9,10
TRPKOC25081809ab7a8d,2025-08-18,KL01,new,27,328,10,9
TRPCHA250818348a5413,2025-08-18,CH01,repeated,30,296,9,7
TRPIND250818e15c6485,2025-08-18,MP01,repeated,9,95,8,7
TRPCOI2508183ad8d7b0,2025-08-18,TN01,repeated,10,103,7,7
TRPLUC2508188c16760f,2025-08-18,UP01,repeated,7,89,6,6
TRPSUR250818e002f5d3,2025-08-18,GJ01,repeated,11,107,7,8
TRPCHA250818179dab85,2025-08-18,CH01,repeated,35,341,8,9
TRPMYS2508189d4e99dd,2025-08-18,KA01,repeated,15,185,9,9
TRPLUC250818d1481356,2025-08-18,UP01,repeated,14,152,7,8
TRPVIS250818945d4e67,2025-08-18,AP01,repeated,29,288,7,9
TRPLUC25081802b28cd9,2025-08-18,UP01,repeated,6,80,7,5
TRPSUR250818c3034d68,2025-08-18,GJ01,new,17,155,9,6
TRPLUC250818a756af1c,2025-08-18,UP01,repeated,16,170,5,6
TRPSUR25081848447847,2025-08-18,GJ01,repeated,17,155,6,8
TRPKOC25081830880c41,2025-08-18,KL01,new,21,262,9,8
TRPVIS2508189c1c13ab,2025-08-18,AP01,repeated,28,279,8,10
TRPCHA250818918a02d2,2025-08-18,CH01,repeated,23,233,8,7
TRPCHA250818a3deeaaf,2025-08-18,CH01,new,15,161,7,8
TRPJAI250818fcd5e328,2025-08-18,RJ01,new,40,517,10,9
TRPLUC25081887572737,2025-08-18,UP01,new,10,116,7,6
TRPSUR2508189434c299,2025-08-18,GJ01,repeated,13,123,7,6
TRPJAI2508181a6621ef,2025-08-18,RJ01,new,15,217,8,8
TRPJAI250818ea998030,2025-08-18,RJ01,repeated,28,373,8,10
TRPSUR2508189be9ebf3,2025-08-18,GJ01,repeated,7,75,7,5
TRPLUC250818719f4e20,2025-08-18,UP01,new,7,89,7,6
TRPLUC250818284342dc,2025-08-18,UP01,new,7,89,8,6
TRPLUC250818d1a9c7fe,2025-08-18,UP01,repeated,11,125,6,8
TRPJAI250818d66618ba,2025-08-18,RJ01,new,38,493,8,9
TRPSUR250818362df1f1,2025-08-18,GJ01,repeated,8,83,7,6
TRPCHA2508181d790483,2025-08-18,CH01,new,17,179,7,9
TRPIND250818e94b834a,2025-08-18,MP01,new,11,111,9,9
TRPIND250818164d920f,2025-08-18,MP01,repeated,24,215,8,6
TRPVAD250818664ec2dc,2025-08-18,GJ02,new,14,130,7,6
TRPCHA2508189fcaed08,2025-08-18,CH01,new,31,305,10,8
TRPLUC2508188842a304,2025-08-18,UP01,repeated,16,170,5,7
TRPCOI250818ff33386e,2025-08-18,TN01,repeated,21,191,9,6
TRPSUR250818e43a9686,2025-08-18,GJ01,repeated,11,107,7,6
TRPLUC25081829195f8c,2025-08-18,UP01,repeated,8,98,6,8
TRPMYS250818cfd7a174,2025-08-18,KA01,repeated,24,275,8,10
TRPVAD250818f9259ef8,2025-08-18,GJ02,repeated,11,106,6,8
TRPKOC2508180ab42637,2025-08-18,KL01,new,16,207,10,10
TRPVAD250818e400438f,2025-08-18,GJ02,new,6,66,7,8
TRPCHA250818f150cd86,2025-08-18,CH01,new,16,170,7,8
TRPKOC250818eccac395,2025-08-18,KL01,repeated,15,196,9,9
TRPIND250818ce8888e0,2025-08-18,MP01,repeated,25,223,9,7
TRPSUR250818891a3975,2025-08-18,GJ01,repeated,14,131,5,8
TRPSUR25081849204a37,2025-08-18,GJ01,repeated,13,123,7,7
TRPCOI250818c1a8fe63,2025-08-18,TN01,repeated,12,119,6,6
TRPSUR2508185c99da48,2025-08-18,GJ01,repeated,10,99,5,7
TRPCHA2508185511257d,2025-08-18,CH01,repeated,16,170,9,9
TRPKOC250818da2ee8c5,2025-08-18,KL01,new,12,163,8,8
TRPSUR2508185cf0e742,2025-08-18,GJ01,repeated,13,123,7,7
TRPCOI250818cdda2fd1,2025-08-18,TN01,repeated,18,167,9,9
TRPCOI25081881a3d731,2025-08-18,TN01,repeated,12,119,7,8
TRPSUR250818211c6c93,2025-08-18,GJ01,repeated,13,123,6,7
TRPCOI2508184d6d7899,2025-08-18,TN01,new,16,151,8,7
TRPJAI2508186079e987,2025-08-18,RJ01,repeated,38,493,8,8
TRPJAI250818e7a49118,2025-08-18,RJ01,new,35,457,9,8
TRPIND2508182c6981d0,2025-08-18,MP01,repeated,23,207,8,7
TRPJAI25081835ddab59,2025-08-18,RJ01,repeated,29,385,8,8
TRPKOC250818017452c4,2025-08-18,KL01,new,38,449,10,10
TRPJAI25081873b978a8,2025-08-18,RJ01,new,17,241,10,9
TRPSUR25081885d43a46,2025-08-18,GJ01,repeated,9,91,6,5
TRPLUC25081833a86c3e,2025-08-18,UP01,repeated,19,197,6,8
TRPMYS250818ddcb830a,2025-08-18,KA01,new,20,235,8,10
TRPCOI25081873c8c176,2025-08-18,TN01,repeated,11,111,7,6
TRPCHA250818189a6322,2025-08-18,CH01,repeated,24,242,7,8
TRPIND250818319cf3a6,2025-08-18,MP01,new,24,215,7,9
TRPCHA2508188424f86b,2025-08-18,CH01,new,33,323,7,8
TRPVAD250818be9b3c0c,2025-08-18,GJ02,repeated,17,154,7,6
TRPJAI250818553d91a7,2025-08-18,RJ01,new,32,421,9,9
TRPSUR250818b3955124,2025-08-18,GJ01,repeated,14,131,6,5
TRPIND250818d775ff0d,2025-08-18,MP01,new,25,223,8,7
TRPJAI250818eefe24b3,2025-08-18,RJ01,new,36,469,9,8
TRPVAD250818c1d9953b,2025-08-18,GJ02,repeated,18,162,5,8
TRPJAI2508187560da1a,2025-08-18,RJ01,new,39,505,10,9
TRPSUR250818ff80275f,2025-08-18,GJ01,repeated,15,139,6,7
TRPCHA2508189b4816df,2025-08-18,CH01,repeated,15,161,7,7
TRPCHA250818d1a9931a,2025-08-18,CH01,new,28,278,10,7
TRPJAI250818fa67c432,2025-08-18,RJ01,repeated,31,409,8,8
TRPLUC2508186c8a77fa,2025-08-18,UP01,new,12,134,8,7
TRPCOI2508184f665440,2025-08-18,TN01,new,18,167,8,8
TRPJAI250818f6a04caf,2025-08-18,RJ01,repeated,15,217,7,8
TRPIND250818818d9290,2025-08-18,MP01,repeated,24,215,9,7
TRPKOC250818260691cd,2025-08-18,KL01,repeated,10,141,9,9
TRPIND250818771a45d9,2025-08-18,MP01,repeated,24,215,7,6
TRPLUC25081875b8cede,2025-08-18,UP01,repeated,16,170,6,7
TRPKOC250818553b428c,2025-08-18,KL01,new,32,383,10,10
TRPJAI2508180c27ff58,2025-08-18,RJ01,new,44,565,10,10
TRPKOC2508182a661db0,2025-08-18,KL01,new,13,174,8,8
TRPCHA250818a54a97f7,2025-08-18,CH01,repeated,27,269,7,7
TRPLUC2508186f44cc4a,2025-08-18,UP01,repeated,12,134,6,5
TRPJAI2508185fb4cd68,2025-08-18,RJ01,repeated,22,301,9,9
TRPKOC250818d8c232dd,2025-08-18,KL01,new,21,262,8,9
TRPVIS2508182ba900dd,2025-08-18,AP01,repeated,30,297,7,9
TRPCHA25081860eed316,2025-08-18,CH01,repeated,15,161,9,8
TRPIND25081861d06923,2025-08-18,MP01,new,12,119,10,7
TRPMYS25081852d6aa34,2025-08-18,KA01,new,20,235,10,9
TRPIND2508182a8766c4,2025-08-18,MP01,new,24,215,10,8
TRPSUR25081877c314bb,2025-08-18,GJ01,repeated,15,139,7,6
TRPMYS25081890e444ac,2025-08-18,KA01,new,12,155,9,8
TRPJAI2508182faee1bd,2025-08-18,RJ01,repeated,22,301,7,9
TRPSUR2508189f9798a0,2025-08-18,GJ01,repeated,13,123,6,5
TRPJAI250818c97462c7,2025-08-18,RJ01,new,15,217,9,9
TRPLUC25081898ee2297,2025-08-18,UP01,repeated,5,71,6,6
TRPLUC250818998a3796,2025-08-18,UP01,repeated,16,170,7,6
TRPJAI250818edd6d86a,2025-08-18,RJ01,repeated,44,565,9,9
TRPVIS2508187b4ad328,2025-08-18,AP01,new,34,333,10,10
TRPJAI250818c3e97e4b,2025-08-18,RJ01,repeated,38,493,7,9
TRPSUR250818d1208d61,2025-08-18,GJ01,repeated,6,67,6,7
TRPIND2508187a207f6e,2025-08-18,MP01,repeated,18,167,8,8
TRPVIS2508180cb21527,2025-08-18,AP01,new,24,243,8,8
TRPKOC2508187cb390f0,2025-08-18,KL01,new,19,240,9,10
TRPSUR25081876b932b3,2025-08-18,GJ01,new,13,123,9,6
TRPSUR250818e704360d,2025-08-18,GJ01,repeated,8,83,5,7
TRPVIS2508188f7bde68,2025-08-18,AP01,repeated,15,162,9,8
TRPLUC250818e4865f5b,2025-08-18,UP01,new,12,134,7,8
TRPJAI250818f011d478,2025-08-18,RJ01,repeated,26,349,8,8
TRPLUC2508186cbf7762,2025-08-18,UP01,repeated,6,80,6,7
TRPKOC2508184fea0130,2025-08-18,KL01,new,34,405,8,8
TRPLUC250818127040ab,2025-08-18,UP01,repeated,10,116,7,7
TRPSUR250818a902b0ba,2025-08-18,GJ01,repeated,16,147,5,8
TRPKOC2508186fdf3b45,2025-08-18,KL01,new,14,185,10,9
TRPJAI25081815d62f2d,2025-08-18,RJ01,repeated,26,349,9,9
TRPIND25081883de3145,2025-08-18,MP01,repeated,18,167,8,6
TRPLUC250818c3af86d8,2025-08-18,UP01,repeated,13,143,5,7
TRPJAI25081822f3245b,2025-08-18,RJ01,new,27,361,9,8
TRPCHA25081899796ee8,2025-08-18,CH01,repeated,25,251,8,8
TRPIND250818f951e0be,2025-08-18,MP01,new,14,135,8,8
TRPLUC2508189bbf0847,2025-08-18,UP01,repeated,14,152,5,5
TRPJAI2508182af000ac,2025-08-18,RJ01,repeated,35,457,9,10
TRPIND2508189b5dfc95,2025-08-18,MP01,repeated,23,207,6,6
TRPIND250818799e1fc9,2025-08-18,MP01,repeated,23,207,7,7
TRPJAI2508188f877e7f,2025-08-18,RJ01,repeated,39,505,9,9
TRPIND2508180ca5856d,2025-08-18,MP01,new,23,207,7,9
TRPJAI250818ec975f89,2025-08-18,RJ01,new,16,229,8,9
TRPJAI25081885436603,2025-08-18,RJ01,new,19,265,10,10
TRPLUC250818a70a402a,2025-08-18,UP01,repeated,16,170,7,5
TRPIND25081880cd4ec4,2025-08-18,MP01,new,21,191,7,7
TRPIND250818ae8ea7cd,2025-08-18,MP01,repeated,20,183,6,9
TRPIND2508188df8132f,2025-08-18,MP01,repeated,18,167,7,9
TRPVIS250818c12275f3,2025-08-18,AP01,new,24,243,10,10
TRPKOC25081894708561,2025-08-18,KL01,repeated,22,273,7,8
TRPVAD2508184d823495,2025-08-18,GJ02,new,6,66,8,6
TRPCOI2508180c4ffdb5,2025-08-18,TN01,new,13,127,10,8
TRPLUC250818d5e3a223,2025-08-18,UP01,repeated,20,206,5,7
TRPSUR250818e5b42124,2025-08-18,GJ01,new,10,99,7,8
TRPJAI250818c93ca895,2025-08-18,RJ01,repeated,19,265,8,8
TRPVAD250818b0c912e5,2025-08-18,GJ02,repeated,16,146,5,6
TRPLUC250818d87aa92d,2025-08-18,UP01,repeated,15,161,5,7
TRPMYS250818ef23289e,2025-08-18,KA01,repeated,9,125,8,10
TRPIND250818d5f37def,2025-08-18,MP01,new,9,95,9,8
TRPJAI250818a6ac5803,2025-08-18,RJ01,new,15,217,8,9
TRPCHA250818e390f429,2025-08-18,CH01,repeated,35,341,7,6
TRPLUC25081895a0bf50,2025-08-18,UP01,repeated,7,89,5,6
TRPCHA2508186beb6d3a,2025-08-18,CH01,new,35,341,7,8
TRPKOC250818e31d1936,2025-08-18,KL01,new,10,141,9,10
TRPLUC25081809283923,2025-08-18,UP01,new,19,197,7,7
TRPSUR2508188bb0901d,2025-08-18,GJ01,repeated,13,123,5,6
TRPMYS250818d8c463cd,2025-08-18,KA01,new,10,135,8,9
TRPKOC2508182e3a2385,2025-08-18,KL01,repeated,37,438,7,10
TRPIND250818e2855ab4,2025-08-18,MP01,new,14,135,8,8
TRPLUC2508181fe5bfea,2025-08-18,UP01,repeated,7,89,5,8
TRPVIS250818d87b893d,2025-08-18,AP01,new,15,162,8,9
TRPVIS250818d2d761e4,2025-08-18,AP01,repeated,21,216,7,10
TRPCOI250818556c8da2,2025-08-18,TN01,repeated,18,167,9,7
TRPSUR2508184b2c996f,2025-08-18,GJ01,repeated,6,67,7,6
TRPCHA250818de7e9e8c,2025-08-18,CH01,new,19,197,10,8
TRPIND2508188cdf1edd,2025-08-18,MP01,new,13,127,7,7
TRPLUC250818878abb4c,2025-08-18,UP01,repeated,11,125,7,7
TRPJAI25081883930f51,2025-08-18,RJ01,new,30,397,8,9
TRPVAD250818995c5b89,2025-08-18,GJ02,repeated,6,66,5,5
TRPCOI25081848e0300d,2025-08-18,TN01,repeated,11,111,8,9
TRPIND250818d0406e4b,2025-08-18,MP01,repeated,24,215,8,7
TRPJAI2508188421f12e,2025-08-18,RJ01,new,37,481,10,8
TRPSUR250818fa54b9a4,2025-08-18,GJ01,repeated,14,131,5,5
TRPVAD250818e860b3a0,2025-08-18,GJ02,new,18,162,7,7
TRPSUR250818ba3d0e67,2025-08-18,GJ01,repeated,6,67,5,5
TRPLUC250818cce6bd45,2025-08-18,UP01,repeated,18,188,5,7
TRPVIS250818133ff745,2025-08-18,AP01,repeated,24,243,7,10
TRPCHA250818b4920882,2025-08-18,CH01,new,16,170,7,8
TRPIND250818daeeef98,2025-08-18,MP01,repeated,22,199,9,9
TRPLUC250818193d8873,2025-08-18,UP01,new,8,98,7,7
TRPLUC25081820c50923,2025-08-18,UP01,repeated,7,89,5,7
TRPLUC2508182018f348,2025-08-18,UP01,repeated,7,89,6,5
TRPLUC250818b22e74a6,2025-08-18,UP01,repeated,20,206,5,6
TRPCHA250818401fd411,2025-08-18,CH01,repeated,31,305,6,7
TRPKOC250818ad2a11f0,2025-08-18,KL01,new,37,438,9,10
TRPJAI250818f394439e,2025-08-18,RJ01,new,40,517,10,10
TRPKOC250818b047165c,2025-08-18,KL01,new,19,240,9,8
TRPCHA2508189638ac49,2025-08-18,CH01,new,29,287,10,7
TRPCHA250818a053bf2e,2025-08-18,CH01,repeated,20,206,8,7
TRPJAI250818cd55a48e,2025-08-18,RJ01,repeated,17,241,7,8
TRPIND250818b44da041,2025-08-18,MP01,repeated,11,111,8,7
TRPVIS250818c52c2c30,2025-08-18,AP01,repeated,21,216,9,9
TRPJAI25081861d5f4ca,2025-08-18,RJ01,repeated,38,493,7,10
TRPCOI2508184e5e5b34,2025-08-18,TN01,repeated,10,103,7,6
TRPJAI25081828266f9e,2025-08-18,RJ01,repeated,25,337,9,8
TRPLUC250818d1552878,2025-08-18,UP01,repeated,10,116,5,6
TRPVAD25081888343850,2025-08-18,GJ02,repeated,11,106,6,6
TRPVIS25081832468383,2025-08-18,AP01,repeated,22,225,9,10
TRPKOC25081835c260fd,2025-08-18,KL01,new,36,427,10,9
TRPLUC250818d3636de7,2025-08-18,UP01,repeated,6,80,7,6
TRPCOI250818dbeee6c0,2025-08-18,TN01,repeated,13,127,7,8
TRPSUR250818d4ad083d,2025-08-18,GJ01,repeated,9,91,7,6
TRPJAI250818927daf1a,2025-08-18,RJ01,repeated,18,253,8,10
TRPLUC250818b414e36d,2025-08-18,UP01,repeated,10,116,6,7
TRPKOC25081856b16847,2025-08-18,KL01,new,38,449,9,10
TRPJAI2508185937ac9b,2025-08-18,RJ01,repeated,32,421,9,9
TRPCOI250818d7561fe0,2025-08-18,TN01,repeated,18,167,7,8
TRPKOC2508184c982541,2025-08-18,KL01,repeated,10,141,8,8
TRPKOC250818b0deec26,2025-08-18,KL01,repeated,22,273,7,8
TRPLUC25081831ede170,2025-08-18,UP01,repeated,6,80,7,7
TRPVAD2508185dda9d3d,2025-08-18,GJ02,repeated,12,114,6,5
TRPSUR250818d5b0e4c0,2025-08-18,GJ01,repeated,8,83,5,6
TRPSUR25081811dd186d,2025-08-18,GJ01,new,10,99,8,8
TRPVIS250818bfdbbf7e,2025-08-18,AP01,new,24,243,9,8
TRPVIS250818888da787,2025-08-18,AP01,new,17,180,8,10
TRPVAD2508184422aa27,2025-08-18,GJ02,repeated,10,98,6,5
TRPMYS250818bc438239,2025-08-18,KA01,new,25,285,8,10
TRPVIS2508182ae9bb77,2025-08-18,AP01,repeated,25,252,9,9
TRPLUC25081823f283ee,2025-08-18,UP01,new,8,98,9,6
TRPIND250818292c1058,2025-08-18,MP01,repeated,18,167,7,6
TRPLUC250818aab78454,2025-08-18,UP01,repeated,11,125,5,5
TRPLUC250818cb05f763,2025-08-18,UP01,new,19,197,9,8
TRPLUC250818724067b6,2025-08-18,UP01,repeated,11,125,5,6
TRPJAI25081830e2d41e,2025-08-18,RJ01,repeated,23,313,7,9
TRPCOI2508183f921a73,2025-08-18,TN01,new,8,87,7,7
TRPSUR25081821b24e36,2025-08-18,GJ01,repeated,8,83,5,8
TRPLUC2508189f165753,2025-08-18,UP01,repeated,18,188,7,7
TRPJAI25081827049c38,2025-08-18,RJ01,new,26,349,8,9
TRPLUC250818f2df6f68,2025-08-18,UP01,new,19,197,8,7
TRPMYS250818b36504cf,2025-08-18,KA01,new,19,225,8,10
TRPVAD250818cac01bb9,2025-08-18,GJ02,new,13,122,9,6
TRPVIS250818de28c6b5,2025-08-18,AP01,new,28,279,9,9
TRPJAI2508184fac31bc,2025-08-18,RJ01,new,25,337,9,10
TRPVIS250818e2be1631,2025-08-18,AP01,repeated,16,171,9,8
TRPLUC2508188139e653,2025-08-18,UP01,repeated,12,134,7,7
TRPLUC2508180c0653ed,2025-08-18,UP01,new,19,197,9,8
TRPCHA2508188a2b0df7,2025-08-18,CH01,repeated,34,332,7,7
TRPJAI250818ae6771b8,2025-08-18,RJ01,new,40,517,10,9
TRPCOI250818e1591cf6,2025-08-18,TN01,repeated,16,151,6,9
TRPKOC250818f191c065,2025-08-18,KL01,repeated,28,339,8,8
TRPSUR25081895ee8f3e,2025-08-18,GJ01,repeated,9,91,5,7
TRPCHA25081846b95b18,2025-08-18,CH01,repeated,35,341,6,9
TRPLUC250818308fc164,2025-08-18,UP01,repeated,15,161,5,5
TRPCOI25081867f003f9,2025-08-18,TN01,new,21,191,8,8
TRPLUC2508184bb56762,2025-08-18,UP01,repeated,16,170,7,6
TRPIND2508188712a185,2025-08-18,MP01,repeated,18,167,8,6
TRPLUC2508189ccc3be7,2025-08-18,UP01,repeated,5,71,5,6
TRPMYS2508186c5732ba,2025-08-18,KA01,repeated,10,135,9,9
TRPIND25081835b3bff9,2025-08-18,MP01,repeated,15,143,9,7
TRPJAI25081869cc41fd,2025-08-18,RJ01,new,26,349,10,9
TRPSUR250818be0f6f2c,2025-08-18,GJ01,repeated,15,139,6,7
TRPVIS250818a0fddce7,2025-08-18,AP01,new,13,144,8,9
TRPLUC250818bd8cc52f,2025-08-18,UP01,new,8,98,9,6
TRPCOI250818cf9b3046,2025-08-18,TN01,new,13,127,10,8
TRPLUC25081810d586ce,2025-08-18,UP01,repeated,17,179,7,7
TRPVAD250818f71dad7c,2025-08-18,GJ02,repeated,15,138,7,5
TRPSUR250818417ef9ea,2025-08-18,GJ01,repeated,8,83,6,7
TRPCOI2508183959cc65,2025-08-18,TN01,repeated,20,183,7,8
TRPJAI25081889ef57d2,2025-08-18,RJ01,new,43,553,8,8
TRPJAI2508184a912c40,2025-08-18,RJ01,repeated,38,493,9,9
TRPLUC250818ed5135e8,2025-08-18,UP01,repeated,20,206,5,5
TRPKOC250818893b4a21,2025-08-18,KL01,repeated,20,251,8,10
TRPKOC2508187d18e83a,2025-08-18,KL01,new,30,361,9,8
TRPCOI25081828ccbfe9,2025-08-18,TN01,repeated,20,183,8,6
TRPCHA250818bce6d87a,2025-08-18,CH01,repeated,33,323,6,7
TRPCHA250818a46029c0,2025-08-18,CH01,new,26,260,10,7
TRPLUC2508186840816d,2025-08-18,UP01,repeated,13,143,7,6
TRPSUR25081805b3d578,2025-08-18,GJ01,new,5,59,8,7
TRPLUC2508187059c8ce,2025-08-18,UP01,repeated,7,89,7,6
TRPLUC250818a900df26,2025-08-18,UP01,repeated,18,188,7,7
TRPJAI250818b34407c6,2025-08-18,RJ01,new,43,553,10,10
TRPSUR25081876bc5924,2025-08-18,GJ01,repeated,5,59,6,7
TRPCOI250818ae02a4bc,2025-08-18,TN01,repeated,20,183,8,7
TRPMYS25081897fcaa4d,2025-08-18,KA01,new,17,205,8,8
TRPJAI2508186d9840c9,2025-08-18,RJ01,new,34,445,10,9
TRPSUR250818bdde5aea,2025-08-18,GJ01,repeated,15,139,6,7
TRPLUC2508180f908c4e,2025-08-18,UP01,repeated,8,98,6,8
TRPLUC250818f4d59ed7,2025-08-18,UP01,repeated,6,80,5,6
TRPCHA25081805efcf46,2025-08-18,CH01,new,27,269,9,9
TRPSUR250818c6b1746f,2025-08-18,GJ01,repeated,5,59,7,8
TRPCOI25081813461fe5,2025-08-18,TN01,repeated,18,167,8,9
TRPIND2508184150690c,2025-08-18,MP01,new,8,87,8,7
TRPJAI250818ec1a1f04,2025-08-18,RJ01,repeated,35,457,8,10
TRPKOC2508189ea65e79,2025-08-18,KL01,repeated,34,405,9,8
TRPLUC2508184c234e82,2025-08-18,UP01,repeated,20,206,6,7
TRPLUC2508187e446815,2025-08-18,UP01,repeated,6,80,6,8
TRPLUC25081879939f39,2025-08-18,UP01,repeated,11,125,7,5
TRPVAD25081869bdaa9a,2025-08-18,GJ02,repeated,17,154,5,5
TRPLUC250818a024d3d6,2025-08-18,UP01,repeated,9,107,5,6
TRPSUR25081840f90fb7,2025-08-18,GJ01,repeated,17,155,6,8
TRPLUC25081823adcded,2025-08-18,UP01,repeated,14,152,7,7
TRPLUC250818c9c13743,2025-08-18,UP01,repeated,10,116,6,8
TRPJAI25081836a08797,2025-08-18,RJ01,new,39,505,8,10
TRPLUC2508186714b907,2025-08-18,UP01,repeated,18,188,6,7
TRPLUC250818c0213f04,2025-08-18,UP01,repeated,11,125,7,5
TRPCOI250818e7ec6a75,2025-08-18,TN01,repeated,18,167,8,9
TRPVIS2508180f309879,2025-08-18,AP01,repeated,30,297,7,10
TRPVAD250818fe20b377,2025-08-18,GJ02,new,12,114,7,6
TRPJAI250818a6d40d9c,2025-08-18,RJ01,repeated,33,433,9,8
TRPVIS2508181c150bc4,2025-08-18,AP01,new,10,117,9,8
TRPVAD25081863bb8975,2025-08-18,GJ02,repeated,18,162,6,5
TRPJAI2508185fda68b0,2025-08-18,RJ01,new,25,337,9,8
TRPKOC250818ce7bf2a6,2025-08-18,KL01,new,10,141,8,10
TRPLUC25081850512fed,2025-08-18,UP01,new,11,125,7,7
TRPSUR250818cd7a7eee,2025-08-18,GJ01,repeated,5,59,7,8
TRPSUR2508187c6ce81a,2025-08-18,GJ01,new,6,67,9,6
TRPJAI250818c70ed80f,2025-08-18,RJ01,repeated,17,241,7,9
TRPVAD25081847cd5856,2025-08-18,GJ02,repeated,8,82,7,5
TRPIND250818016a27fb,2025-08-18,MP01,repeated,15,143,6,8
TRPLUC250818e0949716,2025-08-18,UP01,repeated,11,125,5,6
TRPCOI250818b12759a2,2025-08-18,TN01,repeated,22,199,8,7
TRPIND250818d19419b1,2025-08-18,MP01,repeated,19,175,9,9
TRPLUC2508181288ee48,2025-08-18,UP01,repeated,6,80,5,6
TRPVAD250818fe6ad8fa,2025-08-18,GJ02,repeated,13,122,6,5
TRPSUR250818c5c53b2e,2025-08-18,GJ01,repeated,11,107,5,8
TRPVAD250818a037a8a4,2025-08-18,GJ02,repeated,15,138,5,5
TRPKOC25081888eca9c4,2025-08-18,KL01,repeated,23,284,8,10
TRPJAI2508182ae38f90,2025-08-18,RJ01,new,27,361,8,10
TRPVIS250818ffb5d62b,2025-08-18,AP01,new,22,225,8,8
TRPJAI2508184145d3c8,2025-08-18,RJ01,new,42,541,10,10
TRPLUC250818add490f2,2025-08-18,UP01,repeated,15,161,7,6
TRPVIS250818288413e8,2025-08-18,AP01,repeated,23,234,7,8
TRPSUR250818a6384805,2025-08-18,GJ01,new,10,99,8,8
TRPIND2508186b20821a,2025-08-18,MP01,repeated,20,183,6,8
TRPJAI250818618b9207,2025-08-18,RJ01,new,36,469,9,9
TRPJAI250818d0b1c354,2025-08-18,RJ01,new,45,577,9,10
TRPMYS250818117980a5,2025-08-18,KA01,new,11,145,10,10
TRPJAI2508188dbaf7c9,2025-08-18,RJ01,new,23,313,9,9
TRPJAI2508181c0975fc,2025-08-18,RJ01,new,29,385,10,10
TRPIND25081815fe73e6,2025-08-18,MP01,repeated,11,111,9,8
TRPSUR2508182d7e9711,2025-08-18,GJ01,repeated,10,99,6,8
TRPSUR2508182cb6b5fc,2025-08-18,GJ01,repeated,16,147,5,5
TRPJAI250818ae0de3ca,2025-08-18,RJ01,repeated,37,481,8,9
TRPLUC250818812f2845,2025-08-18,UP01,new,10,116,9,8
TRPIND25081896823993,2025-08-18,MP01,repeated,25,223,8,9
TRPSUR250818daca7ed6,2025-08-18,GJ01,repeated,6,67,6,5
TRPCOI2508185e87af88,2025-08-18,TN01,repeated,21,191,8,9
TRPKOC2508188e385d81,2025-08-18,KL01,repeated,33,394,7,9
TRPVAD2508189ddd8079,2025-08-18,GJ02,repeated,13,122,6,8
TRPLUC2508182e00899b,2025-08-18,UP01,repeated,13,143,7,5
TRPLUC250818ae5b47b5,2025-08-18,UP01,repeated,17,179,6,5
TRPSUR250818afd22777,2025-08-18,GJ01,repeated,7,75,6,8
TRPSUR250818afdae3e4,2025-08-18,GJ01,repeated,14,131,7,7
TRPKOC2508188fd57e6f,2025-08-18,KL01,repeated,18,229,9,10
TRPVIS250818fbf1dcc9,2025-08-18,AP01,repeated,19,198,8,10
TRPJAI25081871a0bb31,2025-08-18,RJ01,new,24,325,9,9
TRPJAI2508185194f4e5,2025-08-18,RJ01,new,34,445,8,10
TRPIND250818e5dab089,2025-08-18,MP01,repeated,12,119,8,7
TRPJAI250818ee00f6c3,2025-08-18,RJ01,new,45,577,9,8
TRPLUC250818d5fdfcaf,2025-08-18,UP01,repeated,9,107,7,5
TRPMYS2508187e9fcaee,2025-08-18,KA01,new,23,265,9,10
TRPKOC25081845471a5a,2025-08-18,KL01,new,12,163,10,9
TRPSUR250818890dbbb5,2025-08-18,GJ01,repeated,12,115,6,6
TRPIND25081834d04ad6,2025-08-18,MP01,repeated,11,111,8,6
TRPVAD250818c742e30a,2025-08-18,GJ02,repeated,18,162,5,8
TRPLUC25081817d72a84,2025-08-18,UP01,repeated,10,116,5,8
TRPLUC25081854126a47,2025-08-18,UP01,repeated,13,143,6,6
TRPCHA250818b6b33177,2025-08-18,CH01,repeated,21,215,8,6
TRPVIS250818ec478d0b,2025-08-18,AP01,repeated,22,225,9,9
TRPJAI250818fac5293b,2025-08-18,RJ01,new,18,253,10,8
TRPSUR25081805914d88,2025-08-18,GJ01,new,12,115,9,8
TRPCHA25081825214711,2025-08-18,CH01,repeated,19,197,6,9
TRPVIS250818222990d0,2025-08-18,AP01,new,30,297,9,10
TRPJAI25081897222f91,2025-08-18,RJ01,new,44,565,10,8
TRPSUR250818b652f005,2025-08-18,GJ01,new,12,115,8,7
TRPLUC2508181c951a94,2025-08-18,UP01,repeated,15,161,6,7
TRPJAI250818af44ef0d,2025-08-18,RJ01,repeated,22,301,7,9
TRPJAI250818edb6512d,2025-08-18,RJ01,new,43,553,10,9
TRPSUR25081822c04933,2025-08-18,GJ01,repeated,12,115,5,6
TRPJAI2508188dd5e414,2025-08-18,RJ01,new,22,301,8,10
TRPVAD250818f0e99954,2025-08-18,GJ02,new,6,66,7,6
TRPVAD250818c402626e,2025-08-18,GJ02,new,12,114,9,6
TRPJAI2508185dfc616a,2025-08-18,RJ01,new,29,385,10,9
TRPLUC250818ed82acd4,2025-08-18,UP01,repeated,6,80,7,6
TRPLUC250818750401cd,2025-08-18,UP01,new,20,206,7,8
TRPIND2508181c84b299,2025-08-18,MP01,repeated,23,207,7,8
TRPLUC2508182b02afd1,2025-08-18,UP01,repeated,12,134,7,7
TRPJAI250818c6d10d3f,2025-08-18,RJ01,repeated,41,529,7,9
TRPVIS25081885548dcc,2025-08-18,AP01,new,22,225,9,8
TRPVAD2508182ab1f4ed,2025-08-18,GJ02,repeated,11,106,5,5
TRPCHA250818f4453687,2025-08-18,CH01,new,19,197,7,7
TRPSUR250818cdc2f6ba,2025-08-18,GJ01,new,8,83,8,7
TRPJAI25081820b531f8,2025-08-18,RJ01,new,25,337,10,10
TRPCHA2508181b9ffb15,2025-08-18,CH01,repeated,15,161,8,6
TRPJAI25081829db09e8,2025-08-18,RJ01,new,26,349,10,9
TRPSUR2508188bced2f1,2025-08-18,GJ01,new,12,115,7,7
TRPKOC250818e5d6151d,2025-08-18,KL01,repeated,20,251,8,10
TRPCHA2508183346926e,2025-08-18,CH01,repeated,23,233,8,9
TRPJAI250818210909b4,2025-08-18,RJ01,new,27,361,9,8
TRPVIS250818d9d02877,2025-08-18,AP01,repeated,13,144,9,9
TRPIND250818c62eb121,2025-08-18,MP01,new,9,95,7,7
TRPIND250818017a8059,2025-08-18,MP01,repeated,16,151,7,7
TRPIND250818b09b20dd,2025-08-18,MP01,repeated,19,175,7,6
TRPKOC250818bc8f1494,2025-08-18,KL01,repeated,17,218,8,9
TRPLUC250818ccc9d5d2,2025-08-18,UP01,new,20,206,9,7
TRPSUR25081879f3c817,2025-08-18,GJ01,repeated,15,139,5,6
TRPSUR2508184ecbd26c,2025-08-18,GJ01,new,8,83,9,7
TRPJAI250818e2446283,2025-08-18,RJ01,repeated,28,373,9,9
TRPJAI25081863c9aaaa,2025-08-18,RJ01,new,44,565,8,10
TRPSUR2508185bb10e16,2025-08-18,GJ01,new,13,123,9,6
TRPSUR250818534db28c,2025-08-18,GJ01,repeated,15,139,6,8
TRPLUC250818e680d347,2025-08-18,UP01,new,18,188,7,7
TRPCOI25081803207b52,2025-08-18,TN01,repeated,21,191,7,7
TRPCHA2508186cbfe620,2025-08-18,CH01,new,32,314,7,9
TRPVAD2508182f98c744,2025-08-18,GJ02,repeated,16,146,7,7
TRPKOC250818dd3933a8,2025-08-18,KL01,new,17,218,9,8
TRPJAI2508185b923717,2025-08-18,RJ01,new,24,325,8,10
TRPVIS25081850eae890,2025-08-18,AP01,repeated,28,279,8,10
TRPSUR250818b43b5fcd,2025-08-18,GJ01,repeated,6,67,5,5
TRPLUC250818835f8a26,2025-08-18,UP01,repeated,8,98,7,6
TRPLUC2508182e059461,2025-08-18,UP01,new,10,116,7,6
TRPSUR25081879556bae,2025-08-18,GJ01,repeated,16,147,7,5
TRPIND250818f97f0c30,2025-08-18,MP01,repeated,10,103,8,7
TRPCOI25081806a138a3,2025-08-18,TN01,repeated,11,111,8,6
TRPLUC2508185d0801d8,2025-08-18,UP01,repeated,10,116,7,8
TRPJAI250818d8b99d21,2025-08-18,RJ01,repeated,16,229,9,8
TRPLUC250818f105c12d,2025-08-18,UP01,new,15,161,7,8
TRPCOI250818a865ee22,2025-08-18,TN01,repeated,15,143,8,6
TRPSUR2508182d0ba734,2025-08-18,GJ01,new,10,99,8,7
TRPKOC2508187e4a6b08,2025-08-18,KL01,new,35,416,10,8
TRPCHA250818217c1a6c,2025-08-18,CH01,repeated,28,278,8,8
TRPSUR250818832c9e15,2025-08-18,GJ01,repeated,8,83,5,8
TRPVAD250818bd4fdd4a,2025-08-18,GJ02,repeated,17,154,7,6
TRPCHA250818f1655323,2025-08-18,CH01,new,23,233,10,8
TRPCOI250818fd3d7496,2025-08-18,TN01,new,8,87,7,7
TRPLUC250818565f1cb3,2025-08-18,UP01,repeated,6,80,6,5
TRPCOI25081880c73b1a,2025-08-18,TN01,repeated,12,119,8,6
TRPCOI250818e82d8388,2025-08-18,TN01,new,12,119,7,8
TRPSUR250818d3dc6cb0,2025-08-18,GJ01,repeated,10,99,6,5
TRPLUC250818629a41f7,2025-08-18,UP01,repeated,10,116,6,5
TRPCOI250818fe96fba4,2025-08-18,TN01,repeated,13,127,6,9
TRPJAI25081802f24b10,2025-08-18,RJ01,new,30,397,9,8
TRPVIS250818904a5fe6,2025-08-18,AP01,repeated,15,162,8,9
TRPSUR250818c9a65e37,2025-08-18,GJ01,repeated,11,107,5,5
TRPSUR250818be9e403c,2025-08-18,GJ01,repeated,6,67,5,8
TRPIND250818ba323a49,2025-08-18,MP01,new,8,87,9,7
TRPLUC250818f84917ba,2025-08-18,UP01,repeated,5,71,5,5
TRPLUC25081862f6d511,2025-08-18,UP01,repeated,5,71,5,8
TRPLUC2508184ade9f7c,2025-08-18,UP01,new,11,125,9,8
TRPVAD25081875c64828,2025-08-18,GJ02,repeated,5,58,7,5
TRPMYS250818a677159c,2025-08-18,KA01,new,23,265,8,10
TRPSUR250818a7a0dd57,2025-08-18,GJ01,repeated,17,155,5,6
TRPVIS250818883973f7,2025-08-18,AP01,repeated,23,234,8,8
TRPJAI25081828fd44fa,2025-08-18,RJ01,new,16,229,9,9
TRPVIS2508188430e1d9,2025-08-18,AP01,new,27,270,9,10
TRPVAD250818551d7439,2025-08-18,GJ02,repeated,11,106,6,5
TRPSUR2508183f43cd4b,2025-08-18,GJ01,repeated,14,131,6,5
TRPLUC250818a4d5a2e1,2025-08-18,UP01,repeated,17,179,5,5
TRPLUC25081837e0e716,2025-08-18,UP01,repeated,9,107,6,7
TRPVAD25081897b712c6,2025-08-18,GJ02,repeated,17,154,6,6
TRPSUR2508184ad48c35,2025-08-18,GJ01,repeated,11,107,7,5
TRPSUR250818922deeb6,2025-08-18,GJ01,repeated,7,75,6,5
TRPIND250818093bbce0,2025-08-18,MP01,repeated,18,167,8,8
TRPLUC250818234ce7a3,2025-08-18,UP01,repeated,19,197,5,8
TRPSUR25081886634fdd,2025-08-18,GJ01,new,17,155,7,8
TRPKOC250818570ab63a,2025-08-18,KL01,repeated,34,405,9,9
TRPVIS25081899b0fec4,2025-08-18,AP01,new,10,117,8,8
TRPSUR250818d45ae9be,2025-08-18,GJ01,repeated,6,67,6,8
TRPCHA250818e84f235f,2025-08-18,CH01,repeated,22,224,9,9
TRPLUC2508181a088181,2025-08-18,UP01,repeated,8,98,6,8
TRPCOI250818340e91a6,2025-08-18,TN01,repeated,17,159,9,6
TRPCHA25081880efc436,2025-08-18,CH01,repeated,34,332,9,8
TRPJAI250818173f2378,2025-08-18,RJ01,new,41,529,9,10
TRPLUC250818fd97af4f,2025-08-18,UP01,repeated,11,125,6,5
TRPLUC25081809621082,2025-08-18,UP01,repeated,12,134,6,8
TRPJAI25081867a11efa,2025-08-18,RJ01,repeated,43,553,8,8
TRPMYS25081857d09b9c,2025-08-18,KA01,repeated,25,285,8,8
TRPVAD250818f25e71d3,2025-08-18,GJ02,repeated,12,114,6,5
TRPVAD25081819446300,2025-08-18,GJ02,repeated,13,122,6,6
TRPJAI250818da31d178,2025-08-18,RJ01,repeated,19,265,7,10
TRPSUR2508183fa433d3,2025-08-18,GJ01,repeated,7,75,7,8
TRPLUC2508186662fd6d,2025-08-18,UP01,repeated,14,152,6,7
TRPJAI250818a3d0f893,2025-08-18,RJ01,new,35,457,10,8
TRPCHA250818ea49cad0,2025-08-18,CH01,repeated,27,269,7,8
TRPJAI2508184c867eb0,2025-08-18,RJ01,new,17,241,9,10
TRPIND2508187c88775e,2025-08-18,MP01,repeated,22,199,7,8
TRPJAI250818ed4aa776,2025-08-18,RJ01,repeated,41,529,8,8
TRPLUC250818c3e74c57,2025-08-18,UP01,repeated,8,98,6,8
TRPSUR250818628b5f7e,2025-08-18,GJ01,repeated,10,99,6,6
TRPKOC250818774abc85,2025-08-18,KL01,repeated,37,438,8,10
TRPCHA2508188a3bc4c2,2025-08-18,CH01,repeated,26,260,7,6
TRPIND25081861103c78,2025-08-18,MP01,new,11,111,8,7
TRPVAD2508188db7a413,2025-08-18,GJ02,repeated,12,114,6,7
TRPLUC250818a36455d4,2025-08-18,UP01,repeated,9,107,5,7
TRPMYS25081862b590d8,2025-08-18,KA01,new,23,265,10,10
TRPVAD2508186529aa15,2025-08-18,GJ02,repeated,17,154,7,6
TRPIND25081867c7c654,2025-08-18,MP01,repeated,22,199,7,8
TRPIND25081865c736e3,2025-08-18,MP01,repeated,12,119,7,8
TRPKOC2508184d4c737b,2025-08-18,KL01,new,10,141,10,8
TRPSUR2508184ffcceae,2025-08-18,GJ01,repeated,11,107,6,6
TRPJAI250818231d9914,2025-08-18,RJ01,repeated,42,541,9,8
TRPJAI2508184b709945,2025-08-18,RJ01,new,32,421,8,9
TRPLUC250818d0a14755,2025-08-18,UP01,new,19,197,9,6
TRPJAI250818fa67dac4,2025-08-18,RJ01,repeated,39,505,7,9
TRPLUC2508185fe988fd,2025-08-18,UP01,repeated,16,170,6,6
TRPSUR2508184f55f1aa,2025-08-18,GJ01,repeated,7,75,6,6
TRPVIS250818b80df879,2025-08-18,AP01,repeated,15,162,7,10
TRPJAI250818ae696fe0,2025-08-18,RJ01,repeated,28,373,8,9
TRPJAI250818ef62df5a,2025-08-18,RJ01,repeated,38,493,9,8
TRPCHA250818539b51e6,2025-08-18,CH01,repeated,23,233,9,6
TRPLUC2508184d6653d8,2025-08-18,UP01,repeated,16,170,7,7
TRPLUC25081869b79a4c,2025-08-18,UP01,repeated,10,116,5,8
TRPJAI250818f0969920,2025-08-18,RJ01,new,21,289,8,9
TRPCOI2508182eb1e1bd,2025-08-18,TN01,new,11,111,8,9
TRPVAD2508188b22fab8,2025-08-18,GJ02,repeated,14,130,6,7
TRPVIS250818b5ff8ae7,2025-08-18,AP01,new,18,189,8,8
TRPLUC25081826b26b39,2025-08-18,UP01,repeated,12,134,5,5
TRPJAI250818a6cba109,2025-08-18,RJ01,new,24,325,8,9
TRPJAI250818d7ee86ab,2025-08-18,RJ01,repeated,29,385,9,8
TRPVAD250818a277102e,2025-08-18,GJ02,repeated,18,162,5,8
TRPCHA2508183aa8adf9,2025-08-18,CH01,repeated,17,179,8,9
TRPVAD25081800fede38,2025-08-18,GJ02,repeated,13,122,6,8
TRPLUC2508184d206de7,2025-08-18,UP01,repeated,12,134,6,6
TRPJAI250818a9b1f964,2025-08-18,RJ01,repeated,17,241,9,8
TRPVIS250818be946187,2025-08-18,AP01,repeated,19,198,8,8
TRPCHA2508186db34fee,2025-08-18,CH01,new,33,323,7,7
TRPLUC2508185dbc5cb2,2025-08-18,UP01,repeated,14,152,7,8
TRPLUC25081810237381,2025-08-18,UP01,repeated,6,80,6,5
TRPLUC2508182687c391,2025-08-18,UP01,new,5,71,9,7
TRPLUC2508184870c33a,2025-08-18,UP01,repeated,17,179,5,7
TRPJAI250818265c18ff,2025-08-18,RJ01,new,44,565,9,10
TRPIND2508185fedefdc,2025-08-18,MP01,repeated,8,87,8,7
TRPLUC2508189a14b86c,2025-08-18,UP01,new,14,152,7,6
TRPVIS250818ecbac3bd,2025-08-18,AP01,repeated,16,171,7,10
TRPVAD250818c8157d46,2025-08-18,GJ02,repeated,15,138,5,7
TRPKOC2508182b7e8b72,2025-08-18,KL01,new,32,383,10,8
TRPJAI25081887437d00,2025-08-18,RJ01,repeated,34,445,8,10
TRPJAI250818a086bf62,2025-08-18,RJ01,repeated,38,493,7,9
TRPJAI250818e42aff1f,2025-08-18,RJ01,new,19,265,9,10
TRPJAI250818bb51f9ef,2025-08-18,RJ01,repeated,22,301,9,8
TRPIND250818017e0b6a,2025-08-18,MP01,new,22,199,8,7
TRPSUR2508189b09dfc0,2025-08-18,GJ01,repeated,14,131,7,8
TRPVAD25081805cb06b2,2025-08-18,GJ02,repeated,6,66,6,6
TRPLUC250818eda06c9a,2025-08-18,UP01,repeated,20,206,5,8
TRPIND250818ed9d4cfe,2025-08-18,MP01,new,10,103,7,7
TRPJAI2508188138fc3a,2025-08-18,RJ01,repeated,44,565,8,8
TRPVAD2508187139fc19,2025-08-18,GJ02,new,15,138,9,6
TRPLUC2508181d72e5e1,2025-08-18,UP01,repeated,13,143,7,7
TRPMYS25081831937f22,2025-08-18,KA01,new,22,255,8,9
TRPSUR250818b491ab9b,2025-08-18,GJ01,repeated,9,91,7,8
TRPCOI250818f4fb92ca,2025-08-18,TN01,repeated,10,103,6,8
TRPLUC2508186325987b,2025-08-18,UP01,repeated,6,80,6,6
TRPJAI2508187d5f0953,2025-08-18,RJ01,repeated,20,277,8,9
TRPSUR250818d172303d,2025-08-18,GJ01,repeated,15,139,6,6
TRPVIS250818f12adfe1,2025-08-18,AP01,new,24,243,10,10
TRPJAI2508185220ee00,2025-08-18,RJ01,new,30,397,9,10
TRPJAI25081889457078,2025-08-18,RJ01,repeated,44,565,8,10
TRPJAI25081841b069cc,2025-08-18,RJ01,new,24,325,10,9
TRPVIS250818b16167ec,2025-08-18,AP01,repeated,10,117,7,9
TRPVIS25081808388486,2025-08-18,AP01,new,31,306,9,8
TRPVIS250818b6dae4cf,2025-08-18,AP01,new,26,261,8,8
TRPIND250818c9f9faa4,2025-08-18,MP01,repeated,10,103,9,9
TRPCOI250818fe05f969,2025-08-18,TN01,repeated,9,95,8,8
TRPJAI250818467036f7,2025-08-18,RJ01,repeated,27,361,7,10
TRPKOC250818c876c3ba,2025-08-18,KL01,new,33,394,10,9
TRPKOC2508189898e8a6,2025-08-18,KL01,new,19,240,8,8
TRPLUC2508183d8adf47,2025-08-18,UP01,repeated,11,125,6,5
TRPLUC250818fe5f27ff,2025-08-18,UP01,repeated,18,188,7,8
TRPLUC2508184b79a98b,2025-08-18,UP01,repeated,16,170,7,5
TRPSUR250818f37ff252,2025-08-18,GJ01,repeated,9,91,7,7
TRPLUC250818b7d18745,2025-08-18,UP01,repeated,5,71,7,5
TRPJAI250818809b33cb,2025-08-18,RJ01,new,27,361,9,8
TRPJAI250818f889ea73,2025-08-18,RJ01,repeated,19,265,8,8
TRPSUR250818731b983a,2025-08-18,GJ01,repeated,13,123,5,5
TRPCOI2508189fc7d228,2025-08-18,TN01,new,8,87,10,7
TRPLUC2508183e356899,2025-08-18,UP01,new,15,161,8,6
TRPSUR25081861a3d1d0,2025-08-18,GJ01,repeated,15,139,5,6
TRPJAI2508186b8acb1f,2025-08-18,RJ01,new,21,289,9,9
TRPVAD25081875c4b647,2025-08-18,GJ02,repeated,9,90,5,6
TRPVIS2508187c5a2c39,2025-08-18,AP01,repeated,12,135,8,9
TRPLUC250818a9925e97,2025-08-18,UP01,new,11,125,9,6
TRPLUC250818cc5c24df,2025-08-18,UP01,repeated,15,161,5,7
TRPKOC2508180740d9d6,2025-08-18,KL01,new,23,284,9,9
TRPCOI250818727d0371,2025-08-18,TN01,new,11,111,7,9
TRPSUR250818a2934dba,2025-08-18,GJ01,repeated,7,75,7,8
TRPCHA250818dcab9c20,2025-08-18,CH01,repeated,20,206,8,9
TRPCOI250818828818d7,2025-08-18,TN01,new,15,143,8,9
TRPCHA25081872e6ff07,2025-08-18,CH01,repeated,26,260,6,9
TRPJAI25081849b79af6,2025-08-18,RJ01,new,19,265,10,8
TRPCOI250818aef87903,2025-08-18,TN01,new,10,103,10,8
TRPMYS25081868778eb7,2025-08-18,KA01,new,24,275,8,9
TRPCHA250818f76a6714,2025-08-18,CH01,new,14,152,9,9
TRPVAD2508187c56ddb6,2025-08-18,GJ02,repeated,13,122,7,8
TRPJAI250818d614f97b,2025-08-18,RJ01,new,32,421,9,8
TRPJAI2508182d981ec6,2025-08-18,RJ01,repeated,31,409,9,10
TRPCOI2508182a0af011,2025-08-18,TN01,new,11,111,9,7
TRPVAD250818d374519d,2025-08-18,GJ02,new,10,98,8,8
TRPCOI2508180f1468a7,2025-08-18,TN01,repeated,22,199,7,8
TRPCHA2508185ebd962c,2025-08-18,CH01,new,32,314,7,8
TRPCHA25081802a25e60,2025-08-18,CH01,repeated,29,287,6,7
TRPCHA25081826801aaa,2025-08-18,CH01,repeated,25,251,6,9
TRPCOI25081802c982f2,2025-08-18,TN01,new,10,103,9,9
TRPLUC2508184e45c324,2025-08-18,UP01,repeated,7,89,5,7
TRPCOI2508180f9e7d91,2025-08-18,TN01,new,10,103,9,9
TRPVIS250818b3e81c64,2025-08-18,AP01,new,10,117,9,8
TRPJAI250818150aa8e8,2025-08-18,RJ01,repeated,45,577,7,10
TRPLUC250818fb979a90,2025-08-18,UP01,repeated,19,197,6,5
TRPVIS25081877a0461a,2025-08-18,AP01,repeated,28,279,7,10
TRPVIS25081883f4101f,2025-08-18,AP01,new,18,189,9,10
TRPLUC250818d29fe146,2025-08-18,UP01,new,16,170,8,6
TRPCHA250818536ddac3,2025-08-18,CH01,new,13,143,8,9
TRPCHA2508188c8b7221,2025-08-18,CH01,new,19,197,7,8
TRPCOI250818c3726670,2025-08-18,TN01,new,17,159,9,8
TRPVAD250818e2b8094f,2025-08-18,GJ02,repeated,18,162,7,5
TRPKOC250818d4559ea5,2025-08-18,KL01,repeated,26,317,8,10
TRPMYS2508188d52ce02,2025-08-18,KA01,new,10,135,8,8
TRPLUC25081869456664,2025-08-18,UP01,new,11,125,7,6
TRPLUC250818ab71b6d2,2025-08-18,UP01,repeated,12,134,5,6
TRPJAI25081858e77bc2,2025-08-18,RJ01,repeated,36,469,7,8
TRPSUR2508184500aa15,2025-08-18,GJ01,repeated,8,83,7,8
TRPVAD2508181f1a4967,2025-08-18,GJ02,new,11,106,7,8
TRPLUC2508183d7516f9,2025-08-18,UP01,repeated,17,179,7,7
TRPCOI2508181b5960bf,2025-08-18,TN01,repeated,18,167,9,7
TRPIND2508187ae657be,2025-08-18,MP01,repeated,11,111,6,7
TRPJAI250818b6376fd1,2025-08-18,RJ01,repeated,17,241,7,8
TRPLUC2508188a2006ea,2025-08-18,UP01,new,14,152,7,7
TRPSUR2508182c8963a3,2025-08-18,GJ01,new,7,75,7,7
TRPSUR2508188c6ba462,2025-08-18,GJ01,repeated,16,147,7,6
TRPLUC25081886cdf4a2,2025-08-18,UP01,repeated,20,206,6,6
TRPCHA250818851a31f5,2025-08-18,CH01,repeated,30,296,7,8
TRPSUR2508184f0d4257,2025-08-18,GJ01,repeated,9,91,6,6
TRPSUR2508189feea260,2025-08-18,GJ01,repeated,15,139,7,5
TRPLUC250818fc384b81,2025-08-18,UP01,repeated,18,188,7,5
TRPKOC2508187b9a5967,2025-08-18,KL01,new,35,416,8,8
TRPLUC250818c5ae39ff,2025-08-18,UP01,repeated,7,89,7,7
TRPVIS2508189354d61b,2025-08-18,AP01,new,16,171,9,10
TRPMYS25081832c7b4fc,2025-08-18,KA01,new,25,285,10,10
TRPIND250818df8b13c1,2025-08-18,MP01,repeated,11,111,9,6
TRPVIS250818fd6b7c73,2025-08-18,AP01,repeated,16,171,9,8
TRPIND25081819297de6,2025-08-18,MP01,new,13,127,10,8
TRPJAI2508181749ffde,2025-08-18,RJ01,new,45,577,10,9
TRPJAI2508188ef4ca2a,2025-08-18,RJ01,repeated,21,289,9,8
TRPIND250818e1c235c9,2025-08-18,MP01,repeated,19,175,9,9
TRPJAI2508181b323628,2025-08-18,RJ01,new,15,217,10,8
TRPJAI2508185ed75763,2025-08-18,RJ01,repeated,16,229,9,10
TRPLUC250818e4314e29,2025-08-18,UP01,repeated,9,107,5,6
TRPJAI2508183097b785,2025-08-18,RJ01,repeated,41,529,8,10
TRPJAI2508184cc3a932,2025-08-18,RJ01,new,45,577,8,10
TRPLUC2508189d846428,2025-08-18,UP01,new,14,152,9,7
TRPIND25081857171891,2025-08-18,MP01,new,25,223,10,7
TRPSUR250818f1e3cef4,2025-08-18,GJ01,repeated,14,131,5,6
TRPCHA25081801469e6c,2025-08-18,CH01,repeated,19,197,8,7
TRPLUC250818561e4fbc,2025-08-18,UP01,repeated,14,152,6,6
TRPVIS250818972f4dbb,2025-08-18,AP01,repeated,27,270,7,10
TRPSUR250818c0dcfa5f,2025-08-18,GJ01,repeated,17,155,6,8
TRPSUR250818da94de05,2025-08-18,GJ01,new,11,107,7,6
TRPKOC2508189d8b32b8,2025-08-18,KL01,repeated,35,416,9,9
TRPSUR250818f2cdc68d,2025-08-18,GJ01,repeated,7,75,6,7
TRPLUC250818acf0034c,2025-08-18,UP01,repeated,15,161,6,5
TRPLUC250818cd268c2c,2025-08-18,UP01,new,19,197,7,7
TRPKOC25081852ec6b8d,2025-08-18,KL01,new,31,372,10,9
TRPVIS250818acdcfba1,2025-08-18,AP01,repeated,34,333,7,8
TRPJAI250818383c06fb,2025-08-18,RJ01,repeated,25,337,9,10
TRPSUR2508183ae5b291,2025-08-18,GJ01,repeated,17,155,6,7
TRPSUR25081825ce50df,2025-08-18,GJ01,repeated,14,131,6,8
TRPVIS250818561ce8bf,2025-08-18,AP01,new,24,243,8,8
TRPLUC250818314447af,2025-08-18,UP01,repeated,13,143,7,5
TRPLUC2508187f444582,2025-08-18,UP01,repeated,10,116,6,6
TRPVIS250818d7d479e4,2025-08-18,AP01,new,16,171,8,9
TRPJAI250818ce67a2ec,2025-08-18,RJ01,new,33,433,8,9
TRPCHA250818b4533c86,2025-08-18,CH01,repeated,26,260,7,7
TRPJAI2508181d3a475c,2025-08-18,RJ01,repeated,21,289,7,8
TRPJAI25081850759040,2025-08-18,RJ01,repeated,44,565,7,8
TRPSUR250818251c2176,2025-08-18,GJ01,repeated,10,99,7,5
TRPVAD25081871f03598,2025-08-18,GJ02,repeated,16,146,6,6
TRPJAI250818487c8c3d,2025-08-18,RJ01,repeated,27,361,8,8
TRPVIS250818748e4803,2025-08-18,AP01,repeated,10,117,8,10
TRPCHA25081823f50d35,2025-08-18,CH01,repeated,29,287,7,8
TRPIND25081876759fb7,2025-08-18,MP01,repeated,12,119,6,8
TRPIND250818cc63224c,2025-08-18,MP01,repeated,8,87,8,6
TRPLUC250818d9d0b736,2025-08-18,UP01,new,13,143,8,6
TRPSUR250818b37d0fcf,2025-08-18,GJ01,repeated,11,107,5,5
TRPSUR250818de47f169,2025-08-18,GJ01,new,5,59,8,8
TRPIND25081820cf0431,2025-08-18,MP01,repeated,16,151,8,8
TRPMYS250818943a02e9,2025-08-18,KA01,repeated,21,245,7,9
TRPKOC25081826fed3dc,2025-08-18,KL01,repeated,36,427,7,8
TRPVIS250818d9624d78,2025-08-18,AP01,new,20,207,8,9
TRPVAD25081868acf6ce,2025-08-18,GJ02,repeated,5,58,5,7
TRPJAI250818c822a759,2025-08-18,RJ01,new,24,325,8,10
TRPIND250818e898d501,2025-08-18,MP01,repeated,10,103,9,6
TRPSUR25081846fc2d52,2025-08-18,GJ01,new,6,67,9,6
TRPSUR250818f79e04a5,2025-08-18,GJ01,new,9,91,7,6
TRPSUR25081895dca641,2025-08-18,GJ01,repeated,11,107,7,8
TRPKOC2508183c0dd328,2025-08-18,KL01,repeated,11,152,8,8
TRPLUC250818e1f091bf,2025-08-18,UP01,repeated,7,89,5,8
TRPVAD25081842ed0bb9,2025-08-18,GJ02,repeated,17,154,5,5
TRPSUR250818dbf3d1bd,2025-08-18,GJ01,repeated,11,107,5,7
TRPCHA250818db165431,2025-08-18,CH01,new,22,224,9,8
TRPJAI250818945c968e,2025-08-18,RJ01,new,42,541,8,8
TRPSUR250818dd121992,2025-08-18,GJ01,new,12,115,7,8
TRPVAD250818450aacf6,2025-08-18,GJ02,repeated,6,66,5,8
TRPCHA2508188c306025,2025-08-18,CH01,new,26,260,10,8
TRPCOI250818575b24cf,2025-08-18,TN01,repeated,20,183,6,8
TRPCHA250818340e7574,2025-08-18,CH01,new,25,251,9,9
TRPVAD25081884ccd3ef,2025-08-18,GJ02,new,12,114,7,7
TRPSUR250818d3f9fc4c,2025-08-18,GJ01,new,13,123,9,6
TRPVIS250818ac2418ef,2025-08-18,AP01,repeated,35,342,9,8
TRPSUR2508188dff5c7a,2025-08-18,GJ01,repeated,8,83,7,8
TRPSUR250818ffea04db,2025-08-18,GJ01,repeated,16,147,6,5
TRPJAI250818d0373fbe,2025-08-18,RJ01,new,41,529,8,9
TRPLUC2508189a645ec8,2025-08-18,UP01,new,16,170,7,6
TRPKOC250818313df75b,2025-08-18,KL01,repeated,28,339,8,10
TRPMYS250818fe92e2cb,2025-08-18,KA01,new,14,175,8,10
TRPKOC250818c220f663,2025-08-18,KL01,new,28,339,10,8
TRPJAI2508188b1e1ea5,2025-08-18,RJ01,repeated,34,445,8,8
TRPJAI250818fbcbc2bc,2025-08-18,RJ01,repeated,24,325,9,8
TRPCOI25081827910d64,2025-08-18,TN01,new,12,119,8,9
TRPCHA25081882c28777,2025-08-18,CH01,repeated,17,179,6,6
TRPVAD2508188cbb43f1,2025-08-18,GJ02,repeated,7,74,5,7
TRPJAI250818db0402dc,2025-08-18,RJ01,new,39,505,9,10
TRPVIS2508185b5a8e5d,2025-08-18,AP01,new,18,189,8,10
TRPJAI25081803b08c78,2025-08-18,RJ01,repeated,22,301,7,8
TRPJAI250818b238cc1d,2025-08-18,RJ01,new,20,277,9,10
TRPVAD250818aa8b4f9e,2025-08-18,GJ02,repeated,12,114,5,7
TRPKOC250818fe3831da,2025-08-18,KL01,repeated,14,185,9,9
TRPVAD250818fc987d30,2025-08-18,GJ02,repeated,12,114,6,7
TRPJAI25081871a2c098,2025-08-18,RJ01,new,19,265,8,10
TRPKOC250818b77688f9,2025-08-18,KL01,repeated,24,295,9,9
TRPJAI250818129ba1e1,2025-08-18,RJ01,new,23,313,10,8
TRPLUC25081853c4b419,2025-08-18,UP01,new,11,125,8,7
TRPIND250818319ea269,2025-08-18,MP01,repeated,8,87,8,7
TRPIND2508185d06b3ae,2025-08-18,MP01,repeated,23,207,6,7
TRPJAI25081870e00c79,2025-08-18,RJ01,new,18,253,10,9
TRPJAI2508186206801e,2025-08-18,RJ01,new,15,217,9,9
TRPMYS250818fe1911a8,2025-08-18,KA01,new,15,185,10,10
TRPSUR250818fe8afcab,2025-08-18,GJ01,repeated,14,131,7,6
TRPSUR250818f085f032,2025-08-18,GJ01,new,7,75,7,7
TRPSUR25081809734320,2025-08-18,GJ01,repeated,13,123,7,5
TRPLUC2508189e14a14c,2025-08-18,UP01,new,17,179,8,8
TRPLUC25081817025d05,2025-08-18,UP01,repeated,16,170,6,8
TRPKOC25081853949855,2025-08-18,KL01,repeated,20,251,8,9
TRPJAI250818ef2a7710,2025-08-18,RJ01,repeated,45,577,7,10
TRPJAI2508181bbbd033,2025-08-18,RJ01,repeated,36,469,8,9
TRPJAI250818e79c78ff,2025-08-18,RJ01,new,35,457,9,9
TRPSUR250818ba3b7039,2025-08-18,GJ01,repeated,7,75,5,5
TRPSUR2508184c471fa9,2025-08-18,GJ01,new,10,99,8,6
TRPJAI2508189faa4499,2025-08-18,RJ01,repeated,27,361,8,9
TRPVAD25081899f4559c,2025-08-18,GJ02,repeated,17,154,7,5
TRPKOC2508181db6d892,2025-08-18,KL01,repeated,20,251,8,8
TRPKOC250818cc8d5541,2025-08-18,KL01,new,37,438,8,8
TRPCHA25081854b3b7aa,2025-08-18,CH01,repeated,24,242,6,6
TRPJAI25081841fcff30,2025-08-18,RJ01,repeated,38,493,8,8
TRPCHA25081855fdc13b,2025-08-18,CH01,new,32,314,9,8
TRPMYS2508185ac49ae4,2025-08-18,KA01,new,24,275,9,9
TRPLUC250818a91632c3,2025-08-18,UP01,repeated,17,179,6,8
TRPLUC25081872977dc1,2025-08-18,UP01,new,6,80,7,6
TRPKOC25081852e84c8a,2025-08-18,KL01,new,22,273,9,8
TRPVAD250818f4e4a644,2025-08-18,GJ02,repeated,6,66,6,5
TRPLUC25081866d3394d,2025-08-18,UP01,repeated,13,143,6,8
TRPLUC25081885dd6577,2025-08-18,UP01,repeated,12,134,7,6
TRPCHA2508180fa2d419,2025-08-18,CH01,new,27,269,10,8
TRPSUR25081858e4beed,2025-08-18,GJ01,repeated,9,91,5,7
TRPJAI2508188c3d4f2c,2025-08-18,RJ01,new,40,517,10,10
TRPJAI2508180e933538,2025-08-18,RJ01,new,31,409,10,10
TRPLUC250818c2293d56,2025-08-18,UP01,repeated,17,179,6,8
TRPCOI250818ce3dbb8c,2025-08-18,TN01,repeated,12,119,7,7
TRPLUC2508187efd2fd1,2025-08-18,UP01,repeated,9,107,6,7
TRPCHA250818037f4bbf,2025-08-18,CH01,repeated,31,305,9,9
TRPIND250818d814b8e6,2025-08-18,MP01,repeated,13,127,8,7
TRPLUC2508182b91c1d8,2025-08-18,UP01,new,7,89,8,7
TRPLUC250818130c118d,2025-08-18,UP01,repeated,20,206,5,6
TRPVAD250818dba79d0f,2025-08-18,GJ02,new,9,90,9,8
TRPJAI25081835efb017,2025-08-18,RJ01,new,30,397,9,8
TRPCHA2508182b62aba1,2025-08-18,CH01,repeated,12,134,8,6
TRPVIS2508188064e1f0,2025-08-18,AP01,repeated,19,198,7,9
TRPLUC25081835daf06d,2025-08-18,UP01,repeated,15,161,7,8
TRPJAI25081811e92aaf,2025-08-18,RJ01,new,26,349,8,8
TRPKOC250818e18863f1,2025-08-18,KL01,repeated,25,306,7,9
TRPSUR2508180f0a9869,2025-08-18,GJ01,repeated,9,91,6,8
TRPIND25081895cc856f,2025-08-18,MP01,repeated,20,183,6,8
TRPJAI250818f792a1a3,2025-08-18,RJ01,new,17,241,8,9
TRPVIS2508180950876c,2025-08-18,AP01,repeated,25,252,7,8
TRPSUR250818a40e3ae0,2025-08-18,GJ01,repeated,16,147,5,8
TRPJAI250818dddbf306,2025-08-18,RJ01,new,17,241,9,8
TRPLUC250818518e49f1,2025-08-18,UP01,repeated,18,188,6,8
TRPLUC250818f568d7e9,2025-08-18,UP01,new,9,107,8,6
TRPKOC25081839dabb26,2025-08-18,KL01,new,32,383,8,10
TRPIND250818ca36279c,2025-08-18,MP01,repeated,9,95,9,6
TRPSUR2508186ecef82a,2025-08-18,GJ01,repeated,17,155,7,8
TRPSUR2508182d6c53c6,2025-08-18,GJ01,new,6,67,8,6
TRPIND250818fdfb0e9d,2025-08-18,MP01,repeated,9,95,8,6
TRPLUC2508186375be86,2025-08-18,UP01,repeated,9,107,7,7
TRPSUR25081854941084,2025-08-18,GJ01,repeated,11,107,5,8
TRPJAI250818916f4f4e,2025-08-18,RJ01,repeated,39,505,9,10
TRPSUR250818308bee25,2025-08-18,GJ01,new,14,131,7,6
TRPLUC25081855c2a778,2025-08-18,UP01,repeated,10,116,6,6
TRPJAI25081822b82286,2025-08-18,RJ01,new,22,301,8,10
TRPKOC25081852728c44,2025-08-18,KL01,new,35,416,8,8
TRPJAI2508186bf81f79,2025-08-18,RJ01,repeated,32,421,9,10
TRPLUC2508189c1bf4eb,2025-08-18,UP01,repeated,10,116,5,8
TRPVAD250818c4a120e2,2025-08-18,GJ02,new,16,146,9,7
TRPMYS250818e4b8b415,2025-08-18,KA01,new,19,225,8,9
TRPLUC250818eb0810d0,2025-08-18,UP01,repeated,10,116,7,6
TRPSUR250818fc47d7ab,2025-08-18,GJ01,repeated,9,91,6,8
TRPLUC250818593263c5,2025-08-18,UP01,repeated,19,197,7,7
TRPIND250818152ff2ad,2025-08-18,MP01,new,19,175,9,9
TRPIND2508184a696d80,2025-08-18,MP01,repeated,11,111,8,9
TRPCHA2508180e694daa,2025-08-18,CH01,repeated,22,224,7,9
TRPJAI250818c8ae7d75,2025-08-18,RJ01,repeated,27,361,8,10
TRPJAI25081872c2d624,2025-08-18,RJ01,new,40,517,9,8
TRPJAI250818316a51eb,2025-08-18,RJ01,new,24,325,8,9
TRPCHA250818cef7a2f2,2025-08-18,CH01,new,19,197,9,7
TRPLUC25081803a8d4ce,2025-08-18,UP01,repeated,6,80,7,6
TRPJAI250818d6f55f18,2025-08-18,RJ01,new,15,217,8,9
TRPLUC25081803f450aa,2025-08-18,UP01,new,14,152,8,7
TRPLUC250818e46bbcbe,2025-08-18,UP01,repeated,15,161,7,6
TRPSUR2508188977c828,2025-08-18,GJ01,repeated,11,107,6,7
TRPIND25081875fefb02,2025-08-18,MP01,repeated,14,135,9,9
TRPCOI2508183b49b909,2025-08-18,TN01,repeated,15,143,7,6
TRPIND250818cae5c251,2025-08-18,MP01,new,18,167,8,9
TRPCOI2508186a7ac17e,2025-08-18,TN01,new,12,119,10,7
TRPVAD25081815bc8456,2025-08-18,GJ02,repeated,9,90,5,6
TRPCOI250818e6a7410f,2025-08-18,TN01,new,19,175,10,8
TRPKOC25081801881840,2025-08-18,KL01,repeated,12,163,9,8
TRPCOI2508182264b2bf,2025-08-18,TN01,new,8,87,10,9
TRPLUC2508180c54321a,2025-08-18,UP01,new,6,80,7,8
TRPSUR250818b7178f33,2025-08-18,GJ01,repeated,12,115,5,6
TRPIND25081885966409,2025-08-18,MP01,new,13,127,8,9
TRPLUC25081854e3cc71,2025-08-18,UP01,repeated,9,107,7,7
TRPJAI2508187ea4bf6a,2025-08-18,RJ01,repeated,43,553,9,8
TRPSUR2508182b3c7834,2025-08-18,GJ01,repeated,9,91,7,5
TRPKOC2508186af580ef,2025-08-18,KL01,new,10,141,8,9
TRPVIS250818ad9e0a33,2025-08-18,AP01,new,13,144,9,10
TRPVIS2508187e278dc2,2025-08-18,AP01,repeated,24,243,8,8
TRPCOI25081867b48fe1,2025-08-18,TN01,repeated,21,191,6,8
TRPLUC250818b1ad950d,2025-08-18,UP01,repeated,6,80,6,7
TRPSUR2508182b5dd255,2025-08-18,GJ01,repeated,7,75,6,5
TRPJAI2508183f8c2a20,2025-08-18,RJ01,new,19,265,8,8
TRPVAD250818e368dce2,2025-08-18,GJ02,repeated,11,106,7,7
TRPLUC250818095a2bd0,2025-08-18,UP01,new,17,179,9,6
TRPSUR2508181509fea3,2025-08-18,GJ01,repeated,11,107,6,7
TRPJAI250818e01af94a,2025-08-18,RJ01,new,39,505,10,8
TRPLUC2508184a49eeee,2025-08-18,UP01,repeated,8,98,6,5
TRPLUC2508185a6682ee,2025-08-18,UP01,repeated,18,188,5,8
TRPVIS25081860be107f,2025-08-18,AP01,repeated,11,126,9,10
TRPSUR2508186e248901,2025-08-18,GJ01,repeated,12,115,5,5
TRPJAI250818c13e6b87,2025-08-18,RJ01,new,32,421,10,9
TRPSUR250818d22b224d,2025-08-18,GJ01,repeated,10,99,7,5
TRPSUR25081832c9bd6e,2025-08-18,GJ01,repeated,11,107,6,5
TRPLUC2508188c67fc81,2025-08-18,UP01,repeated,18,188,7,6
TRPJAI250818d9824f4e,2025-08-18,RJ01,new,39,505,10,10
TRPJAI250818f951bfa9,2025-08-18,RJ01,repeated,33,433,9,10
TRPVAD250818614b3f98,2025-08-18,GJ02,repeated,6,66,5,5
TRPCHA25081853a2882f,2025-08-18,CH01,repeated,13,143,7,7
TRPIND250818d349186e,2025-08-18,MP01,repeated,21,191,6,9
TRPSUR2508183757ad31,2025-08-18,GJ01,repeated,16,147,5,7
TRPCOI2508183d144889,2025-08-18,TN01,new,14,135,9,7
TRPLUC250818f9cbd769,2025-08-18,UP01,repeated,8,98,6,6
TRPVAD25081878935d17,2025-08-18,GJ02,new,14,130,7,8
TRPVAD250818ac67fdbc,2025-08-18,GJ02,new,9,90,8,7
TRPJAI250818ef4d8c44,2025-08-18,RJ01,new,39,505,9,8
TRPJAI2508180e85d45a,2025-08-18,RJ01,new,15,217,10,10
TRPIND2508181f53e4b7,2025-08-18,MP01,repeated,19,175,7,6
TRPLUC250818dda59b9a,2025-08-18,UP01,repeated,13,143,5,8
TRPLUC2508187706a75a,2025-08-18,UP01,repeated,15,161,7,5
TRPJAI250818e778d05f,2025-08-18,RJ01,new,34,445,8,10
TRPSUR2508184dbfbe96,2025-08-18,GJ01,repeated,10,99,7,5
TRPJAI250818015db2c0,2025-08-18,RJ01,repeated,16,229,8,8
TRPLUC2508187e636b63,2025-08-18,UP01,repeated,9,107,7,7
TRPSUR2508188dfc7385,2025-08-18,GJ01,repeated,10,99,7,7
TRPLUC25081864df0e4f,2025-08-18,UP01,repeated,5,71,6,7
TRPLUC250818dfd77cdc,2025-08-18,UP01,repeated,7,89,7,8
TRPJAI2508182bd301a4,2025-08-18,RJ01,new,33,433,9,10
TRPKOC25081887d3df2f,2025-08-18,KL01,repeated,22,273,7,9
TRPJAI25081811000109,2025-08-18,RJ01,new,29,385,10,8
TRPLUC250818da7aafea,2025-08-18,UP01,repeated,19,197,6,6
TRPLUC250818a96966f7,2025-08-18,UP01,repeated,9,107,6,7
TRPLUC25081879b0d07d,2025-08-18,UP01,new,15,161,8,8
TRPLUC250818779a7942,2025-08-18,UP01,repeated,9,107,7,8
TRPSUR25081877ced39b,2025-08-18,GJ01,new,5,59,8,7
TRPJAI250818f41819ce,2025-08-18,RJ01,repeated,27,361,9,8
TRPCHA2508180f350c2e,2025-08-18,CH01,repeated,24,242,6,8
TRPLUC250818a48aa39e,2025-08-18,UP01,new,10,116,7,7
TRPCOI250818e23de75a,2025-08-18,TN01,new,15,143,10,7
TRPSUR25081850fd7d78,2025-08-18,GJ01,repeated,8,83,7,5
TRPMYS250818c29fa7c8,2025-08-18,KA01,new,18,215,10,8
TRPSUR2508188fd6e845,2025-08-18,GJ01,new,12,115,9,6
TRPCHA250818f45a4137,2025-08-18,CH01,repeated,19,197,9,9
TRPKOC25081893c0f5c0,2025-08-18,KL01,new,13,174,10,9
TRPVAD250818be53add9,2025-08-18,GJ02,repeated,10,98,5,8
TRPKOC2508188eb92014,2025-08-18,KL01,new,30,361,9,10
TRPLUC250818245fcc8c,2025-08-18,UP01,new,18,188,7,8
TRPLUC2508186e4883f8,2025-08-18,UP01,repeated,18,188,7,7
TRPLUC25081831a9abea,2025-08-18,UP01,repeated,13,143,6,8
TRPJAI25081829d27a94,2025-08-18,RJ01,new,22,301,10,9
TRPCHA250818f7214a7d,2025-08-18,CH01,repeated,19,197,6,6
TRPLUC25081816bd88bf,2025-08-18,UP01,repeated,11,125,5,8
TRPVAD2508188f7775a7,2025-08-18,GJ02,new,11,106,8,6
TRPCHA250818683e6afa,2025-08-18,CH01,repeated,31,305,9,7
TRPVAD2508188001b343,2025-08-18,GJ02,repeated,6,66,7,5
TRPIND25081834015a99,2025-08-18,MP01,new,8,87,7,8
TRPJAI2508181c72fafe,2025-08-18,RJ01,new,42,541,10,8
TRPVAD250818639de564,2025-08-18,GJ02,repeated,13,122,7,6
TRPLUC250818286540df,2025-08-18,UP01,repeated,8,98,7,6
TRPIND250818af974c14,2025-08-18,MP01,repeated,11,111,8,9
TRPCHA2508184d09d4d6,2025-08-18,CH01,repeated,27,269,7,8
TRPIND250818dc321980,2025-08-18,MP01,repeated,17,159,7,8
TRPIND250818f03af9fc,2025-08-18,MP01,new,17,159,9,8
TRPLUC250818838e025f,2025-08-18,UP01,repeated,13,143,5,8
TRPLUC250818037f65de,2025-08-18,UP01,new,18,188,7,7
TRPKOC2508187031b916,2025-08-18,KL01,new,10,141,10,9
TRPKOC25081806a22b5a,2025-08-18,KL01,repeated,14,185,9,10
TRPSUR250818a379ed09,2025-08-18,GJ01,new,17,155,7,8
TRPVAD250818056f71b9,2025-08-18,GJ02,repeated,12,114,5,8
TRPJAI250818e3c0da46,2025-08-18,RJ01,new,28,373,10,8
TRPLUC2508185df6ff2f,2025-08-18,UP01,repeated,15,161,5,8
TRPVIS25081874a6a04a,2025-08-18,AP01,new,31,306,10,8
TRPLUC250818bfd7b9ba,2025-08-18,UP01,repeated,10,116,7,8
TRPIND2508185c92a39e,2025-08-18,MP01,repeated,19,175,7,8
TRPCHA250818759399a6,2025-08-18,CH01,new,31,305,9,9
TRPLUC2508184564f1d9,2025-08-18,UP01,repeated,10,116,6,6
TRPJAI250818d093ee55,2025-08-18,RJ01,repeated,41,529,9,8
TRPVAD250818efc69758,2025-08-18,GJ02,repeated,17,154,5,6
TRPLUC250818d3aca336,2025-08-18,UP01,new,15,161,7,8
TRPCHA250818f19e51a4,2025-08-18,CH01,repeated,24,242,6,6
TRPLUC250818b04f0265,2025-08-18,UP01,repeated,18,188,7,8
TRPVAD250818aa001785,2025-08-18,GJ02,repeated,5,58,7,6
TRPVAD2508185f9d9121,2025-08-18,GJ02,new,12,114,8,6
TRPSUR25081827f8e1c2,2025-08-18,GJ01,new,14,131,8,6
TRPVIS2508180c3d54ab,2025-08-18,AP01,repeated,21,216,9,8
TRPIND25081866f353bc,2025-08-18,MP01,new,14,135,9,9
TRPIND25081898c6eb76,2025-08-18,MP01,new,17,159,7,7
TRPCHA2508188e431642,2025-08-18,CH01,new,30,296,10,9
TRPKOC250818208724a5,2025-08-18,KL01,new,13,174,10,8
TRPJAI250818b02f8a7c,2025-08-18,RJ01,new,45,577,10,8
TRPCOI250818ebec29a4,2025-08-18,TN01,repeated,21,191,8,8
TRPLUC2508185f70efe6,2025-08-18,UP01,repeated,14,152,6,7
TRPIND250818c6eacc3b,2025-08-18,MP01,repeated,18,167,8,7
TRPKOC25081870a5bf10,2025-08-18,KL01,new,37,438,10,10
TRPIND25081892ef7e56,2025-08-18,MP01,repeated,22,199,6,9
TRPLUC2508186979c3b5,2025-08-18,UP01,repeated,16,170,6,7
TRPLUC25081809e239b8,2025-08-18,UP01,new,5,71,8,6
TRPSUR25081837ae4fc4,2025-08-18,GJ01,new,13,123,8,6
TRPJAI250818b5ce6d66,2025-08-18,RJ01,repeated,31,409,9,8
TRPIND250818d104dac7,2025-08-18,MP01,repeated,24,215,6,6
TRPVAD250818d3bcfb49,2025-08-18,GJ02,new,12,114,8,8
TRPSUR250818b3c24564,2025-08-18,GJ01,repeated,16,147,6,7
TRPSUR250818622c9898,2025-08-18,GJ01,repeated,5,59,6,8
TRPJAI250818a0ddd31e,2025-08-18,RJ01,repeated,17,241,8,10
TRPLUC2508183bbc3332,2025-08-18,UP01,repeated,5,71,6,7
TRPKOC250818733c87c1,2025-08-18,KL01,repeated,33,394,9,9
TRPIND2508181a839d0d,2025-08-18,MP01,new,8,87,7,7
TRPKOC25081829fc9d44,2025-08-18,KL01,new,34,405,8,8
TRPVIS2508182bc853f5,2025-08-18,AP01,repeated,23,234,7,8
TRPCOI250818ffeebd50,2025-08-18,TN01,repeated,12,119,7,8
TRPSUR250818b7d9f619,2025-08-18,GJ01,repeated,15,139,6,6
TRPCHA250818168851f3,2025-08-18,CH01,repeated,14,152,8,9
TRPCOI2508180285e7d5,2025-08-18,TN01,repeated,20,183,6,7
TRPJAI250818af8e09e7,2025-08-18,RJ01,repeated,29,385,7,9
TRPIND250818da781b4e,2025-08-18,MP01,new,8,87,10,9
TRPKOC25081811b47132,2025-08-18,KL01,repeated,35,416,8,10
TRPLUC250818b9a87d24,2025-08-18,UP01,repeated,11,125,6,7
TRPCHA250818d6ca3760,2025-08-18,CH01,new,15,161,10,8
TRPCOI25081881790866,2025-08-18,TN01,repeated,18,167,6,7
TRPIND250818713abbe4,2025-08-18,MP01,repeated,17,159,6,9
TRPLUC2508183f971a54,2025-08-18,UP01,new,13,143,8,8
TRPLUC25081879c67924,2025-08-18,UP01,repeated,17,179,5,6
TRPLUC250818a32de284,2025-08-18,UP01,repeated,6,80,7,6
TRPLUC25081883ec2e7c,2025-08-18,UP01,repeated,7,89,7,7
TRPJAI250818ceb4572c,2025-08-18,RJ01,new,45,577,8,10
TRPKOC250818dfdb8845,2025-08-18,KL01,repeated,14,185,9,9
TRPVAD2508181d9f81b2,2025-08-18,GJ02,repeated,7,74,7,8
TRPKOC250818495c2ebc,2025-08-18,KL01,repeated,23,284,9,10
TRPLUC250818fa2f12cf,2025-08-18,UP01,repeated,17,179,7,5
TRPIND25081811067c63,2025-08-18,MP01,new,19,175,7,8
TRPSUR250818967c007b,2025-08-18,GJ01,repeated,8,83,6,7
TRPCOI250818318eccbc,2025-08-18,TN01,repeated,17,159,7,7
TRPVIS2508184e262332,2025-08-18,AP01,new,31,306,9,10
TRPMYS250818e48d4683,2025-08-18,KA01,new,19,225,8,9
TRPKOC250818b0eb0884,2025-08-18,KL01,repeated,38,449,8,9
TRPMYS2508184719323c,2025-08-18,KA01,new,16,195,10,10
TRPCHA25081884808d1a,2025-08-18,CH01,repeated,21,215,6,6
TRPJAI250818f22e5ef0,2025-08-18,RJ01,repeated,25,337,8,9
TRPLUC2508186dd820cc,2025-08-18,UP01,new,13,143,8,7
TRPIND2508189f9b9287,2025-08-18,MP01,repeated,11,111,6,9
TRPIND250818746bc0c6,2025-08-18,MP01,repeated,11,111,8,6
TRPSUR250818b3c9f547,2025-08-18,GJ01,repeated,13,123,7,8
TRPJAI250818d590015e,2025-08-18,RJ01,new,16,229,9,10
TRPSUR25081807489d8d,2025-08-18,GJ01,new,10,99,8,6
TRPMYS2508189acf10d3,2025-08-18,KA01,new,13,165,8,9
TRPLUC250818aaa9e559,2025-08-18,UP01,repeated,10,116,7,8
TRPKOC250818d2c2dab6,2025-08-18,KL01,new,12,163,8,10
TRPLUC2508181ed8f4f0,2025-08-18,UP01,repeated,15,161,7,6
TRPLUC250818e7f141ae,2025-08-18,UP01,new,11,125,7,7
TRPSUR250818ce10d1e5,2025-08-18,GJ01,repeated,13,123,7,5
TRPVAD250818f19926c5,2025-08-18,GJ02,new,8,82,8,8
TRPJAI250818ffd42eeb,2025-08-18,RJ01,new,37,481,10,8
TRPVAD25081814ca683c,2025-08-18,GJ02,repeated,7,74,6,8
TRPLUC2508182e7e2b32,2025-08-18,UP01,repeated,11,125,7,6
TRPJAI25081854a2c512,2025-08-18,RJ01,repeated,40,517,8,9
TRPJAI250818cd8a98e2,2025-08-18,RJ01,new,17,241,9,8
TRPIND2508189f899387,2025-08-18,MP01,new,18,167,10,8
TRPSUR250818223d32c0,2025-08-18,GJ01,repeated,17,155,5,5
TRPCOI250818e8f14081,2025-08-18,TN01,repeated,22,199,7,8
TRPKOC2508188ca20275,2025-08-18,KL01,new,35,416,9,8
TRPLUC2508185854ff73,2025-08-18,UP01,repeated,12,134,6,5
TRPIND250818c84c1370,2025-08-18,MP01,repeated,21,191,8,9
TRPCOI250818917b8077,2025-08-18,TN01,repeated,16,151,8,8
TRPLUC250818883678da,2025-08-18,UP01,repeated,7,89,6,5
TRPKOC250818707579fc,2025-08-18,KL01,new,34,405,8,9
TRPSUR25081861f672b6,2025-08-18,GJ01,new,16,147,8,8
TRPJAI25081814aaa48f,2025-08-18,RJ01,repeated,37,481,9,10
TRPLUC2508182241a6f3,2025-08-18,UP01,new,8,98,7,6
TRPIND250818936bfde1,2025-08-18,MP01,new,14,135,9,9
TRPJAI250818c3b13923,2025-08-18,RJ01,repeated,23,313,8,10
TRPKOC250818dea82649,2025-08-18,KL01,new,11,152,8,10
TRPVIS25081838a5bf23,2025-08-18,AP01,repeated,26,261,9,10
TRPVAD250818fc732e0d,2025-08-18,GJ02,repeated,6,66,7,8
TRPVAD25081862e471ba,2025-08-18,GJ02,repeated,13,122,6,6
TRPIND250818c7ff5ae5,2025-08-18,MP01,new,11,111,8,7
TRPVAD250818f1fd94eb,2025-08-18,GJ02,repeated,8,82,5,6
TRPSUR250818a89fdf4f,2025-08-18,GJ01,repeated,14,131,5,6
TRPSUR2508180bba50c2,2025-08-18,GJ01,repeated,17,155,6,8
TRPJAI2508187f3bc088,2025-08-18,RJ01,repeated,15,217,7,9
TRPVIS2508186fdeb008,2025-08-18,AP01,new,12,135,9,9
TRPSUR2508182dda25b1,2025-08-18,GJ01,new,7,75,8,6
TRPSUR250818b3746763,2025-08-18,GJ01,repeated,11,107,7,6
TRPCHA2508189e784e71,2025-08-18,CH01,repeated,15,161,6,9
TRPJAI25081872b24f3c,2025-08-18,RJ01,repeated,22,301,7,8
TRPLUC2508182a29a638,2025-08-18,UP01,new,15,161,9,6
TRPCHA250818167883ad,2025-08-18,CH01,repeated,16,170,6,7
TRPLUC2508182c227793,2025-08-18,UP01,repeated,5,71,7,8
TRPLUC2508188e64c8df,2025-08-18,UP01,new,10,116,8,7
TRPCHA250818b1363cab,2025-08-18,CH01,repeated,29,287,8,6
TRPVIS250818fedc6c0a,2025-08-18,AP01,new,34,333,8,9
TRPLUC250818cb49a03e,2025-08-18,UP01,new,15,161,7,6
TRPKOC250818e6b074ae,2025-08-18,KL01,new,17,218,8,8
TRPVIS25081832ef7614,2025-08-18,AP01,repeated,30,297,9,10
TRPLUC2508180e2cd707,2025-08-18,UP01,repeated,15,161,7,7
TRPJAI250818c2615758,2025-08-18,RJ01,repeated,25,337,7,8
TRPJAI25081874a41ed0,2025-08-18,RJ01,new,41,529,9,9
TRPLUC250818211687e6,2025-08-18,UP01,repeated,20,206,7,7
TRPJAI2508186ee2b3e6,2025-08-18,RJ01,repeated,37,481,7,8
TRPJAI250818f8e2e819,2025-08-18,RJ01,repeated,27,361,7,9
TRPIND2508181d47429c,2025-08-18,MP01,new,16,151,10,8
TRPSUR250818c1279e53,2025-08-18,GJ01,new,10,99,8,7
TRPSUR25081857c2a2f7,2025-08-18,GJ01,repeated,8,83,7,8
TRPLUC25081826e46d85,2025-08-18,UP01,repeated,5,71,5,8
TRPCOI250818db68fa24,2025-08-18,TN01,repeated,18,167,8,8
TRPVIS2508188eb6deea,2025-08-18,AP01,repeated,33,324,8,8
TRPLUC250818cc24e01f,2025-08-18,UP01,repeated,10,116,5,8
TRPLUC2508188d4aecd1,2025-08-18,UP01,repeated,14,152,7,5
TRPCOI2508185077cbd8,2025-08-18,TN01,new,15,143,9,8
TRPJAI250818e96fe4ee,2025-08-18,RJ01,repeated,42,541,8,8
TRPMYS2508187a1c54c6,2025-08-18,KA01,new,14,175,9,8
TRPSUR250818f24359b8,2025-08-18,GJ01,repeated,10,99,5,7
TRPVAD2508187b0e271f,2025-08-18,GJ02,new,13,122,8,7
TRPSUR2508184955ff01,2025-08-18,GJ01,new,5,59,9,7
TRPJAI2508184ddaaa87,2025-08-18,RJ01,repeated,42,541,9,8
TRPLUC250818b9708aac,2025-08-18,UP01,repeated,11,125,5,7
TRPSUR2508184d159b3c,2025-08-18,GJ01,repeated,10,99,5,6
TRPSUR250818a8316d56,2025-08-18,GJ01,repeated,13,123,6,5
TRPMYS25081856376c8a,2025-08-18,KA01,new,19,225,8,8
TRPJAI2508182d34d613,2025-08-18,RJ01,repeated,25,337,9,8
TRPKOC2508180c1b70fc,2025-08-18,KL01,repeated,13,174,9,8
TRPSUR2508181a529354,2025-08-18,GJ01,new,5,59,9,8
TRPMYS2508182e064c99,2025-08-18,KA01,repeated,19,225,7,8
TRPSUR250818fb5a4d81,2025-08-18,GJ01,new,10,99,9,6
TRPLUC250818b3fc8a8f,2025-08-18,UP01,repeated,15,161,5,5
TRPIND25081871105187,2025-08-18,MP01,repeated,11,111,8,6
TRPLUC250818ac2d2476,2025-08-18,UP01,new,7,89,9,6
TRPSUR250818bc639928,2025-08-18,GJ01,repeated,12,115,6,8
TRPJAI250818ea71be4f,2025-08-18,RJ01,repeated,21,289,9,9
TRPVAD25081883849522,2025-08-18,GJ02,repeated,15,138,6,6
TRPLUC25081880da3a46,2025-08-18,UP01,repeated,16,170,6,6
TRPJAI2508188f5a46c7,2025-08-18,RJ01,new,30,397,8,9
TRPIND25081812265e26,2025-08-18,MP01,repeated,24,215,6,6
TRPVAD250818e6e0e1d3,2025-08-18,GJ02,new,13,122,8,7
TRPIND250818d93df7c5,2025-08-18,MP01,repeated,22,199,6,7
TRPIND2508188f91815a,2025-08-18,MP01,new,20,183,9,9
TRPCHA250818ad7485ad,2025-08-18,CH01,repeated,13,143,8,8
TRPCOI250818a3273bdc,2025-08-18,TN01,repeated,12,119,7,8
TRPIND2508186997faf8,2025-08-18,MP01,repeated,9,95,6,7
TRPKOC250818dc293102,2025-08-18,KL01,new,32,383,8,10
TRPLUC25081828df1809,2025-08-18,UP01,repeated,12,134,6,7
TRPVIS2508189ed74987,2025-08-18,AP01,repeated,28,279,8,10
TRPJAI2508182df2969f,2025-08-18,RJ01,new,15,217,10,8
TRPLUC25081879ef0dff,2025-08-18,UP01,repeated,10,116,5,8
TRPJAI250818445a4461,2025-08-18,RJ01,repeated,26,349,9,8
TRPCOI25081819385631,2025-08-18,TN01,new,9,95,10,8
TRPVAD250818334af75f,2025-08-18,GJ02,new,17,154,9,7
TRPMYS250818cb5e08bf,2025-08-18,KA01,new,9,125,8,8
TRPLUC2508188a0a959f,2025-08-18,UP01,repeated,17,179,5,5
TRPVAD250818aeac6c08,2025-08-18,GJ02,new,13,122,7,7
TRPKOC250818bae3a5b8,2025-08-18,KL01,repeated,29,350,9,10
TRPMYS250818df03f56b,2025-08-18,KA01,repeated,10,135,7,10
TRPLUC25081896a30885,2025-08-18,UP01,repeated,13,143,7,5
TRPIND250818d3763642,2025-08-18,MP01,new,9,95,10,8
TRPSUR250818c7a557fd,2025-08-18,GJ01,repeated,16,147,5,7
TRPLUC25081830d1ce30,2025-08-18,UP01,repeated,10,116,7,5
TRPVAD25081834d48de1,2025-08-18,GJ02,repeated,5,58,7,8
TRPIND25081836af30fd,2025-08-18,MP01,repeated,9,95,7,7
TRPLUC250818ed2439d4,2025-08-18,UP01,repeated,20,206,5,5
TRPLUC2508180dc5f0a1,2025-08-18,UP01,repeated,15,161,5,6
TRPKOC2508188489cf89,2025-08-18,KL01,new,32,383,10,10
TRPKOC250818b662e6ca,2025-08-18,KL01,new,11,152,9,8
TRPCHA2508182a448f7f,2025-08-18,CH01,repeated,34,332,8,6
TRPCHA2508180d3235ef,2025-08-18,CH01,new,17,179,7,7
TRPKOC250818afb14778,2025-08-18,KL01,new,30,361,9,9
TRPSUR2508184d551a1b,2025-08-18,GJ01,new,15,139,8,7
TRPVAD250818b514a42b,2025-08-18,GJ02,repeated,9,90,5,7
TRPSUR25081882716e66,2025-08-18,GJ01,new,5,59,8,7
TRPSUR250818efe9f08a,2025-08-18,GJ01,repeated,5,59,6,7
TRPLUC25081807283838,2025-08-18,UP01,repeated,18,188,7,8
TRPSUR2508185a8fb2ed,2025-08-18,GJ01,new,17,155,7,8
TRPCOI250818a5d9619e,2025-08-18,TN01,new,14,135,10,8
TRPLUC250818437883eb,2025-08-18,UP01,repeated,7,89,7,5
TRPCHA25081858d03682,2025-08-18,CH01,new,21,215,9,7
TRPIND2508187a7a543c,2025-08-18,MP01,repeated,16,151,7,7
TRPMYS2508188d5a1322,2025-08-18,KA01,new,11,145,10,9
TRPLUC25081887b90eef,2025-08-18,UP01,repeated,15,161,6,6
TRPCOI250818a0261c86,2025-08-18,TN01,repeated,14,135,6,8
TRPJAI250818a57ae072,2025-08-18,RJ01,new,20,277,10,8
TRPVAD25081862155205,2025-08-18,GJ02,repeated,12,114,5,5
TRPMYS250818d9b8d4f8,2025-08-18,KA01,new,25,285,8,9
TRPVAD25081809fe7401,2025-08-18,GJ02,repeated,12,114,7,5
TRPSUR250818469799ba,2025-08-18,GJ01,repeated,6,67,6,6
TRPJAI250818dd5ee566,2025-08-18,RJ01,repeated,17,241,9,10
TRPJAI25081847e77a4c,2025-08-18,RJ01,repeated,28,373,7,9
TRPLUC2508182d0ade08,2025-08-18,UP01,repeated,12,134,5,5
TRPJAI25081808b4b65b,2025-08-18,RJ01,new,32,421,9,9
TRPCHA2508180b50005d,2025-08-18,CH01,repeated,31,305,9,9
TRPLUC250818e55cfe6b,2025-08-18,UP01,new,15,161,9,7
TRPIND2508185792426f,2025-08-18,MP01,repeated,10,103,7,8
TRPJAI2508188e1becb6,2025-08-18,RJ01,new,35,457,10,9
TRPLUC25081896b42191,2025-08-18,UP01,repeated,6,80,6,7
TRPSUR250818cb3f3e3c,2025-08-18,GJ01,new,8,83,9,6
TRPIND250818768bd558,2025-08-18,MP01,repeated,18,167,9,9
TRPLUC2508183308c1b8,2025-08-18,UP01,repeated,12,134,5,6
TRPSUR250818b46a66d4,2025-08-18,GJ01,repeated,10,99,6,7
TRPLUC250818d3fe6ad8,2025-08-18,UP01,repeated,17,179,7,6
TRPJAI25081884d2f6df,2025-08-18,RJ01,new,15,217,9,8
TRPIND250818e8bfd33f,2025-08-18,MP01,repeated,12,119,7,8
TRPLUC250818da627dd6,2025-08-18,UP01,new,11,125,8,8
TRPLUC2508187784c34c,2025-08-18,UP01,repeated,16,170,5,6
