trip_id,date,city_id,passenger_type,distance_travelled(km),fare_amount,passenger_rating,driver_rating
TRPJAI25082920586717,2025-08-29,RJ01,new,31,409,10,10
TRPKOC2508295f6b8107,2025-08-29,KL01,new,28,339,8,9
TRPCOI2508298fee7495,2025-08-29,TN01,new,18,167,9,8
TRPLUC25082912b30388,2025-08-29,UP01,repeated,15,161,7,7
TRPVIS2508290545e494,2025-08-29,AP01,new,12,135,9,8
TRPLUC250829ee9a729d,2025-08-29,UP01,repeated,19,197,6,7
TRPLUC250829084967eb,2025-08-29,UP01,repeated,12,134,6,5
TRPKOC250829ab4c55d5,2025-08-29,KL01,new,16,207,8,10
TRPCHA2508292335bded,2025-08-29,CH01,new,14,152,8,8
TRPSUR2508296297d868,2025-08-29,GJ01,repeated,5,59,7,5
TRPJAI250829361c1e98,2025-08-29,RJ01,new,25,337,9,8
TRPVAD250829e7d1956d,2025-08-29,GJ02,repeated,9,90,7,8
TRPLUC250829315fba4a,2025-08-29,UP01,repeated,18,188,7,8
TRPSUR250829852a74d1,2025-08-29,GJ01,repeated,13,123,6,8
TRPLUC250829731a503f,2025-08-29,UP01,repeated,13,143,6,6
TRPMYS2508298ae1bb9b,2025-08-29,KA01,new,11,145,10,8
TRPIND2508294e88b234,2025-08-29,MP01,repeated,17,159,9,8
TRPVAD250829b13a41ff,2025-08-29,GJ02,repeated,14,130,7,7
TRPSUR2508296f9214ca,2025-08-29,GJ01,repeated,17,155,6,6
TRPJAI2508298fd362c8,2025-08-29,RJ01,new,39,505,9,10
TRPSUR250829db657cd7,2025-08-29,GJ01,new,16,147,8,7
TRPVAD250829eb20f455,2025-08-29,GJ02,new,5,58,9,7
TRPLUC2508292a86043d,2025-08-29,UP01,repeated,11,125,7,6
TRPLUC2508298d3f261c,2025-08-29,UP01,repeated,10,116,7,8
TRPCHA250829af1e7da3,2025-08-29,CH01,repeated,35,341,8,7
TRPKOC2508292629c03c,2025-08-29,KL01,repeated,37,438,7,10
TRPJAI250829de6c7dc0,2025-08-29,RJ01,repeated,33,433,7,8
TRPVAD25082906eb92d2,2025-08-29,GJ02,repeated,8,82,6,5
TRPJAI250829fe2a426d,2025-08-29,RJ01,new,39,505,10,8
TRPIND250829b52d8872,2025-08-29,MP01,repeated,16,151,8,8
TRPJAI250829d3412495,2025-08-29,RJ01,repeated,21,289,9,10
TRPSUR250829b069232f,2025-08-29,GJ01,repeated,15,139,6,5
TRPVAD250829ccd3935e,2025-08-29,GJ02,repeated,17,154,6,7
TRPLUC250829611d71be,2025-08-29,UP01,repeated,18,188,5,6
TRPCHA25082917f1376f,2025-08-29,CH01,repeated,14,152,6,6
TRPVIS250829d08e3d1e,2025-08-29,AP01,repeated,25,252,7,9
TRPLUC25082911cb3962,2025-08-29,UP01,repeated,18,188,5,7
TRPJAI2508294269edaa,2025-08-29,RJ01,repeated,27,361,9,9
TRPIND2508295a9f8c17,2025-08-29,MP01,repeated,17,159,9,8
TRPLUC250829d19bec98,2025-08-29,UP01,repeated,12,134,5,5
TRPCHA2508292b5560e3,2025-08-29,CH01,repeated,28,278,6,6
TRPJAI250829678ebcd8,2025-08-29,RJ01,new,34,445,10,9
TRPJAI2508290b3d68b9,2025-08-29,RJ01,repeated,42,541,7,10
TRPSUR2508291793a88e,2025-08-29,GJ01,repeated,14,131,6,5
TRPSUR25082982658c49,2025-08-29,GJ01,repeated,8,83,7,7
TRPLUC250829e3c3188e,2025-08-29,UP01,repeated,11,125,7,6
TRPSUR25082934d32b34,2025-08-29,GJ01,repeated,8,83,6,7
TRPLUC2508295ffe5107,2025-08-29,UP01,repeated,10,116,5,7
TRPCHA250829bd57fa01,2025-08-29,CH01,repeated,26,260,7,9
TRPCHA2508295a522e28,2025-08-29,CH01,repeated,29,287,8,6
TRPVIS250829c1b159f6,2025-08-29,AP01,repeated,25,252,9,10
TRPKOC250829255c9b6a,2025-08-29,KL01,repeated,10,141,8,10
TRPSUR250829173c4a07,2025-08-29,GJ01,repeated,8,83,6,5
TRPSUR2508299c06ede8,2025-08-29,GJ01,repeated,9,91,7,8
TRPJAI25082902528142,2025-08-29,RJ01,repeated,27,361,7,9
TRPVAD250829b44b8e69,2025-08-29,GJ02,repeated,12,114,7,7
TRPJAI25082997cea4e7,2025-08-29,RJ01,new,16,229,10,8
TRPJAI2508290b840cfa,2025-08-29,RJ01,new,26,349,9,8
TRPCOI2508296065cf7a,2025-08-29,TN01,repeated,10,103,7,9
TRPSUR250829948a5942,2025-08-29,GJ01,repeated,16,147,7,8
TRPLUC2508296a3453f7,2025-08-29,UP01,repeated,9,107,7,6
TRPKOC2508299852abe0,2025-08-29,KL01,new,36,427,8,10
TRPLUC250829ba30ff66,2025-08-29,UP01,repeated,11,125,7,5
TRPJAI250829ed16fcbb,2025-08-29,RJ01,new,45,577,8,9
TRPSUR2508290dc2d76c,2025-08-29,GJ01,new,17,155,9,8
TRPLUC25082992c95507,2025-08-29,UP01,repeated,8,98,6,7
TRPLUC250829efd7eb3d,2025-08-29,UP01,repeated,10,116,7,8
TRPVIS2508298732ea10,2025-08-29,AP01,new,26,261,9,9
TRPVAD25082913cf0a64,2025-08-29,GJ02,repeated,13,122,6,7
TRPVIS250829d25b25b5,2025-08-29,AP01,repeated,33,324,9,9
TRPLUC250829ecb3f78f,2025-08-29,UP01,repeated,16,170,7,6
TRPKOC2508295b484c5d,2025-08-29,KL01,repeated,31,372,7,8
TRPVAD25082960179a1b,2025-08-29,GJ02,repeated,13,122,7,6
TRPMYS250829e7b35349,2025-08-29,KA01,repeated,21,245,8,8
TRPLUC250829a0d4a1ee,2025-08-29,UP01,new,17,179,7,8
TRPJAI250829edff2824,2025-08-29,RJ01,repeated,45,577,7,9
TRPKOC25082946e9b49b,2025-08-29,KL01,repeated,33,394,9,8
TRPLUC250829e34ac2c9,2025-08-29,UP01,new,11,125,7,8
TRPSUR250829c86ec21d,2025-08-29,GJ01,repeated,9,91,5,6
TRPLUC2508296071ca0f,2025-08-29,UP01,new,14,152,9,8
TRPLUC25082993b89cb6,2025-08-29,UP01,repeated,14,152,6,7
TRPSUR25082992e5b723,2025-08-29,GJ01,repeated,5,59,6,5
TRPCOI250829ed1281cd,2025-08-29,TN01,new,20,183,7,7
TRPLUC2508294d9aa945,2025-08-29,UP01,repeated,18,188,5,5
TRPJAI2508298292dff9,2025-08-29,RJ01,new,43,553,8,9
TRPLUC2508296c8092ab,2025-08-29,UP01,new,15,161,8,8
TRPIND25082918078dc6,2025-08-29,MP01,repeated,10,103,6,9
TRPSUR250829bc9490e6,2025-08-29,GJ01,repeated,13,123,5,6
TRPLUC25082907193424,2025-08-29,UP01,repeated,11,125,7,7
TRPLUC2508290116c992,2025-08-29,UP01,repeated,8,98,5,5
TRPLUC250829a6c12254,2025-08-29,UP01,repeated,7,89,7,5
TRPLUC2508291818b1d2,2025-08-29,UP01,repeated,18,188,7,7
TRPLUC250829ba5a9ade,2025-08-29,UP01,new,14,152,7,8
TRPKOC25082914bb17c5,2025-08-29,KL01,new,32,383,9,10
TRPSUR250829714a9a1a,2025-08-29,GJ01,repeated,6,67,6,7
TRPSUR250829d094d7ba,2025-08-29,GJ01,new,13,123,8,7
TRPSUR250829c5fb5203,2025-08-29,GJ01,repeated,7,75,5,6
TRPLUC250829c09f9d87,2025-08-29,UP01,repeated,20,206,7,5
TRPSUR2508297549cffa,2025-08-29,GJ01,repeated,5,59,7,6
TRPCOI25082963f42661,2025-08-29,TN01,repeated,17,159,8,9
TRPVAD250829db354358,2025-08-29,GJ02,new,11,106,8,8
TRPCOI2508292bf67a18,2025-08-29,TN01,repeated,12,119,9,6
TRPSUR25082983696641,2025-08-29,GJ01,repeated,17,155,7,6
TRPJAI25082928d01824,2025-08-29,RJ01,new,16,229,8,9
TRPJAI250829914aa406,2025-08-29,RJ01,repeated,18,253,8,8
TRPKOC2508296c496c0a,2025-08-29,KL01,new,15,196,10,10
TRPJAI2508293ce7c8f5,2025-08-29,RJ01,new,42,541,10,8
TRPSUR2508290c23ba03,2025-08-29,GJ01,new,14,131,9,7
TRPKOC250829598ffc0e,2025-08-29,KL01,repeated,32,383,7,8
TRPLUC25082967a6eb3c,2025-08-29,UP01,repeated,11,125,6,8
TRPKOC250829db8e3817,2025-08-29,KL01,repeated,28,339,8,8
TRPSUR2508291efbef92,2025-08-29,GJ01,new,7,75,9,8
TRPSUR250829a52c8eff,2025-08-29,GJ01,new,13,123,8,6
TRPMYS250829e7edc2c8,2025-08-29,KA01,new,20,235,10,10
TRPCHA250829e095db42,2025-08-29,CH01,repeated,35,341,7,7
TRPSUR250829a0f10371,2025-08-29,GJ01,repeated,15,139,5,6
TRPCHA250829ee67bb6c,2025-08-29,CH01,repeated,21,215,9,8
TRPKOC2508292e11cc48,2025-08-29,KL01,new,24,295,10,8
TRPLUC2508297250d89e,2025-08-29,UP01,repeated,14,152,6,6
TRPSUR2508294bfcbd90,2025-08-29,GJ01,repeated,10,99,7,5
TRPJAI2508291602a7ca,2025-08-29,RJ01,repeated,29,385,9,9
TRPLUC250829318b8e41,2025-08-29,UP01,repeated,6,80,5,8
TRPLUC2508297f4be807,2025-08-29,UP01,repeated,18,188,5,7
TRPLUC2508293e88932f,2025-08-29,UP01,repeated,10,116,5,5
TRPJAI2508295a5f217c,2025-08-29,RJ01,repeated,30,397,9,9
TRPVIS250829bcfb8224,2025-08-29,AP01,new,12,135,8,10
TRPCHA250829335102a0,2025-08-29,CH01,new,21,215,10,7
TRPKOC2508294bb546c7,2025-08-29,KL01,repeated,36,427,7,9
TRPCOI250829248df4bd,2025-08-29,TN01,new,22,199,7,7
TRPIND2508296cc15c66,2025-08-29,MP01,repeated,17,159,9,6
TRPIND2508299fd9509e,2025-08-29,MP01,repeated,21,191,8,9
TRPIND2508294ab3268a,2025-08-29,MP01,repeated,12,119,9,6
TRPSUR250829cc802620,2025-08-29,GJ01,new,14,131,8,7
TRPIND250829e3e13561,2025-08-29,MP01,repeated,11,111,7,8
TRPJAI2508298838b91b,2025-08-29,RJ01,repeated,23,313,9,8
TRPCHA250829985c3d9a,2025-08-29,CH01,repeated,19,197,6,8
TRPVAD2508290e1432a0,2025-08-29,GJ02,new,6,66,9,6
TRPLUC250829584d8e95,2025-08-29,UP01,repeated,15,161,1,4
TRPSUR250829d92e33e7,2025-08-29,GJ01,repeated,13,123,6,5
TRPCOI250829416e10e6,2025-08-29,TN01,repeated,17,159,8,6
TRPLUC250829f5449d01,2025-08-29,UP01,new,7,89,8,6
TRPKOC250829a3d85908,2025-08-29,KL01,new,13,174,8,8
TRPVIS250829d1251300,2025-08-29,AP01,new,23,234,9,9
TRPVIS250829e1e0e03a,2025-08-29,AP01,repeated,29,288,7,9
TRPLUC250829ae4023a3,2025-08-29,UP01,repeated,5,71,7,7
TRPCOI250829ec3e559b,2025-08-29,TN01,repeated,12,119,6,7
TRPLUC2508291a21ab3f,2025-08-29,UP01,repeated,9,107,6,8
TRPCOI2508291ba9b03b,2025-08-29,TN01,new,22,199,7,7
TRPVIS25082955259826,2025-08-29,AP01,new,35,342,10,10
TRPJAI250829e4c02f5d,2025-08-29,RJ01,new,43,553,8,9
TRPVAD25082913497e01,2025-08-29,GJ02,repeated,11,106,6,7
TRPSUR2508295ad60f41,2025-08-29,GJ01,repeated,11,107,5,5
TRPLUC25082949e41842,2025-08-29,UP01,repeated,14,152,6,7
TRPIND250829459f9fa8,2025-08-29,MP01,new,10,103,8,7
TRPJAI250829a47cf68f,2025-08-29,RJ01,new,45,577,9,8
TRPSUR25082991e0604a,2025-08-29,GJ01,new,13,123,9,6
TRPIND2508292eaa018e,2025-08-29,MP01,new,14,135,10,9
TRPCHA250829e3386307,2025-08-29,CH01,repeated,21,215,6,7
TRPSUR2508298c24a656,2025-08-29,GJ01,repeated,17,155,7,6
TRPKOC25082900e456e5,2025-08-29,KL01,new,34,405,8,10
TRPCHA2508296294c594,2025-08-29,CH01,new,24,242,8,8
TRPKOC2508290b50c4d7,2025-08-29,KL01,new,17,218,8,9
TRPJAI2508290340233e,2025-08-29,RJ01,new,39,505,8,8
TRPLUC25082925234855,2025-08-29,UP01,repeated,14,152,7,8
TRPJAI2508294ac81a11,2025-08-29,RJ01,repeated,37,481,8,10
TRPKOC2508296c1edfd3,2025-08-29,KL01,new,15,196,9,8
TRPJAI2508295cc1034a,2025-08-29,RJ01,new,32,421,10,10
TRPVIS2508292a736833,2025-08-29,AP01,new,30,297,8,8
TRPSUR2508290eb4cb48,2025-08-29,GJ01,repeated,17,155,5,6
TRPVAD250829567c1486,2025-08-29,GJ02,new,17,154,7,8
TRPCHA2508290d422389,2025-08-29,CH01,repeated,32,314,8,8
TRPLUC2508290532256f,2025-08-29,UP01,repeated,14,152,7,5
TRPIND25082998c9eda6,2025-08-29,MP01,new,18,167,8,7
TRPKOC25082962f3977b,2025-08-29,KL01,new,27,328,10,10
TRPVIS250829cd8d974b,2025-08-29,AP01,new,26,261,10,10
TRPVIS2508290dd1bcfc,2025-08-29,AP01,new,27,270,8,8
TRPLUC250829f87f3c84,2025-08-29,UP01,repeated,8,98,5,8
TRPCHA250829a01c2d2b,2025-08-29,CH01,repeated,17,179,6,9
TRPIND250829f23d45d8,2025-08-29,MP01,repeated,8,87,7,6
TRPSUR250829354580e1,2025-08-29,GJ01,new,14,131,7,6
TRPIND2508298f391916,2025-08-29,MP01,repeated,13,127,7,7
TRPVAD2508293e3e5263,2025-08-29,GJ02,new,10,98,7,7
TRPLUC2508296e753383,2025-08-29,UP01,repeated,20,206,7,6
TRPSUR2508294d9359a0,2025-08-29,GJ01,repeated,6,67,5,5
TRPKOC2508296b1b5d17,2025-08-29,KL01,new,27,328,9,9
TRPCOI2508299b7dd333,2025-08-29,TN01,new,10,103,9,7
TRPSUR250829c1ccc423,2025-08-29,GJ01,repeated,8,83,6,5
TRPLUC2508294c7248e0,2025-08-29,UP01,repeated,7,89,6,8
TRPIND250829a8d1c1b0,2025-08-29,MP01,repeated,21,191,7,6
TRPVAD2508292c119ca3,2025-08-29,GJ02,new,9,90,7,6
TRPSUR2508290bf29596,2025-08-29,GJ01,repeated,8,83,7,7
TRPLUC250829d1e1c92c,2025-08-29,UP01,repeated,9,107,7,8
TRPVIS250829da656eee,2025-08-29,AP01,new,19,198,9,8
TRPIND250829efe4702c,2025-08-29,MP01,new,11,111,9,8
TRPLUC250829f7b525b8,2025-08-29,UP01,repeated,15,161,6,6
TRPLUC2508297839f9ec,2025-08-29,UP01,new,10,116,7,7
TRPLUC250829d748d2f8,2025-08-29,UP01,repeated,9,107,7,8
TRPLUC25082904e67552,2025-08-29,UP01,repeated,16,170,5,8
TRPIND250829d8a366e0,2025-08-29,MP01,repeated,18,167,7,7
TRPLUC25082966de57b7,2025-08-29,UP01,repeated,20,206,7,8
TRPVAD2508294170ae03,2025-08-29,GJ02,new,12,114,8,6
TRPJAI250829afbf8f8b,2025-08-29,RJ01,new,33,433,8,8
TRPVAD250829339e4e4b,2025-08-29,GJ02,repeated,16,146,5,5
TRPVIS250829f3e254bc,2025-08-29,AP01,new,13,144,10,9
TRPLUC25082959badba7,2025-08-29,UP01,repeated,8,98,6,8
TRPSUR2508291b13aca3,2025-08-29,GJ01,repeated,8,83,5,5
TRPJAI2508294a153c7a,2025-08-29,RJ01,repeated,31,409,7,9
TRPSUR250829e8e13c3a,2025-08-29,GJ01,repeated,15,139,5,8
TRPLUC2508296d587001,2025-08-29,UP01,new,16,170,9,7
TRPLUC25082957074707,2025-08-29,UP01,repeated,9,107,7,5
TRPLUC25082960487e96,2025-08-29,UP01,repeated,14,152,5,5
TRPCHA250829a2f99476,2025-08-29,CH01,new,13,143,9,7
TRPLUC2508296bcc3d5f,2025-08-29,UP01,repeated,10,116,5,5
TRPVIS2508292da62705,2025-08-29,AP01,repeated,18,189,9,10
TRPLUC250829dc18f7c4,2025-08-29,UP01,new,11,125,7,8
TRPMYS250829ddc18175,2025-08-29,KA01,new,25,285,9,10
TRPJAI250829123b10b0,2025-08-29,RJ01,new,41,529,9,10
TRPSUR2508290059eab3,2025-08-29,GJ01,new,9,91,7,8
TRPIND25082961dea4e1,2025-08-29,MP01,repeated,21,191,9,7
TRPJAI25082961bbb12e,2025-08-29,RJ01,repeated,44,565,7,10
TRPIND2508299c3721db,2025-08-29,MP01,new,19,175,10,7
TRPSUR25082965d78e19,2025-08-29,GJ01,repeated,6,67,6,5
TRPVIS250829d26d1807,2025-08-29,AP01,repeated,34,333,7,10
TRPLUC2508294ce29842,2025-08-29,UP01,repeated,15,161,7,7
TRPSUR2508296bdf4d10,2025-08-29,GJ01,new,12,115,8,6
TRPLUC25082924c15583,2025-08-29,UP01,new,14,152,9,6
TRPSUR250829af47259e,2025-08-29,GJ01,repeated,11,107,5,6
TRPSUR2508299ade3a43,2025-08-29,GJ01,new,14,131,7,6
TRPLUC2508294869048d,2025-08-29,UP01,new,13,143,8,7
TRPIND250829553c6907,2025-08-29,MP01,repeated,14,135,6,7
TRPCHA2508292ec515e4,2025-08-29,CH01,repeated,21,215,8,9
TRPJAI250829008c9d99,2025-08-29,RJ01,new,42,541,9,9
TRPCOI25082990def213,2025-08-29,TN01,repeated,20,183,8,8
TRPCHA25082909227b77,2025-08-29,CH01,repeated,29,287,9,6
TRPKOC25082964ec3e4a,2025-08-29,KL01,new,17,218,9,10
TRPMYS250829e7ec8582,2025-08-29,KA01,new,14,175,10,10
TRPVAD25082920385482,2025-08-29,GJ02,new,11,106,9,7
TRPLUC250829f4adbe30,2025-08-29,UP01,new,18,188,8,8
TRPSUR250829f6916567,2025-08-29,GJ01,repeated,13,123,6,6
TRPIND250829e1525245,2025-08-29,MP01,new,10,103,7,9
TRPLUC250829f8a30d57,2025-08-29,UP01,new,18,188,7,8
TRPLUC250829e5da4fa4,2025-08-29,UP01,repeated,11,125,7,7
TRPJAI25082912889f07,2025-08-29,RJ01,new,22,301,8,9
TRPSUR250829da042d47,2025-08-29,GJ01,repeated,14,131,5,5
TRPCOI250829e6852715,2025-08-29,TN01,repeated,18,167,8,8
TRPIND2508296aa0189c,2025-08-29,MP01,repeated,11,111,6,7
TRPKOC2508292f673085,2025-08-29,KL01,new,17,218,8,8
TRPCHA250829f60e49e3,2025-08-29,CH01,repeated,33,323,8,9
TRPJAI2508298780892a,2025-08-29,RJ01,repeated,36,469,9,10
TRPIND25082916665e07,2025-08-29,MP01,new,16,151,7,7
TRPLUC25082980031a6a,2025-08-29,UP01,repeated,11,125,7,6
TRPCOI2508295238c01c,2025-08-29,TN01,repeated,22,199,6,7
TRPLUC250829de94ce72,2025-08-29,UP01,repeated,18,188,7,5
TRPCHA250829a74e3687,2025-08-29,CH01,repeated,23,233,7,8
TRPCHA250829f30895a7,2025-08-29,CH01,repeated,27,269,7,8
TRPIND2508298ba29a84,2025-08-29,MP01,repeated,17,159,6,6
TRPCHA250829be507694,2025-08-29,CH01,repeated,12,134,8,9
TRPJAI25082954432bfa,2025-08-29,RJ01,new,24,325,8,8
TRPJAI2508290d09fd39,2025-08-29,RJ01,repeated,43,553,8,9
TRPLUC25082941cc40bf,2025-08-29,UP01,new,11,125,8,6
TRPCHA2508294087d01a,2025-08-29,CH01,repeated,14,152,9,9
TRPVAD250829d5259415,2025-08-29,GJ02,new,8,82,8,7
TRPIND25082914e24154,2025-08-29,MP01,repeated,25,223,7,7
TRPKOC250829a3d9c84e,2025-08-29,KL01,new,18,229,9,9
TRPSUR2508292d00abf5,2025-08-29,GJ01,repeated,15,139,6,6
TRPSUR250829f6d0970c,2025-08-29,GJ01,repeated,13,123,5,7
TRPVIS25082923e2b017,2025-08-29,AP01,new,15,162,10,10
TRPKOC2508294c5de016,2025-08-29,KL01,new,20,251,10,10
TRPSUR2508294fe7563d,2025-08-29,GJ01,repeated,7,75,7,8
TRPCHA250829233fbca0,2025-08-29,CH01,new,27,269,10,7
TRPSUR250829794140db,2025-08-29,GJ01,new,6,67,9,8
TRPSUR25082923f13293,2025-08-29,GJ01,new,17,155,9,7
TRPJAI250829796f93ea,2025-08-29,RJ01,new,30,397,10,8
TRPLUC2508294ab0bd11,2025-08-29,UP01,repeated,17,179,5,6
TRPLUC25082933027fde,2025-08-29,UP01,repeated,14,152,5,5
TRPVAD250829e8ff0e92,2025-08-29,GJ02,new,7,74,9,8
TRPSUR25082902be472e,2025-08-29,GJ01,repeated,10,99,5,7
TRPVAD250829b753a10b,2025-08-29,GJ02,repeated,11,106,6,5
TRPSUR25082997f5ced4,2025-08-29,GJ01,repeated,13,123,5,6
TRPSUR2508299ad38656,2025-08-29,GJ01,repeated,8,83,6,8
TRPLUC2508298d44ecc0,2025-08-29,UP01,repeated,9,107,5,7
TRPJAI2508298b6a37c1,2025-08-29,RJ01,new,18,253,9,8
TRPIND250829a7d04465,2025-08-29,MP01,new,19,175,9,9
TRPLUC2508298b152c74,2025-08-29,UP01,repeated,7,89,7,8
TRPLUC2508294564d7c4,2025-08-29,UP01,new,17,179,7,6
TRPLUC2508290a4b5352,2025-08-29,UP01,repeated,16,170,7,8
TRPJAI25082910eb6b0e,2025-08-29,RJ01,repeated,26,349,7,10
TRPJAI250829bfc07f5d,2025-08-29,RJ01,new,25,337,8,9
TRPSUR25082947c4d5d4,2025-08-29,GJ01,repeated,14,131,5,5
TRPCHA25082939e48c50,2025-08-29,CH01,repeated,13,143,7,6
TRPLUC250829989665c4,2025-08-29,UP01,repeated,6,80,6,5
TRPJAI250829ab670da4,2025-08-29,RJ01,new,20,277,9,9
TRPKOC25082913c31da2,2025-08-29,KL01,repeated,18,229,7,8
TRPSUR250829acfc585c,2025-08-29,GJ01,repeated,15,139,7,5
TRPKOC25082907db9363,2025-08-29,KL01,new,16,207,10,10
TRPCHA250829156aa142,2025-08-29,CH01,new,26,260,8,8
TRPLUC25082976d3b77d,2025-08-29,UP01,repeated,16,170,6,5
TRPVIS2508297c0dddc2,2025-08-29,AP01,repeated,24,243,9,9
TRPVIS250829e29e3a99,2025-08-29,AP01,new,17,180,8,9
TRPJAI2508296b8b6d7e,2025-08-29,RJ01,new,31,409,9,9
TRPJAI250829ef01bd05,2025-08-29,RJ01,repeated,18,253,7,9
TRPIND25082975c63a11,2025-08-29,MP01,new,25,223,8,7
TRPKOC2508290734b946,2025-08-29,KL01,repeated,30,361,9,10
TRPVAD250829a6cbef23,2025-08-29,GJ02,new,18,162,8,6
TRPCOI250829fce28cbc,2025-08-29,TN01,new,13,127,7,8
TRPLUC2508292882c33a,2025-08-29,UP01,repeated,9,107,7,5
TRPVAD2508295d6df480,2025-08-29,GJ02,new,8,82,8,7
TRPJAI2508290e4f3d31,2025-08-29,RJ01,repeated,38,493,9,10
TRPSUR250829b996ba19,2025-08-29,GJ01,repeated,10,99,7,7
TRPJAI250829cbc1264b,2025-08-29,RJ01,repeated,25,337,7,8
TRPVIS2508295d84878c,2025-08-29,AP01,new,24,243,8,9
TRPSUR2508298c5af47a,2025-08-29,GJ01,repeated,10,99,7,8
TRPSUR250829237bb05e,2025-08-29,GJ01,repeated,15,139,6,7
TRPLUC250829f6845240,2025-08-29,UP01,new,17,179,7,8
TRPSUR250829747a55c0,2025-08-29,GJ01,repeated,17,155,7,5
TRPLUC2508292064831d,2025-08-29,UP01,repeated,5,71,5,8
TRPIND250829dfcca732,2025-08-29,MP01,new,17,159,10,8
TRPCOI2508294dba6caa,2025-08-29,TN01,repeated,10,103,8,9
TRPLUC25082998cfd8c3,2025-08-29,UP01,repeated,18,188,7,7
TRPLUC25082978175aeb,2025-08-29,UP01,repeated,10,116,7,5
TRPVIS2508290a626686,2025-08-29,AP01,repeated,17,180,8,10
TRPSUR250829706d7ff7,2025-08-29,GJ01,new,7,75,8,8
TRPCHA25082966043fcc,2025-08-29,CH01,new,12,134,7,9
TRPLUC250829910a43ed,2025-08-29,UP01,repeated,11,125,5,5
TRPCHA250829b37ca007,2025-08-29,CH01,repeated,33,323,9,7
TRPVAD250829de70206c,2025-08-29,GJ02,new,5,58,7,6
TRPJAI2508295803a17e,2025-08-29,RJ01,repeated,20,277,9,9
TRPLUC250829ff6a8308,2025-08-29,UP01,repeated,20,206,7,8
TRPCHA2508293a734cbe,2025-08-29,CH01,new,24,242,8,7
TRPCOI250829004937f6,2025-08-29,TN01,repeated,10,103,7,6
TRPMYS250829756b5188,2025-08-29,KA01,new,9,125,8,8
TRPVAD2508290afd9518,2025-08-29,GJ02,new,18,162,8,7
TRPJAI25082955027eb0,2025-08-29,RJ01,repeated,29,385,9,10
TRPCHA2508290f2cff34,2025-08-29,CH01,new,28,278,9,7
TRPCHA250829a6a571d7,2025-08-29,CH01,new,24,242,8,8
TRPLUC250829ef899655,2025-08-29,UP01,repeated,18,188,7,5
TRPSUR2508290fe7e943,2025-08-29,GJ01,repeated,16,147,5,6
TRPLUC250829556ad256,2025-08-29,UP01,repeated,19,197,5,7
TRPLUC250829724cec90,2025-08-29,UP01,repeated,14,152,5,8
TRPJAI250829fb0719d3,2025-08-29,RJ01,new,19,265,8,10
TRPLUC250829897e8586,2025-08-29,UP01,repeated,9,107,7,7
TRPJAI25082973775de6,2025-08-29,RJ01,new,32,421,10,9
TRPLUC2508295ff7f4c4,2025-08-29,UP01,repeated,5,71,7,5
TRPIND250829891d6d46,2025-08-29,MP01,new,22,199,8,7
TRPSUR2508299533d011,2025-08-29,GJ01,repeated,13,123,5,5
TRPLUC25082954aa608b,2025-08-29,UP01,repeated,18,188,5,8
TRPJAI2508297c8d0b22,2025-08-29,RJ01,new,43,553,9,10
TRPVAD250829a059c478,2025-08-29,GJ02,repeated,5,58,5,5
TRPJAI250829c0e97b73,2025-08-29,RJ01,repeated,32,421,7,9
TRPJAI25082936ef7402,2025-08-29,RJ01,repeated,26,349,7,9
TRPSUR2508292fde3b44,2025-08-29,GJ01,repeated,11,107,6,5
TRPJAI2508298cf04927,2025-08-29,RJ01,repeated,42,541,7,8
TRPLUC250829797b5930,2025-08-29,UP01,repeated,20,206,7,5
TRPMYS2508292169daf1,2025-08-29,KA01,repeated,8,115,8,9
TRPSUR250829ac7e581d,2025-08-29,GJ01,repeated,14,131,5,7
TRPLUC250829a0ef35d4,2025-08-29,UP01,repeated,18,188,6,5
TRPJAI2508290404f4cd,2025-08-29,RJ01,new,36,469,8,9
TRPKOC2508296c5a1966,2025-08-29,KL01,new,34,405,8,9
TRPJAI2508290f483cd0,2025-08-29,RJ01,new,18,253,9,8
TRPMYS250829529adf4b,2025-08-29,KA01,repeated,25,285,7,8
TRPVIS250829564566a5,2025-08-29,AP01,repeated,14,153,8,9
TRPIND2508293d9535b3,2025-08-29,MP01,repeated,14,135,7,8
TRPVAD250829b664d726,2025-08-29,GJ02,repeated,8,82,6,6
TRPCHA2508293f35e632,2025-08-29,CH01,new,12,134,7,8
TRPJAI2508298388f943,2025-08-29,RJ01,repeated,42,541,7,9
TRPCHA250829ada480e9,2025-08-29,CH01,new,12,134,10,7
TRPJAI25082936e0c477,2025-08-29,RJ01,new,18,253,9,8
TRPJAI250829a5d49072,2025-08-29,RJ01,new,16,229,10,10
TRPCOI250829bb9bad70,2025-08-29,TN01,new,8,87,7,9
TRPKOC250829256727ca,2025-08-29,KL01,new,35,416,9,8
TRPKOC250829e289a87b,2025-08-29,KL01,new,22,273,8,8
TRPCHA2508295b58ae17,2025-08-29,CH01,repeated,24,242,6,8
TRPCHA2508290214d13f,2025-08-29,CH01,repeated,14,152,7,6
TRPCOI2508293c8dca4a,2025-08-29,TN01,repeated,21,191,8,9
TRPCHA250829fd4bbe75,2025-08-29,CH01,new,30,296,8,7
TRPVAD250829e7ce2c73,2025-08-29,GJ02,new,6,66,7,8
TRPIND250829ad206cbe,2025-08-29,MP01,repeated,11,111,7,6
TRPVAD250829295ddbbd,2025-08-29,GJ02,repeated,10,98,6,8
TRPLUC250829e085643d,2025-08-29,UP01,new,10,116,7,7
TRPSUR25082993e6a3b9,2025-08-29,GJ01,repeated,17,155,6,7
TRPVAD250829d18ce3f9,2025-08-29,GJ02,repeated,10,98,5,7
TRPSUR250829149b2b0a,2025-08-29,GJ01,repeated,15,139,4,3
TRPCOI250829a883b706,2025-08-29,TN01,new,19,175,9,9
TRPCHA2508295e28af48,2025-08-29,CH01,repeated,27,269,9,7
TRPJAI2508295fb5952b,2025-08-29,RJ01,repeated,33,433,8,10
TRPIND250829ed6b4cf7,2025-08-29,MP01,repeated,22,199,8,8
TRPSUR250829ad942654,2025-08-29,GJ01,repeated,15,139,6,6
TRPLUC250829d9b4516e,2025-08-29,UP01,repeated,5,71,5,6
TRPVAD2508299aef4642,2025-08-29,GJ02,new,15,138,7,6
TRPLUC2508290269ced6,2025-08-29,UP01,repeated,11,125,6,6
TRPVIS2508294a6c18fa,2025-08-29,AP01,repeated,32,315,9,8
TRPLUC2508291ea79ab6,2025-08-29,UP01,repeated,15,161,5,7
TRPVAD2508290f8c700d,2025-08-29,GJ02,repeated,14,130,5,5
TRPKOC250829d0c945f8,2025-08-29,KL01,repeated,31,372,8,10
TRPKOC250829294a4b4c,2025-08-29,KL01,new,18,229,9,10
TRPMYS2508295983ae33,2025-08-29,KA01,new,23,265,10,10
TRPLUC2508299c9f4930,2025-08-29,UP01,repeated,5,71,7,8
TRPKOC250829c88a1ae7,2025-08-29,KL01,new,25,306,10,8
TRPCOI25082953617760,2025-08-29,TN01,repeated,11,111,7,7
TRPVIS250829486b6446,2025-08-29,AP01,repeated,13,144,8,8
TRPIND25082943cc825b,2025-08-29,MP01,repeated,22,199,7,6
TRPVIS2508298ed70bf8,2025-08-29,AP01,repeated,13,144,8,8
TRPCOI250829c1d8a64d,2025-08-29,TN01,new,11,111,10,7
TRPVIS250829d8e74b14,2025-08-29,AP01,new,17,180,9,10
TRPSUR250829834ecf13,2025-08-29,GJ01,repeated,5,59,6,7
TRPKOC250829e397afd4,2025-08-29,KL01,repeated,27,328,9,9
TRPVAD250829674ef0d9,2025-08-29,GJ02,new,7,74,7,8
TRPLUC250829ad6d5240,2025-08-29,UP01,repeated,16,170,6,5
TRPLUC250829b5ab7645,2025-08-29,UP01,repeated,13,143,6,8
TRPCOI2508292131e94e,2025-08-29,TN01,repeated,18,167,7,9
TRPCHA250829fe7bd06d,2025-08-29,CH01,new,14,152,10,7
TRPJAI250829de4722a5,2025-08-29,RJ01,new,40,517,9,10
TRPCOI25082950a465de,2025-08-29,TN01,repeated,14,135,8,8
TRPVAD250829aefc6f51,2025-08-29,GJ02,repeated,18,162,6,8
TRPJAI2508291a73d19a,2025-08-29,RJ01,new,30,397,10,9
TRPMYS250829e64b6c2f,2025-08-29,KA01,repeated,22,255,8,10
TRPSUR2508291bd61bb1,2025-08-29,GJ01,repeated,12,115,5,8
TRPVIS250829b51c2940,2025-08-29,AP01,new,27,270,9,9
TRPCHA25082933789eeb,2025-08-29,CH01,new,25,251,10,9
TRPIND250829b8032681,2025-08-29,MP01,repeated,14,135,8,7
TRPIND250829d7fadb6e,2025-08-29,MP01,new,12,119,7,7
TRPCHA2508296a4cb8a3,2025-08-29,CH01,repeated,21,215,8,9
TRPSUR250829746da823,2025-08-29,GJ01,new,12,115,9,6
TRPCHA2508292d91e0d3,2025-08-29,CH01,repeated,20,206,7,8
TRPSUR25082993418345,2025-08-29,GJ01,repeated,13,123,7,8
TRPKOC25082906e4c259,2025-08-29,KL01,repeated,34,405,8,9
TRPLUC250829420fcb01,2025-08-29,UP01,repeated,15,161,6,5
TRPSUR250829cf458913,2025-08-29,GJ01,new,11,107,9,8
TRPLUC2508290fba2f6a,2025-08-29,UP01,repeated,19,197,5,7
TRPCHA2508297a17c245,2025-08-29,CH01,repeated,25,251,6,7
TRPJAI2508291d4f6b06,2025-08-29,RJ01,repeated,43,553,7,10
TRPJAI250829b8750477,2025-08-29,RJ01,repeated,45,577,7,9
TRPIND2508298cefadec,2025-08-29,MP01,repeated,25,223,7,7
TRPLUC250829494e6fbb,2025-08-29,UP01,repeated,12,134,7,6
TRPSUR25082966b842e6,2025-08-29,GJ01,repeated,8,83,7,6
TRPJAI250829b9562a26,2025-08-29,RJ01,repeated,17,241,8,8
TRPJAI250829db0fff0b,2025-08-29,RJ01,new,36,469,9,8
TRPIND250829e1d97527,2025-08-29,MP01,new,11,111,7,9
TRPIND2508290f75642d,2025-08-29,MP01,repeated,10,103,6,6
TRPKOC250829a14287f7,2025-08-29,KL01,new,20,251,10,10
TRPVIS250829b9a7c299,2025-08-29,AP01,repeated,10,117,9,8
TRPKOC250829912e70d7,2025-08-29,KL01,new,17,218,9,8
TRPSUR25082940e6f4bd,2025-08-29,GJ01,repeated,7,75,5,7
TRPLUC2508293d2da713,2025-08-29,UP01,repeated,12,134,7,6
TRPJAI250829554abde0,2025-08-29,RJ01,repeated,43,553,9,10
TRPSUR25082988f13578,2025-08-29,GJ01,repeated,7,75,6,7
TRPVIS250829f822f054,2025-08-29,AP01,new,13,144,9,10
TRPIND250829bb2f211f,2025-08-29,MP01,repeated,24,215,9,6
TRPVAD25082994098d70,2025-08-29,GJ02,new,9,90,8,6
TRPCHA250829e7b694d5,2025-08-29,CH01,repeated,21,215,6,7
TRPMYS250829ff6776ae,2025-08-29,KA01,new,17,205,10,8
TRPCHA250829a45efae1,2025-08-29,CH01,repeated,15,161,6,9
TRPCOI250829422c7209,2025-08-29,TN01,new,9,95,7,8
TRPSUR250829eeb173ed,2025-08-29,GJ01,repeated,15,139,7,8
TRPJAI2508295c2b6272,2025-08-29,RJ01,new,36,469,8,8
TRPLUC2508292f727eb4,2025-08-29,UP01,repeated,7,89,5,6
TRPIND25082903d8404e,2025-08-29,MP01,repeated,20,183,9,7
TRPJAI2508298b059918,2025-08-29,RJ01,repeated,15,217,7,9
TRPLUC250829db805f78,2025-08-29,UP01,repeated,15,161,5,6
TRPLUC250829735928f3,2025-08-29,UP01,repeated,8,98,5,5
TRPSUR2508293d316871,2025-08-29,GJ01,repeated,9,91,5,5
TRPJAI250829ab2e28c1,2025-08-29,RJ01,new,28,373,10,8
TRPCHA250829ad9c9424,2025-08-29,CH01,repeated,14,152,9,6
TRPMYS25082903de67ba,2025-08-29,KA01,repeated,14,175,9,10
TRPLUC2508291e49852a,2025-08-29,UP01,new,12,134,7,8
TRPVAD25082944b5c11c,2025-08-29,GJ02,new,18,162,9,7
TRPSUR250829aff8fac4,2025-08-29,GJ01,repeated,5,59,7,6
TRPVAD25082924ec0652,2025-08-29,GJ02,repeated,8,82,5,8
TRPLUC25082918d84e7b,2025-08-29,UP01,new,20,206,8,6
TRPVAD25082924acbb01,2025-08-29,GJ02,repeated,8,82,7,8
TRPKOC250829894c1a57,2025-08-29,KL01,new,19,240,9,10
TRPLUC250829b83b7c77,2025-08-29,UP01,new,13,143,8,7
TRPIND250829d27f5315,2025-08-29,MP01,new,8,87,8,8
TRPCOI250829440a7028,2025-08-29,TN01,repeated,18,167,6,6
TRPLUC250829359a5366,2025-08-29,UP01,repeated,8,98,6,5
TRPVAD250829ddfe01d5,2025-08-29,GJ02,repeated,10,98,7,8
TRPCHA250829678a62fc,2025-08-29,CH01,repeated,35,341,8,7
TRPJAI250829afbd413b,2025-08-29,RJ01,repeated,24,325,7,8
TRPJAI250829acabd10a,2025-08-29,RJ01,new,34,445,10,9
TRPCOI2508297ab55ee5,2025-08-29,TN01,repeated,18,167,8,6
TRPVAD250829666f28aa,2025-08-29,GJ02,repeated,10,98,6,6
TRPCHA2508299cddea18,2025-08-29,CH01,new,12,134,7,8
TRPMYS25082902c7022f,2025-08-29,KA01,new,18,215,10,8
TRPLUC2508297bdd651b,2025-08-29,UP01,new,19,197,8,8
TRPVAD250829bf1a32e3,2025-08-29,GJ02,new,7,74,7,6
TRPJAI2508296b8efa1e,2025-08-29,RJ01,new,37,481,10,9
TRPVAD2508291d7edb17,2025-08-29,GJ02,new,9,90,8,8
TRPSUR250829731dafcb,2025-08-29,GJ01,repeated,17,155,5,5
TRPVIS25082932f567ec,2025-08-29,AP01,new,27,270,8,10
TRPLUC250829c5e989d4,2025-08-29,UP01,repeated,9,107,6,6
TRPKOC250829193b90d6,2025-08-29,KL01,repeated,33,394,8,9
TRPIND250829eec3bffa,2025-08-29,MP01,repeated,23,207,8,8
TRPVAD250829056056bd,2025-08-29,GJ02,repeated,5,58,5,5
TRPKOC25082962e31731,2025-08-29,KL01,new,29,350,8,9
TRPJAI25082992450ce7,2025-08-29,RJ01,new,30,397,9,10
TRPJAI2508298c354a74,2025-08-29,RJ01,new,21,289,9,10
TRPLUC250829648aa20e,2025-08-29,UP01,repeated,17,179,6,8
TRPVAD25082907ab2c20,2025-08-29,GJ02,new,18,162,9,6
TRPSUR2508298607032f,2025-08-29,GJ01,repeated,8,83,7,5
TRPJAI25082922ea7720,2025-08-29,RJ01,new,26,349,10,8
TRPLUC2508292d7aae2d,2025-08-29,UP01,repeated,12,134,6,8
TRPVAD250829e8ae66c4,2025-08-29,GJ02,repeated,5,58,5,5
TRPLUC25082996f99399,2025-08-29,UP01,repeated,11,125,6,7
TRPJAI250829d6015044,2025-08-29,RJ01,new,33,433,9,10
TRPSUR250829cd5ebbb1,2025-08-29,GJ01,repeated,6,67,5,8
TRPLUC250829eb0fbdb5,2025-08-29,UP01,new,7,89,9,7
TRPJAI25082981e9c2f2,2025-08-29,RJ01,new,45,577,10,10
TRPSUR2508298e57bfb0,2025-08-29,GJ01,repeated,12,115,6,8
TRPSUR2508294a401e16,2025-08-29,GJ01,repeated,9,91,7,6
TRPSUR25082974314ece,2025-08-29,GJ01,repeated,12,115,6,5
TRPJAI2508294001bdc6,2025-08-29,RJ01,new,17,241,10,10
TRPJAI250829055a33ae,2025-08-29,RJ01,new,22,301,10,10
TRPLUC2508298ce6a805,2025-08-29,UP01,repeated,10,116,7,8
TRPSUR250829e4474635,2025-08-29,GJ01,repeated,16,147,7,5
TRPSUR250829db7af9f1,2025-08-29,GJ01,repeated,7,75,7,5
TRPMYS25082983764e5b,2025-08-29,KA01,repeated,19,225,7,9
TRPJAI2508292e05eee7,2025-08-29,RJ01,new,32,421,8,8
TRPSUR25082973cf4b58,2025-08-29,GJ01,repeated,17,155,6,8
TRPMYS250829d91e2cd5,2025-08-29,KA01,repeated,10,135,7,10
TRPVAD2508293908c3ca,2025-08-29,GJ02,repeated,12,114,6,8
TRPJAI250829c7ab0027,2025-08-29,RJ01,new,26,349,9,9
TRPJAI250829b8961bf2,2025-08-29,RJ01,new,31,409,9,8
TRPLUC250829c386444d,2025-08-29,UP01,repeated,19,197,7,5
TRPLUC25082951e8595b,2025-08-29,UP01,repeated,6,80,7,5
TRPLUC25082967cc5400,2025-08-29,UP01,repeated,17,179,7,7
TRPLUC250829fa5d21d4,2025-08-29,UP01,repeated,13,143,5,8
TRPLUC250829ca9b8fc3,2025-08-29,UP01,repeated,5,71,6,6
TRPMYS25082916e57c15,2025-08-29,KA01,new,19,225,10,10
TRPJAI250829b89a1cb6,2025-08-29,RJ01,repeated,45,577,7,9
TRPLUC250829f13466de,2025-08-29,UP01,repeated,9,107,7,6
TRPCOI2508293d38353d,2025-08-29,TN01,new,12,119,9,7
TRPJAI250829e11ad258,2025-08-29,RJ01,new,15,217,10,10
TRPJAI250829aed65163,2025-08-29,RJ01,repeated,29,385,7,10
TRPKOC250829a0c2d813,2025-08-29,KL01,new,23,284,8,9
TRPLUC250829c01f192c,2025-08-29,UP01,repeated,10,116,7,6
TRPCOI25082933e011df,2025-08-29,TN01,new,10,103,10,8
TRPVAD2508298dd3c329,2025-08-29,GJ02,repeated,7,74,6,7
TRPIND25082987858d44,2025-08-29,MP01,repeated,19,175,7,8
TRPVAD250829dd740c9d,2025-08-29,GJ02,repeated,7,74,5,6
TRPCHA250829e1286418,2025-08-29,CH01,new,27,269,7,9
TRPKOC250829fcddc298,2025-08-29,KL01,new,32,383,8,9
TRPLUC250829d1d40165,2025-08-29,UP01,repeated,10,116,5,8
TRPSUR250829345ee17b,2025-08-29,GJ01,repeated,6,67,5,6
TRPKOC250829b34d71c0,2025-08-29,KL01,repeated,27,328,9,8
TRPKOC2508295010905d,2025-08-29,KL01,repeated,27,328,9,10
TRPVAD250829c83721ff,2025-08-29,GJ02,repeated,17,154,7,6
TRPSUR25082931fdb2d2,2025-08-29,GJ01,repeated,10,99,2,2
TRPCHA2508298df6403d,2025-08-29,CH01,repeated,12,134,8,8
TRPSUR2508290fd132a9,2025-08-29,GJ01,repeated,12,115,5,5
TRPLUC2508294abb6d1b,2025-08-29,UP01,repeated,7,89,5,6
TRPVAD250829e552845d,2025-08-29,GJ02,new,9,90,8,6
TRPLUC250829363ff37d,2025-08-29,UP01,new,8,98,7,8
TRPMYS2508297c165989,2025-08-29,KA01,new,15,185,8,10
TRPLUC250829832ce9f5,2025-08-29,UP01,repeated,16,170,6,8
TRPLUC250829a0fb2a04,2025-08-29,UP01,repeated,17,179,5,5
TRPIND250829ade8e9fc,2025-08-29,MP01,new,12,119,7,9
TRPCHA250829f86c1150,2025-08-29,CH01,repeated,12,134,8,6
TRPVIS250829f85db55b,2025-08-29,AP01,repeated,34,333,7,10
TRPLUC2508299af42e5a,2025-08-29,UP01,new,7,89,8,6
TRPSUR25082978da9ce3,2025-08-29,GJ01,repeated,9,91,5,7
TRPJAI250829be76dbfa,2025-08-29,RJ01,new,28,373,8,10
TRPSUR250829198f8726,2025-08-29,GJ01,repeated,13,123,7,8
TRPCHA250829871b1992,2025-08-29,CH01,new,25,251,8,8
TRPJAI250829d8ec8e22,2025-08-29,RJ01,new,41,529,8,10
TRPLUC2508296cc6680e,2025-08-29,UP01,repeated,15,161,5,5
TRPLUC2508290b5965cc,2025-08-29,UP01,new,9,107,8,6
TRPCOI2508299e721269,2025-08-29,TN01,repeated,9,95,7,7
TRPJAI2508295bde62e6,2025-08-29,RJ01,new,44,565,10,9
TRPJAI25082948d5080e,2025-08-29,RJ01,new,27,361,9,9
TRPLUC2508299c4868dd,2025-08-29,UP01,repeated,6,80,6,8
TRPKOC250829f597264b,2025-08-29,KL01,new,31,372,8,10
TRPJAI25082943796ae7,2025-08-29,RJ01,new,44,565,9,9
TRPLUC2508298be93607,2025-08-29,UP01,repeated,9,107,5,5
TRPJAI250829ec47232c,2025-08-29,RJ01,new,44,565,9,8
TRPKOC2508294c4c704d,2025-08-29,KL01,new,25,306,9,9
TRPLUC2508293e685da8,2025-08-29,UP01,new,20,206,9,7
TRPKOC25082913711104,2025-08-29,KL01,repeated,28,339,9,8
TRPLUC25082967789465,2025-08-29,UP01,repeated,5,71,5,7
TRPCHA250829e6737b77,2025-08-29,CH01,repeated,28,278,9,8
TRPMYS250829d99d440a,2025-08-29,KA01,new,21,245,9,10
TRPCHA250829e6a0ed1a,2025-08-29,CH01,new,15,161,10,8
TRPLUC250829922e20df,2025-08-29,UP01,repeated,20,206,7,8
TRPVIS25082910db043c,2025-08-29,AP01,new,17,180,10,9
TRPLUC25082920bc792b,2025-08-29,UP01,repeated,7,89,5,5
TRPVAD250829993c5165,2025-08-29,GJ02,repeated,7,74,7,5
TRPCOI2508294304c944,2025-08-29,TN01,new,19,175,7,9
TRPJAI250829b8859890,2025-08-29,RJ01,new,24,325,9,8
TRPJAI2508290d575945,2025-08-29,RJ01,new,26,349,10,9
TRPLUC250829f64713d0,2025-08-29,UP01,repeated,17,179,7,5
TRPLUC250829253fab52,2025-08-29,UP01,new,9,107,8,6
TRPLUC2508292e69f00b,2025-08-29,UP01,repeated,17,179,6,7
TRPJAI250829f832f277,2025-08-29,RJ01,repeated,28,373,9,10
TRPKOC2508297092a3fe,2025-08-29,KL01,repeated,20,251,7,10
TRPCHA250829da95be0d,2025-08-29,CH01,new,15,161,7,7
TRPCHA250829019126a6,2025-08-29,CH01,repeated,18,188,7,8
TRPVIS25082922620fe3,2025-08-29,AP01,new,14,153,9,10
TRPLUC2508292a050387,2025-08-29,UP01,repeated,5,71,7,5
TRPJAI2508299ea27370,2025-08-29,RJ01,repeated,28,373,8,8
TRPCHA250829462877dc,2025-08-29,CH01,repeated,16,170,6,6
TRPJAI250829b8cce8d5,2025-08-29,RJ01,new,38,493,9,9
TRPMYS250829124ebe5f,2025-08-29,KA01,repeated,12,155,9,10
TRPSUR250829c82e505e,2025-08-29,GJ01,new,8,83,8,6
TRPCHA250829720f8c67,2025-08-29,CH01,repeated,32,314,6,8
TRPKOC250829c37484e0,2025-08-29,KL01,new,15,196,10,10
TRPCOI250829cacda3ec,2025-08-29,TN01,new,12,119,7,8
TRPLUC250829a3ea1726,2025-08-29,UP01,repeated,20,206,6,7
TRPLUC250829365a9e49,2025-08-29,UP01,repeated,15,161,6,7
TRPJAI2508299a924b68,2025-08-29,RJ01,new,15,217,8,9
TRPMYS2508294ffe877d,2025-08-29,KA01,repeated,18,215,8,10
TRPJAI2508293cafeedd,2025-08-29,RJ01,new,18,253,8,9
TRPSUR250829b7d92613,2025-08-29,GJ01,new,7,75,8,7
TRPCOI2508299b1d7b9b,2025-08-29,TN01,repeated,21,191,9,9
TRPCHA250829237e32d7,2025-08-29,CH01,new,17,179,10,9
TRPLUC25082936d3e12b,2025-08-29,UP01,repeated,11,125,5,6
TRPJAI250829a1265c0b,2025-08-29,RJ01,new,44,565,10,8
TRPSUR250829cdeb5d99,2025-08-29,GJ01,repeated,10,99,6,8
TRPJAI2508297a6a6d14,2025-08-29,RJ01,new,21,289,8,9
TRPVAD25082956bfec99,2025-08-29,GJ02,new,12,114,9,7
TRPLUC250829497f4a56,2025-08-29,UP01,repeated,12,134,5,7
TRPVIS2508293ab66f1e,2025-08-29,AP01,repeated,31,306,9,10
TRPIND250829605f625f,2025-08-29,MP01,repeated,16,151,7,9
TRPLUC250829166296ae,2025-08-29,UP01,repeated,6,80,6,8
TRPLUC250829eddf0dc3,2025-08-29,UP01,new,9,107,8,8
TRPSUR250829626d9039,2025-08-29,GJ01,repeated,7,75,7,7
TRPSUR250829223a6e2c,2025-08-29,GJ01,repeated,8,83,1,1
TRPCOI2508292d68067f,2025-08-29,TN01,new,18,167,7,9
TRPKOC250829ad4730b3,2025-08-29,KL01,new,24,295,8,8
TRPCHA25082950dabc1f,2025-08-29,CH01,repeated,27,269,9,7
TRPVIS250829b9d42fed,2025-08-29,AP01,repeated,16,171,9,8
TRPSUR250829a3a924bd,2025-08-29,GJ01,repeated,7,75,7,6
TRPCHA250829bdcb7d8a,2025-08-29,CH01,new,13,143,8,7
TRPLUC25082964852ac3,2025-08-29,UP01,repeated,12,134,5,8
TRPCHA250829e1858e2c,2025-08-29,CH01,repeated,14,152,9,7
TRPJAI250829cd1d72fe,2025-08-29,RJ01,new,21,289,10,8
TRPLUC250829d7495f83,2025-08-29,UP01,repeated,6,80,6,6
TRPIND250829164b83ed,2025-08-29,MP01,new,16,151,9,8
TRPMYS250829a86ad7da,2025-08-29,KA01,new,22,255,10,10
TRPIND2508291cd25faf,2025-08-29,MP01,new,9,95,10,9
TRPSUR250829d2135467,2025-08-29,GJ01,repeated,8,83,6,8
TRPLUC2508294d725f15,2025-08-29,UP01,repeated,12,134,6,5
TRPIND2508292f3e5197,2025-08-29,MP01,repeated,12,119,6,6
TRPJAI2508292f0d571e,2025-08-29,RJ01,new,28,373,9,10
TRPVAD2508299731dadc,2025-08-29,GJ02,repeated,13,122,5,5
TRPKOC2508294c40c886,2025-08-29,KL01,repeated,19,240,9,8
TRPKOC250829e4b04e3b,2025-08-29,KL01,repeated,17,218,7,10
TRPLUC250829fdc3a94b,2025-08-29,UP01,new,8,98,7,7
TRPSUR250829256462a6,2025-08-29,GJ01,repeated,12,115,7,7
TRPSUR250829b2c25423,2025-08-29,GJ01,repeated,11,107,6,5
TRPVIS250829b8c3a41b,2025-08-29,AP01,repeated,12,135,7,10
TRPLUC250829ac8057d6,2025-08-29,UP01,repeated,7,89,7,6
TRPJAI250829acea7c27,2025-08-29,RJ01,new,22,301,9,8
TRPVAD2508298e350742,2025-08-29,GJ02,repeated,6,66,7,7
TRPIND2508291e9f85e2,2025-08-29,MP01,repeated,16,151,7,9
TRPJAI250829a9d14a41,2025-08-29,RJ01,repeated,23,313,8,9
TRPCHA2508290079c195,2025-08-29,CH01,repeated,20,206,8,8
TRPJAI2508297e2ff6fd,2025-08-29,RJ01,new,23,313,8,8
TRPLUC250829e42b92eb,2025-08-29,UP01,new,12,134,8,7
TRPJAI250829ef9292ab,2025-08-29,RJ01,new,25,337,9,10
TRPLUC250829b1a71b65,2025-08-29,UP01,repeated,12,134,5,6
TRPLUC2508292549e69b,2025-08-29,UP01,repeated,19,197,5,7
TRPSUR250829220fe24f,2025-08-29,GJ01,repeated,5,59,7,8
TRPIND2508296306edba,2025-08-29,MP01,repeated,8,87,9,9
TRPIND250829372eb431,2025-08-29,MP01,repeated,22,199,7,9
TRPLUC250829dd2bad36,2025-08-29,UP01,repeated,5,71,6,5
TRPCOI250829d86e5d94,2025-08-29,TN01,new,18,167,7,9
TRPLUC250829bf2d25c5,2025-08-29,UP01,repeated,13,143,5,8
TRPVIS250829be1e7698,2025-08-29,AP01,repeated,28,279,8,10
TRPVAD250829bc961459,2025-08-29,GJ02,repeated,16,146,5,8
TRPKOC2508293bfe66ea,2025-08-29,KL01,new,29,350,8,10
TRPCHA25082950494e4f,2025-08-29,CH01,repeated,25,251,9,9
TRPLUC250829c6d7841a,2025-08-29,UP01,repeated,14,152,7,8
TRPCHA2508297a11c8fb,2025-08-29,CH01,new,17,179,9,8
TRPSUR250829109f3234,2025-08-29,GJ01,repeated,11,107,5,6
TRPLUC250829372c9f38,2025-08-29,UP01,repeated,14,152,5,8
TRPJAI2508291b5bfb13,2025-08-29,RJ01,new,16,229,8,9
TRPJAI2508296e041eb2,2025-08-29,RJ01,new,32,421,9,8
TRPCOI250829338a6896,2025-08-29,TN01,repeated,16,151,6,8
TRPLUC2508295082931b,2025-08-29,UP01,repeated,10,116,7,7
TRPCOI250829e9c4c654,2025-08-29,TN01,repeated,18,167,8,7
TRPCOI250829e0ff0b41,2025-08-29,TN01,new,15,143,7,9
TRPSUR2508298b5a75f5,2025-08-29,GJ01,repeated,8,83,7,7
TRPKOC25082958f7d3a5,2025-08-29,KL01,repeated,36,427,7,9
TRPJAI2508291022f0eb,2025-08-29,RJ01,new,38,493,10,10
TRPKOC2508296cb46e50,2025-08-29,KL01,new,30,361,9,10
TRPKOC250829eeadda45,2025-08-29,KL01,repeated,30,361,9,10
TRPJAI2508296803b337,2025-08-29,RJ01,new,24,325,10,8
TRPLUC250829c1352a2e,2025-08-29,UP01,repeated,19,197,5,8
TRPLUC2508291af8fc38,2025-08-29,UP01,new,17,179,9,7
TRPSUR250829f484d106,2025-08-29,GJ01,repeated,6,67,6,8
TRPLUC2508298cea58be,2025-08-29,UP01,repeated,11,125,6,7
TRPCHA2508299ad20969,2025-08-29,CH01,new,33,323,10,7
TRPJAI250829b94effd3,2025-08-29,RJ01,new,43,553,8,10
TRPLUC2508298bfe55aa,2025-08-29,UP01,new,18,188,7,6
TRPLUC250829b5dc16bb,2025-08-29,UP01,new,5,71,8,7
TRPVAD250829014e2d6e,2025-08-29,GJ02,repeated,9,90,5,6
TRPLUC250829929157e6,2025-08-29,UP01,repeated,15,161,6,8
TRPKOC2508298bafadf1,2025-08-29,KL01,repeated,38,449,8,8
TRPJAI2508293caeea58,2025-08-29,RJ01,new,29,385,9,10
TRPVAD250829878d68e0,2025-08-29,GJ02,repeated,12,114,7,7
TRPLUC250829e2b313a8,2025-08-29,UP01,repeated,5,71,5,5
TRPSUR250829084ba9c8,2025-08-29,GJ01,repeated,16,147,5,5
TRPJAI250829f0d13c55,2025-08-29,RJ01,repeated,38,493,7,8
TRPSUR2508294ae9ef58,2025-08-29,GJ01,repeated,16,147,5,5
TRPLUC250829e55f07fb,2025-08-29,UP01,repeated,13,143,6,6
TRPIND25082925514a61,2025-08-29,MP01,new,24,215,7,7
TRPSUR250829cd4d4b71,2025-08-29,GJ01,repeated,16,147,5,7
TRPCOI250829eba98014,2025-08-29,TN01,repeated,20,183,8,8
TRPSUR2508293732bc15,2025-08-29,GJ01,new,13,123,9,7
TRPIND25082914bf0c10,2025-08-29,MP01,repeated,16,151,7,8
TRPCOI250829799cb3d7,2025-08-29,TN01,repeated,13,127,6,8
TRPVAD250829465f490c,2025-08-29,GJ02,repeated,13,122,5,7
TRPJAI2508297c13bb6c,2025-08-29,RJ01,repeated,42,541,9,9
TRPIND250829a8f330f4,2025-08-29,MP01,new,14,135,9,8
TRPLUC250829c9df8fdd,2025-08-29,UP01,repeated,10,116,5,5
TRPVIS2508290402029d,2025-08-29,AP01,new,24,243,9,10
TRPSUR2508294172aab3,2025-08-29,GJ01,repeated,6,67,5,8
TRPSUR250829e8070a54,2025-08-29,GJ01,repeated,6,67,6,7
TRPKOC2508296ed6f190,2025-08-29,KL01,repeated,21,262,7,8
TRPSUR2508297a90a969,2025-08-29,GJ01,repeated,12,115,6,5
TRPCOI250829f8a7e184,2025-08-29,TN01,new,9,95,10,9
TRPVIS250829280b53c8,2025-08-29,AP01,new,30,297,10,10
TRPSUR250829b0246f2e,2025-08-29,GJ01,new,10,99,9,6
TRPLUC250829dd1c0cf9,2025-08-29,UP01,repeated,5,71,6,5
TRPLUC25082918070554,2025-08-29,UP01,repeated,17,179,6,5
TRPJAI2508295e4b2262,2025-08-29,RJ01,new,21,289,9,10
TRPKOC2508293b903225,2025-08-29,KL01,new,23,284,8,10
TRPSUR2508297841a211,2025-08-29,GJ01,repeated,17,155,6,8
TRPLUC250829341747bd,2025-08-29,UP01,new,19,197,9,6
TRPIND250829b2a05e6d,2025-08-29,MP01,repeated,19,175,7,7
TRPCHA2508294257e54c,2025-08-29,CH01,repeated,33,323,8,7
TRPLUC250829615b5b73,2025-08-29,UP01,repeated,15,161,6,8
TRPVAD250829562ebb68,2025-08-29,GJ02,new,18,162,9,6
TRPSUR250829d25dcd1d,2025-08-29,GJ01,repeated,7,75,6,5
TRPVAD250829e083c5a3,2025-08-29,GJ02,repeated,10,98,5,5
TRPSUR250829f40ddceb,2025-08-29,GJ01,new,8,83,7,6
TRPCOI250829d1a0a9f2,2025-08-29,TN01,repeated,21,191,9,9
TRPLUC25082977811eb9,2025-08-29,UP01,new,10,116,8,6
TRPVAD2508291ebe7a04,2025-08-29,GJ02,repeated,18,162,7,6
TRPSUR25082982969660,2025-08-29,GJ01,repeated,13,123,6,6
TRPVAD2508293f67ef6e,2025-08-29,GJ02,repeated,7,74,7,8
TRPJAI250829d7eefafa,2025-08-29,RJ01,repeated,30,397,9,9
TRPCOI25082932a770ca,2025-08-29,TN01,repeated,9,95,6,9
TRPKOC2508293d06db62,2025-08-29,KL01,repeated,16,207,9,10
TRPLUC25082961c89ff2,2025-08-29,UP01,repeated,19,197,5,8
TRPLUC25082934e4ac34,2025-08-29,UP01,repeated,15,161,5,8
TRPIND2508292cc860b6,2025-08-29,MP01,repeated,21,191,7,8
TRPSUR250829b52df93d,2025-08-29,GJ01,repeated,14,131,7,7
TRPIND25082979513e92,2025-08-29,MP01,repeated,21,191,9,8
TRPJAI2508293d7bdb6a,2025-08-29,RJ01,new,26,349,9,8
TRPVIS25082918998569,2025-08-29,AP01,new,23,234,10,10
TRPLUC250829d2f94ef6,2025-08-29,UP01,repeated,12,134,5,6
TRPLUC250829370899fb,2025-08-29,UP01,repeated,12,134,7,5
TRPLUC250829d93c2c0b,2025-08-29,UP01,repeated,12,134,6,7
TRPJAI25082929692f1d,2025-08-29,RJ01,new,35,457,10,9
TRPJAI25082994c9ae8e,2025-08-29,RJ01,repeated,39,505,9,10
TRPSUR25082982432182,2025-08-29,GJ01,repeated,5,59,7,8
TRPVIS2508295fe34832,2025-08-29,AP01,new,24,243,8,10
TRPKOC2508292fb5990a,2025-08-29,KL01,repeated,28,339,9,10
TRPSUR2508299a80df01,2025-08-29,GJ01,repeated,12,115,6,7
TRPJAI25082911503cc8,2025-08-29,RJ01,repeated,31,409,8,9
TRPSUR250829c86e6dc8,2025-08-29,GJ01,new,11,107,8,7
TRPCHA25082968671c17,2025-08-29,CH01,repeated,35,341,7,9
TRPLUC250829e8d0d2e7,2025-08-29,UP01,repeated,14,152,5,5
TRPCHA250829c11c086e,2025-08-29,CH01,repeated,33,323,9,7
TRPCHA25082953ad3bcd,2025-08-29,CH01,repeated,26,260,9,6
TRPJAI250829acd4c3b0,2025-08-29,RJ01,new,23,313,8,9
TRPVAD25082907e95158,2025-08-29,GJ02,new,11,106,7,7
TRPLUC2508299e2621db,2025-08-29,UP01,new,8,98,8,6
TRPJAI250829e3934816,2025-08-29,RJ01,new,33,433,8,9
TRPVAD250829f736b0ba,2025-08-29,GJ02,repeated,10,98,7,8
TRPSUR2508299f7b65d5,2025-08-29,GJ01,repeated,14,131,7,7
TRPVAD2508298900788b,2025-08-29,GJ02,new,16,146,9,6
TRPSUR250829b3537212,2025-08-29,GJ01,repeated,6,67,6,5
TRPMYS2508298efdf878,2025-08-29,KA01,new,11,145,8,10
TRPSUR250829bc9d99ad,2025-08-29,GJ01,repeated,13,123,6,8
TRPLUC250829d0ba4a20,2025-08-29,UP01,new,19,197,7,7
TRPJAI250829ba9beffa,2025-08-29,RJ01,new,37,481,10,10
TRPIND25082933a67d90,2025-08-29,MP01,repeated,18,167,8,7
TRPSUR250829603a6144,2025-08-29,GJ01,repeated,8,83,5,5
TRPVAD250829f209e3cf,2025-08-29,GJ02,repeated,17,154,6,5
TRPLUC2508298006a357,2025-08-29,UP01,repeated,20,206,7,7
TRPLUC2508290b8ac5bc,2025-08-29,UP01,new,8,98,8,7
TRPIND250829ecc94942,2025-08-29,MP01,new,15,143,9,8
TRPCOI25082906bce14c,2025-08-29,TN01,new,18,167,9,8
TRPVIS25082935ac576d,2025-08-29,AP01,repeated,17,180,9,9
TRPLUC250829b56fd530,2025-08-29,UP01,new,12,134,8,7
TRPIND250829f97d303a,2025-08-29,MP01,repeated,12,119,8,8
TRPJAI2508290df0082b,2025-08-29,RJ01,new,44,565,10,10
TRPLUC25082932c0ef3b,2025-08-29,UP01,repeated,18,188,7,6
TRPJAI250829bb210d36,2025-08-29,RJ01,new,45,577,8,8
TRPCOI250829188d56b2,2025-08-29,TN01,new,16,151,8,8
TRPLUC250829a61a750b,2025-08-29,UP01,new,6,80,8,6
TRPJAI250829c6e584b1,2025-08-29,RJ01,new,15,217,10,10
TRPIND2508292431918c,2025-08-29,MP01,repeated,16,151,9,8
TRPSUR25082925a16d66,2025-08-29,GJ01,repeated,16,147,6,6
TRPSUR2508296425dad6,2025-08-29,GJ01,new,14,131,9,7
TRPJAI250829550f6cdc,2025-08-29,RJ01,new,18,253,10,9
TRPLUC250829b9c7de03,2025-08-29,UP01,new,7,89,9,7
TRPLUC2508292516775d,2025-08-29,UP01,new,8,98,7,6
TRPLUC250829d1016c5d,2025-08-29,UP01,new,10,116,7,7
TRPVAD250829ba00af13,2025-08-29,GJ02,repeated,15,138,6,8
TRPKOC2508290240cb07,2025-08-29,KL01,new,18,229,8,10
TRPVAD250829c03920b8,2025-08-29,GJ02,repeated,5,58,5,8
TRPLUC2508294c3736a2,2025-08-29,UP01,repeated,18,188,7,8
TRPMYS250829a377ab0f,2025-08-29,KA01,new,20,235,10,9
TRPKOC2508299f03d899,2025-08-29,KL01,repeated,35,416,7,9
TRPCOI2508293cabf32d,2025-08-29,TN01,new,13,127,8,7
TRPLUC250829e7c33dff,2025-08-29,UP01,repeated,10,116,7,5
TRPSUR250829ea4b79f3,2025-08-29,GJ01,new,5,59,9,6
TRPCOI250829b37d6bd3,2025-08-29,TN01,new,12,119,9,8
TRPCHA250829c87826ef,2025-08-29,CH01,repeated,33,323,8,8
TRPKOC2508297e85e8c7,2025-08-29,KL01,new,16,207,8,10
TRPSUR2508295d1e5243,2025-08-29,GJ01,repeated,17,155,7,8
TRPSUR250829ed1c0bc9,2025-08-29,GJ01,repeated,10,99,7,5
TRPCOI250829fa61ae09,2025-08-29,TN01,repeated,19,175,8,6
TRPSUR2508291d5bd56f,2025-08-29,GJ01,repeated,5,59,5,5
TRPJAI250829633e48fb,2025-08-29,RJ01,new,35,457,8,10
TRPKOC2508290da2e97c,2025-08-29,KL01,new,29,350,9,9
TRPLUC250829394f5316,2025-08-29,UP01,new,20,206,9,6
TRPSUR250829eacb221a,2025-08-29,GJ01,new,10,99,8,8
TRPLUC2508291c89b103,2025-08-29,UP01,repeated,15,161,7,5
TRPJAI250829ffc9888f,2025-08-29,RJ01,repeated,42,541,7,10
TRPVAD250829634876c7,2025-08-29,GJ02,new,8,82,7,7
TRPCOI250829e2bc574c,2025-08-29,TN01,repeated,18,167,6,8
TRPCHA2508290840fd44,2025-08-29,CH01,new,33,323,7,9
TRPJAI250829b56c0356,2025-08-29,RJ01,repeated,43,553,8,10
TRPIND25082979418435,2025-08-29,MP01,repeated,19,175,9,6
TRPKOC250829271d3649,2025-08-29,KL01,new,24,295,9,8
TRPSUR250829436500f3,2025-08-29,GJ01,repeated,5,59,7,7
TRPLUC25082974c37f4f,2025-08-29,UP01,new,17,179,7,8
TRPIND2508298fc860be,2025-08-29,MP01,new,8,87,9,9
TRPIND2508298bfc1f5e,2025-08-29,MP01,repeated,12,119,6,9
TRPLUC2508299d80cd29,2025-08-29,UP01,repeated,17,179,6,8
TRPKOC250829a6acc227,2025-08-29,KL01,repeated,12,163,9,10
TRPJAI250829a90b2eef,2025-08-29,RJ01,new,24,325,8,8
TRPCOI2508296470a166,2025-08-29,TN01,repeated,10,103,8,8
TRPVAD250829ef70ce1f,2025-08-29,GJ02,new,10,98,8,7
TRPVIS250829631bc76c,2025-08-29,AP01,repeated,32,315,7,10
TRPSUR2508297016e575,2025-08-29,GJ01,repeated,5,59,6,7
TRPCOI250829eef873fd,2025-08-29,TN01,new,15,143,10,7
TRPLUC250829cf44fc11,2025-08-29,UP01,repeated,7,89,5,6
TRPSUR250829a0e03b65,2025-08-29,GJ01,repeated,12,115,5,5
TRPLUC25082994e99bbe,2025-08-29,UP01,new,18,188,9,7
TRPLUC250829ad18c8e6,2025-08-29,UP01,new,18,188,8,7
TRPJAI25082931619990,2025-08-29,RJ01,repeated,31,409,9,10
TRPVAD250829912fb3dd,2025-08-29,GJ02,repeated,17,154,7,7
TRPKOC2508295078e207,2025-08-29,KL01,new,18,229,9,10
TRPSUR25082986d35a8e,2025-08-29,GJ01,repeated,14,131,7,6
TRPSUR25082999a41f96,2025-08-29,GJ01,repeated,9,91,6,6
TRPLUC25082957b46e26,2025-08-29,UP01,repeated,9,107,6,8
TRPJAI25082975be048b,2025-08-29,RJ01,new,35,457,2,2
TRPLUC250829deee3eee,2025-08-29,UP01,repeated,20,206,6,7
TRPJAI25082938595cab,2025-08-29,RJ01,repeated,18,253,8,8
TRPJAI250829dfd4051f,2025-08-29,RJ01,new,26,349,9,8
TRPLUC2508298b300ce8,2025-08-29,UP01,repeated,15,161,5,7
TRPJAI250829bff39732,2025-08-29,RJ01,repeated,37,481,7,10
TRPVIS25082908f65075,2025-08-29,AP01,new,16,171,9,10
TRPKOC2508296173940f,2025-08-29,KL01,new,17,218,8,9
TRPKOC25082914fe8ef6,2025-08-29,KL01,new,26,317,9,8
TRPVAD250829ea111d82,2025-08-29,GJ02,repeated,11,106,7,7
TRPVAD25082965c90f74,2025-08-29,GJ02,repeated,11,106,6,8
TRPIND2508295a25e426,2025-08-29,MP01,repeated,22,199,6,9
TRPVAD250829096aa1a1,2025-08-29,GJ02,new,9,90,9,8
TRPSUR2508295a3e2e15,2025-08-29,GJ01,repeated,10,99,7,7
TRPCOI250829092380ab,2025-08-29,TN01,new,14,135,8,9
TRPJAI2508295cdfa87f,2025-08-29,RJ01,repeated,31,409,9,10
TRPJAI250829e1a4ffa4,2025-08-29,RJ01,repeated,37,481,9,8
TRPVAD2508295edbb32c,2025-08-29,GJ02,repeated,14,130,6,7
TRPVAD250829a924a675,2025-08-29,GJ02,new,7,74,9,8
TRPLUC2508290e44394b,2025-08-29,UP01,repeated,16,170,5,8
TRPLUC250829f0ec40cb,2025-08-29,UP01,repeated,13,143,5,8
TRPMYS250829060fa3e0,2025-08-29,KA01,new,21,245,9,9
TRPJAI25082948543dd9,2025-08-29,RJ01,new,24,325,8,9
TRPLUC250829c30c80d0,2025-08-29,UP01,new,15,161,7,7
TRPLUC250829b35cb9a9,2025-08-29,UP01,repeated,6,80,5,7
TRPVIS2508299a3df226,2025-08-29,AP01,repeated,17,180,8,10
TRPMYS2508290a52e5ab,2025-08-29,KA01,repeated,11,145,7,9
TRPJAI25082944f33455,2025-08-29,RJ01,new,25,337,2,1
TRPLUC250829ec7ca93d,2025-08-29,UP01,repeated,9,107,7,6
TRPIND250829a365a21c,2025-08-29,MP01,repeated,22,199,8,9
TRPKOC2508296b84db9e,2025-08-29,KL01,new,22,273,8,8
TRPSUR25082904ff1257,2025-08-29,GJ01,repeated,8,83,7,7
TRPLUC25082998efbd78,2025-08-29,UP01,repeated,19,197,6,7
TRPLUC250829c9cba2e8,2025-08-29,UP01,repeated,19,197,5,6
TRPVIS2508290d379b10,2025-08-29,AP01,repeated,30,297,7,9
TRPVIS250829c34824cb,2025-08-29,AP01,new,28,279,9,9
TRPLUC250829ec17425e,2025-08-29,UP01,repeated,11,125,6,7
TRPVAD2508290fd0b931,2025-08-29,GJ02,repeated,7,74,7,8
TRPCHA25082974cc7b11,2025-08-29,CH01,new,27,269,9,9
TRPCHA2508290378db55,2025-08-29,CH01,new,27,269,7,7
TRPCOI25082974b749ed,2025-08-29,TN01,repeated,19,175,7,9
TRPSUR2508294eb02b2f,2025-08-29,GJ01,repeated,12,115,7,7
TRPVIS2508290a7830e6,2025-08-29,AP01,new,16,171,10,9
TRPIND250829181bf077,2025-08-29,MP01,repeated,11,111,7,9
TRPMYS250829c60adf28,2025-08-29,KA01,repeated,20,235,9,8
TRPJAI250829770c6872,2025-08-29,RJ01,new,41,529,10,10
TRPLUC250829ffa5ed40,2025-08-29,UP01,repeated,7,89,7,5
TRPCHA250829686e285b,2025-08-29,CH01,new,26,260,9,7
TRPMYS250829124216cc,2025-08-29,KA01,new,19,225,8,10
TRPVIS250829f0157ca0,2025-08-29,AP01,repeated,35,342,8,8
TRPSUR25082915caf224,2025-08-29,GJ01,repeated,11,107,6,5
TRPLUC250829fb5a4216,2025-08-29,UP01,new,8,98,9,7
TRPLUC250829be0005ba,2025-08-29,UP01,repeated,5,71,7,7
TRPJAI250829677efdc5,2025-08-29,RJ01,repeated,18,253,7,10
TRPVIS25082946453f3e,2025-08-29,AP01,new,12,135,8,9
TRPVIS2508295883ee7b,2025-08-29,AP01,repeated,31,306,9,10
TRPVIS2508299708d003,2025-08-29,AP01,new,18,189,8,10
TRPLUC25082959e5ecb9,2025-08-29,UP01,new,16,170,8,7
TRPIND250829a6502e10,2025-08-29,MP01,repeated,15,143,9,7
TRPVIS250829c53c3891,2025-08-29,AP01,repeated,23,234,7,8
TRPKOC250829536bf9a7,2025-08-29,KL01,new,12,163,9,10
TRPKOC2508293e1e276f,2025-08-29,KL01,new,15,196,9,8
TRPLUC2508293653b90c,2025-08-29,UP01,new,13,143,7,8
TRPCOI2508299738b59a,2025-08-29,TN01,new,9,95,10,9
TRPLUC25082938de7085,2025-08-29,UP01,new,16,170,8,7
TRPVIS2508290aa55723,2025-08-29,AP01,repeated,17,180,8,10
TRPIND2508292c8364bb,2025-08-29,MP01,repeated,14,135,6,6
TRPIND2508294251ca14,2025-08-29,MP01,new,19,175,8,7
TRPMYS2508296e649849,2025-08-29,KA01,new,20,235,9,10
TRPIND2508294dbb8ef9,2025-08-29,MP01,repeated,15,143,6,8
TRPLUC25082971556f9d,2025-08-29,UP01,repeated,16,170,6,5
TRPLUC250829ae789fd2,2025-08-29,UP01,repeated,20,206,7,6
TRPLUC25082912e44641,2025-08-29,UP01,repeated,13,143,6,7
TRPSUR2508297cf8e2bb,2025-08-29,GJ01,repeated,9,91,7,7
TRPVAD25082961a230b7,2025-08-29,GJ02,repeated,7,74,6,8
TRPKOC250829c4f3602d,2025-08-29,KL01,new,29,350,10,9
TRPLUC250829c397b1ff,2025-08-29,UP01,repeated,17,179,6,7
TRPJAI250829e7b5cc03,2025-08-29,RJ01,new,16,229,8,10
TRPIND2508295cb9ba4f,2025-08-29,MP01,repeated,9,95,9,7
TRPJAI250829a3678f47,2025-08-29,RJ01,repeated,30,397,8,9
TRPMYS250829bb7567c7,2025-08-29,KA01,new,16,195,9,9
TRPKOC250829ac6edbd2,2025-08-29,KL01,repeated,20,251,8,10
TRPVAD25082905acfa7f,2025-08-29,GJ02,repeated,18,162,6,8
TRPSUR250829c989622d,2025-08-29,GJ01,repeated,12,115,5,7
TRPKOC250829a6191d31,2025-08-29,KL01,repeated,37,438,9,9
TRPIND25082917a34a3c,2025-08-29,MP01,repeated,17,159,6,8
TRPVAD250829a9f7c170,2025-08-29,GJ02,new,9,90,8,6
TRPVIS250829e05de793,2025-08-29,AP01,new,15,162,10,10
TRPJAI2508296784c7d9,2025-08-29,RJ01,new,18,253,8,10
TRPSUR25082901b8b5b7,2025-08-29,GJ01,repeated,10,99,5,6
TRPLUC250829590a4a90,2025-08-29,UP01,repeated,20,206,5,5
TRPLUC250829f17f732d,2025-08-29,UP01,repeated,8,98,7,6
TRPSUR250829c61fabbc,2025-08-29,GJ01,new,14,131,9,7
TRPJAI250829fb629d59,2025-08-29,RJ01,repeated,18,253,7,8
TRPVIS250829bf2a765c,2025-08-29,AP01,new,29,288,9,9
TRPKOC2508291a1fa1b7,2025-08-29,KL01,new,18,229,9,8
TRPVAD250829bd6d7442,2025-08-29,GJ02,new,14,130,8,8
TRPSUR250829d5f00cfe,2025-08-29,GJ01,repeated,14,131,5,5
TRPSUR25082910657c06,2025-08-29,GJ01,new,7,75,9,8
TRPLUC2508294ce09fa2,2025-08-29,UP01,repeated,17,179,7,8
TRPLUC25082979a987ff,2025-08-29,UP01,repeated,6,80,5,5
TRPIND250829e18a71bb,2025-08-29,MP01,new,10,103,9,9
TRPIND250829b7183ec6,2025-08-29,MP01,repeated,18,167,7,8
TRPVIS250829d3e415d3,2025-08-29,AP01,new,29,288,8,9
TRPKOC25082906e0c353,2025-08-29,KL01,repeated,23,284,9,9
TRPIND250829250cfa0d,2025-08-29,MP01,repeated,9,95,8,6
TRPIND2508299343a5f8,2025-08-29,MP01,new,14,135,8,8
TRPCHA2508293ec58c45,2025-08-29,CH01,new,14,152,10,8
TRPCHA2508297be51540,2025-08-29,CH01,new,14,152,10,7
TRPSUR250829cd8708c2,2025-08-29,GJ01,repeated,5,59,5,8
TRPVAD250829048ad644,2025-08-29,GJ02,repeated,10,98,7,8
TRPSUR25082948286f66,2025-08-29,GJ01,repeated,8,83,6,6
TRPSUR250829f6e6df76,2025-08-29,GJ01,repeated,15,139,7,6
TRPCHA2508293c22404d,2025-08-29,CH01,repeated,27,269,9,6
TRPCHA25082994ad163a,2025-08-29,CH01,new,30,296,8,8
TRPLUC2508290d4b8a30,2025-08-29,UP01,repeated,15,161,5,8
TRPLUC250829f25c9fda,2025-08-29,UP01,repeated,9,107,6,7
TRPLUC250829c8776cd7,2025-08-29,UP01,repeated,15,161,7,5
TRPIND250829c9c9a69c,2025-08-29,MP01,repeated,17,159,1,3
TRPLUC250829b0d62e16,2025-08-29,UP01,repeated,7,89,5,6
TRPSUR250829ffc09a61,2025-08-29,GJ01,repeated,15,139,6,8
TRPSUR25082971da9917,2025-08-29,GJ01,repeated,16,147,7,8
TRPVAD25082917d06f8f,2025-08-29,GJ02,new,6,66,7,8
TRPLUC250829b9df631e,2025-08-29,UP01,new,15,161,9,8
TRPCHA250829bd4077d7,2025-08-29,CH01,new,33,323,7,7
TRPKOC25082929140919,2025-08-29,KL01,new,33,394,8,8
TRPVAD2508294c2d539a,2025-08-29,GJ02,new,17,154,9,7
TRPLUC250829516b52d3,2025-08-29,UP01,repeated,9,107,7,5
TRPCHA250829e0461796,2025-08-29,CH01,new,32,314,9,8
TRPCOI250829f60f9662,2025-08-29,TN01,repeated,14,135,6,9
TRPJAI250829b9a5b412,2025-08-29,RJ01,repeated,30,397,9,9
TRPLUC2508299fb9c673,2025-08-29,UP01,new,10,116,7,7
TRPSUR2508293521fbc5,2025-08-29,GJ01,new,5,59,8,8
TRPVAD2508294bafe24e,2025-08-29,GJ02,repeated,7,74,5,5
TRPLUC250829dd0cea35,2025-08-29,UP01,repeated,6,80,5,5
TRPKOC250829d2a93f15,2025-08-29,KL01,repeated,17,218,8,10
TRPJAI2508299cb590f6,2025-08-29,RJ01,repeated,21,289,8,10
TRPVAD2508294c740af6,2025-08-29,GJ02,new,15,138,8,6
TRPKOC250829a91e4ac3,2025-08-29,KL01,repeated,27,328,7,8
TRPVIS2508293975ca93,2025-08-29,AP01,new,14,153,8,9
TRPVAD250829e0e0cf63,2025-08-29,GJ02,repeated,11,106,6,8
TRPJAI2508294e298dd7,2025-08-29,RJ01,new,19,265,10,10
TRPVAD2508293297d95a,2025-08-29,GJ02,repeated,10,98,7,7
TRPMYS2508290d13b950,2025-08-29,KA01,new,24,275,8,8
TRPSUR2508299e2e90ab,2025-08-29,GJ01,repeated,13,123,5,6
TRPJAI250829090370ae,2025-08-29,RJ01,new,31,409,8,10
TRPJAI2508296ec5806a,2025-08-29,RJ01,new,43,553,8,10
TRPSUR250829184e7fbf,2025-08-29,GJ01,repeated,17,155,7,5
TRPLUC2508290a5974bb,2025-08-29,UP01,new,11,125,8,8
TRPKOC250829052a8ba1,2025-08-29,KL01,repeated,17,218,7,9
TRPLUC250829a2f17612,2025-08-29,UP01,repeated,19,197,6,6
TRPSUR25082949cb119c,2025-08-29,GJ01,repeated,9,91,6,7
TRPVIS250829c16de889,2025-08-29,AP01,new,28,279,9,9
TRPVAD2508292254b5d7,2025-08-29,GJ02,repeated,9,90,5,8
TRPJAI2508294ff62de0,2025-08-29,RJ01,new,33,433,9,8
TRPLUC2508296c4344e7,2025-08-29,UP01,repeated,15,161,5,5
TRPSUR2508298a4a081b,2025-08-29,GJ01,repeated,16,147,5,6
TRPLUC250829109c0f33,2025-08-29,UP01,new,20,206,8,6
TRPLUC2508297924d045,2025-08-29,UP01,repeated,14,152,5,6
TRPLUC250829361f1dcd,2025-08-29,UP01,repeated,6,80,5,7
TRPCHA2508292d1e7fc2,2025-08-29,CH01,repeated,23,233,7,8
TRPKOC250829e6b499bf,2025-08-29,KL01,new,21,262,10,8
TRPIND2508294104b1f4,2025-08-29,MP01,repeated,19,175,6,9
TRPLUC25082985b10885,2025-08-29,UP01,repeated,15,161,7,7
TRPKOC2508291307df8c,2025-08-29,KL01,new,35,416,9,8
TRPVAD25082926495e62,2025-08-29,GJ02,repeated,5,58,7,6
TRPLUC250829f7402697,2025-08-29,UP01,repeated,8,98,6,7
TRPVAD2508297b3144a6,2025-08-29,GJ02,repeated,6,66,5,7
TRPIND250829893488cc,2025-08-29,MP01,repeated,19,175,6,6
TRPIND250829d238a6a6,2025-08-29,MP01,repeated,11,111,9,7
TRPCHA2508295a3d144b,2025-08-29,CH01,new,33,323,9,7
TRPLUC250829353d0745,2025-08-29,UP01,repeated,16,170,6,5
TRPSUR250829a075d117,2025-08-29,GJ01,repeated,13,123,5,8
TRPLUC250829fbebd61a,2025-08-29,UP01,repeated,8,98,6,8
TRPKOC250829cf74d11e,2025-08-29,KL01,repeated,16,207,7,10
TRPJAI250829d1dcbfc3,2025-08-29,RJ01,repeated,32,421,9,8
TRPVIS250829f2d9de1a,2025-08-29,AP01,repeated,31,306,9,10
TRPJAI250829609814da,2025-08-29,RJ01,repeated,16,229,8,8
TRPJAI2508299c0e3cd1,2025-08-29,RJ01,repeated,24,325,7,9
TRPVIS250829ccfcf863,2025-08-29,AP01,repeated,13,144,8,9
TRPJAI250829aa14d4d9,2025-08-29,RJ01,new,21,289,9,8
TRPKOC250829cdd52c4e,2025-08-29,KL01,repeated,28,339,7,10
TRPVAD250829e09c89eb,2025-08-29,GJ02,new,7,74,9,7
TRPKOC2508298fa10a32,2025-08-29,KL01,new,18,229,9,8
TRPCOI250829983139af,2025-08-29,TN01,repeated,19,175,8,9
TRPJAI250829e8be8f83,2025-08-29,RJ01,new,38,493,8,9
TRPLUC2508295abfaf04,2025-08-29,UP01,repeated,20,206,6,6
TRPCOI2508292f7a8e37,2025-08-29,TN01,repeated,15,143,8,7
TRPJAI250829d86458f9,2025-08-29,RJ01,repeated,19,265,7,10
TRPIND25082945360a52,2025-08-29,MP01,repeated,16,151,7,9
TRPLUC2508296d9dbb43,2025-08-29,UP01,repeated,14,152,5,8
TRPVAD250829a808b546,2025-08-29,GJ02,repeated,18,162,6,8
TRPJAI250829d42c7d7f,2025-08-29,RJ01,new,18,253,8,9
TRPVAD2508291c9c20fc,2025-08-29,GJ02,repeated,7,74,6,6
TRPVIS250829d444b17e,2025-08-29,AP01,new,33,324,9,10
TRPJAI250829841f2643,2025-08-29,RJ01,new,30,397,9,8
TRPLUC250829ceccfa09,2025-08-29,UP01,repeated,16,170,6,7
TRPIND2508293f1ed394,2025-08-29,MP01,repeated,17,159,9,9
TRPIND250829b2f57bdf,2025-08-29,MP01,repeated,17,159,9,6
TRPVIS2508299831be7f,2025-08-29,AP01,repeated,30,297,8,10
TRPLUC250829e7f3a58f,2025-08-29,UP01,repeated,12,134,7,8
TRPIND250829ba0af1e0,2025-08-29,MP01,repeated,19,175,9,6
TRPKOC25082984e87aaf,2025-08-29,KL01,new,17,218,8,9
TRPIND2508294ee7dbef,2025-08-29,MP01,repeated,22,199,7,6
TRPSUR250829fbe6e8bd,2025-08-29,GJ01,repeated,17,155,6,6
TRPCOI250829a20340d0,2025-08-29,TN01,repeated,22,199,9,7
TRPLUC250829f14c1e44,2025-08-29,UP01,new,5,71,8,8
TRPLUC25082986222f84,2025-08-29,UP01,new,16,170,9,8
TRPKOC25082902e97e61,2025-08-29,KL01,new,17,218,10,9
TRPJAI2508294a9f3f6e,2025-08-29,RJ01,new,17,241,10,8
TRPCHA25082991d757a9,2025-08-29,CH01,new,12,134,7,9
TRPMYS2508299cdcbb79,2025-08-29,KA01,new,16,195,9,8
TRPJAI2508295cf35d4c,2025-08-29,RJ01,new,18,253,10,10
TRPVAD250829a21d0dad,2025-08-29,GJ02,repeated,5,58,7,6
TRPSUR250829f398b5ec,2025-08-29,GJ01,repeated,15,139,5,8
TRPSUR250829eccdf6c5,2025-08-29,GJ01,repeated,10,99,5,6
TRPVIS2508290f7ec416,2025-08-29,AP01,repeated,17,180,8,8
TRPKOC250829ef9267bd,2025-08-29,KL01,repeated,27,328,7,8
TRPLUC2508292166047c,2025-08-29,UP01,new,7,89,7,6
TRPSUR25082989d5ebc4,2025-08-29,GJ01,repeated,10,99,6,7
TRPVIS25082949036378,2025-08-29,AP01,new,22,225,8,10
TRPVAD25082917606e79,2025-08-29,GJ02,new,9,90,9,8
TRPSUR2508294e48f1a7,2025-08-29,GJ01,new,10,99,7,8
TRPCHA250829217e506f,2025-08-29,CH01,new,25,251,7,8
TRPVAD2508298544c18b,2025-08-29,GJ02,new,13,122,8,6
TRPCOI250829df3fe0be,2025-08-29,TN01,new,21,191,8,7
TRPKOC2508294df63686,2025-08-29,KL01,repeated,28,339,7,9
TRPVIS2508293d98dee7,2025-08-29,AP01,new,22,225,8,10
TRPKOC25082985b1369d,2025-08-29,KL01,repeated,18,229,9,9
TRPVIS25082936f05ff7,2025-08-29,AP01,repeated,28,279,9,9
TRPLUC250829bb4a5db5,2025-08-29,UP01,repeated,14,152,7,8
TRPKOC25082950f4ba9a,2025-08-29,KL01,new,22,273,10,10
TRPIND2508298f85bd4c,2025-08-29,MP01,repeated,16,151,7,8
TRPLUC2508296c0a6582,2025-08-29,UP01,repeated,13,143,7,8
TRPCOI250829d7423964,2025-08-29,TN01,repeated,9,95,8,7
TRPVIS25082950f554ca,2025-08-29,AP01,repeated,21,216,7,8
TRPKOC250829f7dce24b,2025-08-29,KL01,repeated,38,449,8,10
TRPJAI2508296dd7c9f9,2025-08-29,RJ01,repeated,40,517,9,9
TRPJAI2508294044ad33,2025-08-29,RJ01,new,39,505,9,8
TRPIND250829a2db7966,2025-08-29,MP01,repeated,13,127,8,9
TRPIND250829a9982942,2025-08-29,MP01,repeated,10,103,8,6
TRPLUC25082928407a7b,2025-08-29,UP01,repeated,12,134,5,7
TRPVAD250829750b5ff8,2025-08-29,GJ02,new,13,122,9,8
TRPSUR2508295ee00e50,2025-08-29,GJ01,repeated,14,131,5,7
TRPSUR250829d8d43278,2025-08-29,GJ01,new,16,147,9,6
TRPVAD250829b7ab4fc1,2025-08-29,GJ02,repeated,9,90,6,7
TRPSUR250829c9e54d0f,2025-08-29,GJ01,new,15,139,7,7
TRPSUR25082989c26463,2025-08-29,GJ01,repeated,9,91,6,7
TRPJAI25082994b30241,2025-08-29,RJ01,repeated,28,373,9,9
TRPLUC2508290caebc8d,2025-08-29,UP01,repeated,13,143,7,7
TRPLUC2508292f308492,2025-08-29,UP01,repeated,13,143,5,7
TRPLUC2508296d2a47fb,2025-08-29,UP01,repeated,20,206,6,8
TRPJAI2508294819500a,2025-08-29,RJ01,new,40,517,8,10
TRPVIS250829331101ad,2025-08-29,AP01,repeated,29,288,7,9
TRPLUC250829456a59dc,2025-08-29,UP01,repeated,7,89,5,8
TRPVIS250829a4c06e8a,2025-08-29,AP01,new,17,180,9,10
TRPCOI250829c5ebf0fc,2025-08-29,TN01,repeated,20,183,6,6
TRPLUC250829a78159d0,2025-08-29,UP01,repeated,9,107,7,8
TRPLUC25082974793864,2025-08-29,UP01,repeated,17,179,5,7
TRPJAI250829098d89a4,2025-08-29,RJ01,repeated,38,493,9,9
TRPJAI25082916d5c6dd,2025-08-29,RJ01,new,21,289,9,8
TRPIND250829f1fc1e89,2025-08-29,MP01,repeated,15,143,7,9
TRPJAI25082993b9b1b5,2025-08-29,RJ01,new,37,481,8,9
TRPLUC2508299f711769,2025-08-29,UP01,repeated,6,80,5,8
TRPKOC250829055199d4,2025-08-29,KL01,new,32,383,8,9
TRPLUC250829b486e514,2025-08-29,UP01,repeated,7,89,6,8
TRPLUC250829cb5790d7,2025-08-29,UP01,repeated,20,206,6,5
TRPCHA250829fb3a2fda,2025-08-29,CH01,new,25,251,8,8
TRPLUC250829ec4df06d,2025-08-29,UP01,new,17,179,9,8
TRPJAI250829a35cdf4a,2025-08-29,RJ01,new,16,229,8,9
TRPVAD25082942443d51,2025-08-29,GJ02,repeated,6,66,5,7
TRPJAI25082966a304e7,2025-08-29,RJ01,new,18,253,8,10
TRPLUC2508298fd20069,2025-08-29,UP01,repeated,15,161,7,8
TRPLUC25082910f4a91c,2025-08-29,UP01,repeated,13,143,5,5
TRPKOC2508291f2520f0,2025-08-29,KL01,new,35,416,8,8
TRPLUC25082912213c90,2025-08-29,UP01,repeated,6,80,6,6
TRPVAD2508290cf1868a,2025-08-29,GJ02,new,12,114,8,6
TRPKOC2508298827d64a,2025-08-29,KL01,new,25,306,10,10
TRPCHA25082942b59b1f,2025-08-29,CH01,new,35,341,7,9
TRPLUC250829f7e626cd,2025-08-29,UP01,new,19,197,7,6
TRPJAI250829bbc600b0,2025-08-29,RJ01,new,19,265,9,10
TRPVAD250829e8fa3630,2025-08-29,GJ02,repeated,16,146,5,8
TRPVAD2508297a7041e7,2025-08-29,GJ02,repeated,9,90,5,7
TRPLUC250829a8bfd163,2025-08-29,UP01,repeated,9,107,6,8
TRPLUC250829e3778297,2025-08-29,UP01,repeated,17,179,7,8
TRPSUR25082989894518,2025-08-29,GJ01,repeated,9,91,5,7
TRPLUC250829842e4345,2025-08-29,UP01,repeated,12,134,7,8
TRPCOI250829294526ef,2025-08-29,TN01,new,11,111,9,8
TRPMYS25082901cbbd5e,2025-08-29,KA01,new,9,125,9,10
TRPJAI250829c9663f9c,2025-08-29,RJ01,repeated,19,265,8,10
TRPVIS250829f2d05a37,2025-08-29,AP01,repeated,23,234,9,9
TRPSUR25082960a218b0,2025-08-29,GJ01,repeated,10,99,5,8
TRPLUC250829ce346e6b,2025-08-29,UP01,repeated,9,107,6,6
TRPJAI250829d0caf28b,2025-08-29,RJ01,new,16,229,10,8
TRPJAI2508290f56e767,2025-08-29,RJ01,new,24,325,8,9
TRPMYS2508294fe63db7,2025-08-29,KA01,repeated,17,205,9,8
TRPJAI2508291c997526,2025-08-29,RJ01,new,39,505,9,8
TRPVAD250829a17e5b02,2025-08-29,GJ02,repeated,12,114,5,5
TRPVIS2508297db962d3,2025-08-29,AP01,new,33,324,10,8
TRPVIS250829463af966,2025-08-29,AP01,new,35,342,10,10
TRPSUR2508291ad7cc8c,2025-08-29,GJ01,new,9,91,8,7
TRPLUC250829f4f2f555,2025-08-29,UP01,repeated,8,98,5,7
TRPIND250829dc614636,2025-08-29,MP01,new,16,151,9,8
TRPCHA250829f019e994,2025-08-29,CH01,repeated,26,260,7,8
TRPCHA250829f4973726,2025-08-29,CH01,repeated,30,296,8,9
TRPIND25082968ded524,2025-08-29,MP01,repeated,13,127,9,6
TRPKOC250829ff97c94c,2025-08-29,KL01,new,22,273,8,9
TRPKOC250829b3d1a163,2025-08-29,KL01,repeated,20,251,8,8
TRPJAI2508293b9b2d38,2025-08-29,RJ01,new,27,361,9,9
TRPVIS250829df5c283f,2025-08-29,AP01,new,34,333,8,8
TRPIND2508291af63766,2025-08-29,MP01,repeated,22,199,9,7
TRPLUC250829b7ce368b,2025-08-29,UP01,repeated,17,179,6,7
TRPKOC2508291f3f98ba,2025-08-29,KL01,new,22,273,9,8
TRPLUC2508299f7a9c4b,2025-08-29,UP01,new,16,170,8,7
TRPLUC25082916e27b0d,2025-08-29,UP01,repeated,20,206,7,7
TRPJAI250829d9521faf,2025-08-29,RJ01,new,38,493,10,10
TRPVAD250829821dca22,2025-08-29,GJ02,new,11,106,7,6
TRPLUC2508295787f358,2025-08-29,UP01,repeated,16,170,6,7
TRPIND2508292852180a,2025-08-29,MP01,repeated,11,111,6,9
TRPJAI250829edd88fa7,2025-08-29,RJ01,new,17,241,10,9
TRPJAI250829858dcdf7,2025-08-29,RJ01,new,20,277,8,8
TRPLUC2508295113d992,2025-08-29,UP01,new,5,71,9,6
TRPMYS2508291fa15be8,2025-08-29,KA01,new,16,195,10,10
TRPIND25082916c97cad,2025-08-29,MP01,repeated,18,167,9,7
TRPVAD250829e505cea6,2025-08-29,GJ02,new,14,130,9,7
TRPSUR25082921034dec,2025-08-29,GJ01,new,11,107,9,7
TRPSUR25082962e750b5,2025-08-29,GJ01,repeated,5,59,6,8
TRPLUC2508298017f16c,2025-08-29,UP01,repeated,5,71,5,6
TRPLUC2508299e7f9f79,2025-08-29,UP01,repeated,11,125,5,6
TRPIND250829ba3d28d2,2025-08-29,MP01,repeated,16,151,8,6
TRPKOC250829d239345e,2025-08-29,KL01,new,24,295,9,8
TRPVIS25082953d303c2,2025-08-29,AP01,new,35,342,8,9
TRPVIS25082933feb632,2025-08-29,AP01,new,27,270,9,10
TRPIND25082990ad38a6,2025-08-29,MP01,new,14,135,9,9
TRPKOC250829d3c19b15,2025-08-29,KL01,new,17,218,9,8
TRPLUC2508297fc2d825,2025-08-29,UP01,repeated,5,71,7,8
TRPCOI250829041b6197,2025-08-29,TN01,repeated,12,119,7,6
TRPJAI2508292eb18d86,2025-08-29,RJ01,new,25,337,9,9
TRPLUC250829c7293484,2025-08-29,UP01,repeated,16,170,5,8
TRPLUC250829db58b613,2025-08-29,UP01,repeated,5,71,6,6
TRPJAI250829c82e71e2,2025-08-29,RJ01,new,34,445,9,10
TRPCHA250829a2e90b21,2025-08-29,CH01,new,30,296,8,9
TRPSUR250829de427238,2025-08-29,GJ01,repeated,6,67,7,8
TRPIND250829db461c71,2025-08-29,MP01,repeated,13,127,8,6
TRPKOC250829e46d33cd,2025-08-29,KL01,new,12,163,9,10
TRPJAI250829bb254a3b,2025-08-29,RJ01,new,32,421,8,8
TRPSUR250829f74f19ee,2025-08-29,GJ01,repeated,16,147,7,5
TRPVIS250829f8fbbbbb,2025-08-29,AP01,repeated,23,234,9,10
TRPIND2508294ebc8321,2025-08-29,MP01,new,24,215,10,7
TRPLUC250829d3624b58,2025-08-29,UP01,repeated,10,116,7,7
TRPLUC2508293e1f8c81,2025-08-29,UP01,new,17,179,9,6
TRPJAI2508294b595d51,2025-08-29,RJ01,new,24,325,10,9
TRPSUR2508295e28e296,2025-08-29,GJ01,repeated,17,155,6,8
TRPCHA250829c73843ac,2025-08-29,CH01,repeated,18,188,7,8
TRPSUR250829ed04e730,2025-08-29,GJ01,repeated,6,67,7,7
TRPJAI250829b1a4245d,2025-08-29,RJ01,new,43,553,8,9
TRPCHA250829303167e3,2025-08-29,CH01,repeated,30,296,8,8
TRPLUC250829ef7f4a2e,2025-08-29,UP01,repeated,17,179,7,8
TRPJAI250829c717559c,2025-08-29,RJ01,new,42,541,9,9
TRPKOC25082929821041,2025-08-29,KL01,new,14,185,9,8
TRPIND2508291f6b0ecc,2025-08-29,MP01,repeated,23,207,6,9
TRPJAI2508294f018274,2025-08-29,RJ01,new,20,277,9,8
TRPJAI250829129caced,2025-08-29,RJ01,repeated,43,553,9,10
TRPVIS250829a1c9ce04,2025-08-29,AP01,new,14,153,9,9
TRPCOI250829f6d84213,2025-08-29,TN01,new,16,151,10,9
TRPSUR25082990fa4d14,2025-08-29,GJ01,repeated,11,107,5,5
TRPLUC250829fc625b29,2025-08-29,UP01,repeated,6,80,6,7
TRPLUC250829ba21cad4,2025-08-29,UP01,repeated,7,89,5,7
TRPCOI250829ad9b9e6a,2025-08-29,TN01,repeated,10,103,6,8
TRPCHA250829ebbf9357,2025-08-29,CH01,repeated,16,170,6,6
TRPJAI250829bced7e41,2025-08-29,RJ01,repeated,45,577,9,10
TRPJAI250829076bf543,2025-08-29,RJ01,repeated,38,493,8,10
TRPMYS250829870adee7,2025-08-29,KA01,repeated,8,115,7,8
TRPVAD2508299aaf8db8,2025-08-29,GJ02,repeated,6,66,5,6
TRPCHA25082928280159,2025-08-29,CH01,repeated,26,260,7,9
TRPKOC25082954ac237b,2025-08-29,KL01,new,36,427,9,8
TRPMYS2508296d1dbeeb,2025-08-29,KA01,new,24,275,10,8
TRPCOI25082913d9f3e1,2025-08-29,TN01,repeated,10,103,9,7
TRPVAD25082985966aeb,2025-08-29,GJ02,repeated,7,74,7,5
TRPJAI250829a2037d72,2025-08-29,RJ01,repeated,36,469,9,10
TRPVAD250829226d3ed4,2025-08-29,GJ02,repeated,9,90,7,5
TRPJAI2508296ced7a46,2025-08-29,RJ01,new,40,517,9,10
TRPVIS25082955a43b57,2025-08-29,AP01,repeated,16,171,8,9
TRPJAI25082902097e78,2025-08-29,RJ01,repeated,31,409,9,9
TRPMYS2508290d69daf2,2025-08-29,KA01,new,17,205,10,10
TRPJAI2508299cd93a5d,2025-08-29,RJ01,repeated,41,529,9,8
TRPCHA250829f1b3c6a1,2025-08-29,CH01,repeated,34,332,9,6
TRPSUR250829344918b0,2025-08-29,GJ01,repeated,5,59,6,8
TRPJAI250829e55b1cac,2025-08-29,RJ01,new,30,397,9,9
TRPCOI25082945bb7efa,2025-08-29,TN01,repeated,20,183,6,8
TRPVAD250829d5886ccf,2025-08-29,GJ02,new,10,98,9,7
TRPKOC2508298d63d63c,2025-08-29,KL01,repeated,27,328,9,10
TRPKOC2508295b289b4a,2025-08-29,KL01,new,34,405,8,8
TRPIND2508290eafc7e8,2025-08-29,MP01,repeated,18,167,8,6
TRPVAD2508290107c057,2025-08-29,GJ02,new,12,114,9,8
TRPIND2508290f1e811d,2025-08-29,MP01,new,24,215,9,8
TRPLUC2508293d5741fa,2025-08-29,UP01,repeated,8,98,5,7
TRPSUR250829f4c20b55,2025-08-29,GJ01,repeated,12,115,5,8
TRPLUC25082946827bf3,2025-08-29,UP01,repeated,7,89,5,6
TRPVIS250829cdcffc31,2025-08-29,AP01,repeated,34,333,7,8
TRPSUR2508295b6279b5,2025-08-29,GJ01,repeated,14,131,5,7
TRPLUC2508292b2a2c19,2025-08-29,UP01,new,11,125,8,6
TRPJAI250829b1458875,2025-08-29,RJ01,new,33,433,8,10
TRPCHA250829feb66c3b,2025-08-29,CH01,new,35,341,9,7
TRPSUR250829e8b1d4dd,2025-08-29,GJ01,repeated,8,83,6,6
TRPVAD250829b741c24b,2025-08-29,GJ02,repeated,14,130,6,6
TRPIND250829dc9c8f69,2025-08-29,MP01,repeated,11,111,9,8
TRPIND25082978f96291,2025-08-29,MP01,repeated,8,87,7,7
TRPLUC250829cd4c3e00,2025-08-29,UP01,repeated,9,107,7,8
TRPLUC250829ae51969c,2025-08-29,UP01,new,16,170,9,7
TRPJAI250829f47ba153,2025-08-29,RJ01,repeated,19,265,7,8
TRPJAI250829344b8f38,2025-08-29,RJ01,repeated,27,361,9,9
TRPSUR250829bf949570,2025-08-29,GJ01,repeated,8,83,6,5
TRPKOC250829d4246ae4,2025-08-29,KL01,new,38,449,8,8
TRPLUC2508298877347b,2025-08-29,UP01,repeated,13,143,7,6
TRPVIS25082920efc450,2025-08-29,AP01,new,31,306,8,9
TRPSUR2508298413ceb6,2025-08-29,GJ01,repeated,8,83,6,8
TRPCHA2508295477d2e3,2025-08-29,CH01,repeated,29,287,9,8
TRPIND2508299a627586,2025-08-29,MP01,repeated,18,167,7,9
TRPLUC2508293e463781,2025-08-29,UP01,repeated,5,71,7,8
TRPVAD2508292cf2efbc,2025-08-29,GJ02,new,18,162,8,7
TRPVAD250829c2d708ee,2025-08-29,GJ02,new,10,98,9,7
TRPSUR2508292a6c70d6,2025-08-29,GJ01,repeated,17,155,5,7
TRPJAI25082991b304ef,2025-08-29,RJ01,new,35,457,8,8
TRPLUC250829bd76c3a6,2025-08-29,UP01,repeated,5,71,5,8
TRPVAD25082958eefe7b,2025-08-29,GJ02,new,18,162,8,8
TRPCOI2508294207abe5,2025-08-29,TN01,repeated,9,95,7,9
TRPKOC250829d3a4c5a1,2025-08-29,KL01,repeated,19,240,8,10
TRPIND25082953e5e128,2025-08-29,MP01,new,14,135,7,8
TRPCOI25082904917879,2025-08-29,TN01,new,19,175,8,8
TRPLUC250829fca3bf63,2025-08-29,UP01,new,5,71,7,7
TRPKOC25082917aa50d0,2025-08-29,KL01,new,24,295,8,10
TRPJAI2508299077d34c,2025-08-29,RJ01,repeated,15,217,7,9
TRPLUC25082984d7b4ac,2025-08-29,UP01,repeated,5,71,5,5
TRPJAI25082989be6c3f,2025-08-29,RJ01,new,25,337,9,9
TRPLUC25082930a00c6e,2025-08-29,UP01,repeated,17,179,6,6
TRPIND250829d02a1008,2025-08-29,MP01,new,8,87,8,9
TRPLUC25082918e3c524,2025-08-29,UP01,new,20,206,8,7
TRPCHA2508291f2347d1,2025-08-29,CH01,new,26,260,8,8
TRPVAD250829f575233a,2025-08-29,GJ02,repeated,14,130,6,6
TRPVAD2508296b3fdf07,2025-08-29,GJ02,new,8,82,9,7
TRPLUC2508299c42e0cb,2025-08-29,UP01,repeated,20,206,7,7
TRPVAD2508293741048e,2025-08-29,GJ02,repeated,18,162,6,5
TRPIND2508296e2592c7,2025-08-29,MP01,new,23,207,7,9
TRPVIS250829420e8960,2025-08-29,AP01,repeated,26,261,9,9
TRPLUC250829dc8d48d3,2025-08-29,UP01,repeated,16,170,6,5
TRPKOC2508293eb3d3e3,2025-08-29,KL01,new,18,229,9,8
TRPCOI2508294f4fa9bb,2025-08-29,TN01,new,17,159,7,9
TRPCHA250829faebdb1a,2025-08-29,CH01,repeated,19,197,7,6
TRPJAI250829e2de9213,2025-08-29,RJ01,new,32,421,10,10
TRPCOI250829f85f2a87,2025-08-29,TN01,repeated,21,191,9,7
TRPJAI2508297c4cc576,2025-08-29,RJ01,new,38,493,10,9
TRPKOC2508295e3eed4f,2025-08-29,KL01,repeated,33,394,8,9
TRPVAD250829b0ae4748,2025-08-29,GJ02,new,7,74,7,7
TRPLUC2508291c69c7e5,2025-08-29,UP01,repeated,19,197,1,3
TRPSUR2508292e00450d,2025-08-29,GJ01,repeated,17,155,5,7
TRPCOI250829e4f8d1f8,2025-08-29,TN01,new,21,191,8,7
TRPJAI2508295268c5f9,2025-08-29,RJ01,new,29,385,10,9
TRPCOI250829822da628,2025-08-29,TN01,new,13,127,9,7
TRPKOC250829a6d4f9b5,2025-08-29,KL01,new,24,295,9,9
TRPJAI250829e518712f,2025-08-29,RJ01,new,20,277,9,8
TRPLUC250829c53491bc,2025-08-29,UP01,new,12,134,7,8
TRPLUC250829cee155c7,2025-08-29,UP01,repeated,19,197,5,6
TRPLUC2508296f86f307,2025-08-29,UP01,new,5,71,9,8
TRPSUR250829fc95270f,2025-08-29,GJ01,repeated,9,91,5,8
TRPJAI250829be0e659e,2025-08-29,RJ01,new,28,373,10,9
TRPLUC2508297aa2926b,2025-08-29,UP01,repeated,14,152,6,5
TRPKOC250829b4e15b6d,2025-08-29,KL01,new,10,141,8,8
TRPJAI250829fc7709b6,2025-08-29,RJ01,repeated,19,265,9,9
TRPSUR250829404604ab,2025-08-29,GJ01,repeated,7,75,7,7
TRPJAI250829f2fb60c8,2025-08-29,RJ01,new,19,265,10,10
TRPJAI250829f8a91dd4,2025-08-29,RJ01,new,19,265,8,9
TRPIND250829426de525,2025-08-29,MP01,new,13,127,8,9
TRPVAD25082903ae24b6,2025-08-29,GJ02,repeated,13,122,5,7
TRPIND25082945f5857a,2025-08-29,MP01,repeated,14,135,8,8
TRPJAI2508292c2f06e7,2025-08-29,RJ01,repeated,43,553,9,8
TRPJAI2508294f0734b9,2025-08-29,RJ01,new,28,373,10,10
TRPVAD2508296923a378,2025-08-29,GJ02,new,13,122,8,7
TRPSUR250829df275386,2025-08-29,GJ01,repeated,10,99,5,7
TRPCHA2508298a0f823e,2025-08-29,CH01,repeated,26,260,9,7
TRPCHA2508299156e254,2025-08-29,CH01,repeated,21,215,9,6
TRPKOC25082980c9e09b,2025-08-29,KL01,repeated,14,185,7,9
TRPJAI250829ae2818ac,2025-08-29,RJ01,new,42,541,9,9
TRPSUR250829be9d659a,2025-08-29,GJ01,repeated,13,123,6,7
TRPCOI25082995ac8a7a,2025-08-29,TN01,repeated,21,191,8,9
TRPJAI250829a07ad4be,2025-08-29,RJ01,new,31,409,8,9
TRPSUR25082935f86fe6,2025-08-29,GJ01,repeated,17,155,7,8
TRPSUR250829cd5b32fe,2025-08-29,GJ01,new,17,155,8,8
TRPJAI250829dfd2013f,2025-08-29,RJ01,repeated,16,229,8,9
TRPCHA2508295024af25,2025-08-29,CH01,repeated,18,188,6,8
TRPSUR25082956e7a592,2025-08-29,GJ01,new,11,107,8,7
TRPSUR2508298ef38e14,2025-08-29,GJ01,repeated,9,91,5,7
TRPJAI25082961081288,2025-08-29,RJ01,repeated,25,337,9,9
TRPSUR2508298fd3590f,2025-08-29,GJ01,repeated,15,139,6,8
TRPCHA2508291677d379,2025-08-29,CH01,new,35,341,7,7
TRPCHA2508290b0bcda0,2025-08-29,CH01,new,20,206,9,8
TRPJAI250829ba68b2a7,2025-08-29,RJ01,repeated,38,493,8,9
TRPVIS2508296d6d55ef,2025-08-29,AP01,new,12,135,9,8
TRPKOC2508291b50f343,2025-08-29,KL01,new,37,438,9,9
TRPKOC250829071226ea,2025-08-29,KL01,new,13,174,8,9
TRPLUC250829ae0ce268,2025-08-29,UP01,repeated,19,197,6,6
TRPLUC250829578cb416,2025-08-29,UP01,new,10,116,8,6
TRPCHA2508291c981e8a,2025-08-29,CH01,new,17,179,10,8
TRPJAI25082980acb0b4,2025-08-29,RJ01,new,16,229,10,10
TRPLUC250829c8e328c8,2025-08-29,UP01,repeated,9,107,6,5
TRPLUC25082956cf44dd,2025-08-29,UP01,repeated,16,170,7,7
TRPJAI250829fc95c2df,2025-08-29,RJ01,repeated,28,373,8,10
TRPSUR250829384c35c9,2025-08-29,GJ01,repeated,13,123,7,7
TRPVAD25082920d80705,2025-08-29,GJ02,repeated,15,138,7,8
TRPLUC2508293a41671f,2025-08-29,UP01,new,9,107,9,8
TRPLUC25082971d6b22c,2025-08-29,UP01,new,9,107,8,7
TRPLUC250829a6b9cf5c,2025-08-29,UP01,repeated,9,107,7,8
TRPKOC250829a851e84b,2025-08-29,KL01,new,14,185,3,4
TRPLUC250829f14dec8a,2025-08-29,UP01,repeated,16,170,5,7
TRPKOC250829d047ac46,2025-08-29,KL01,new,14,185,10,9
TRPVAD250829825d4465,2025-08-29,GJ02,repeated,14,130,6,6
TRPSUR250829c0c2a094,2025-08-29,GJ01,repeated,17,155,6,6
TRPIND250829afa08a65,2025-08-29,MP01,repeated,16,151,9,8
TRPSUR2508290504b3f9,2025-08-29,GJ01,repeated,12,115,5,8
TRPIND25082993fbed9c,2025-08-29,MP01,new,20,183,9,7
TRPLUC250829f8551b3f,2025-08-29,UP01,repeated,18,188,7,5
TRPLUC2508299b085e71,2025-08-29,UP01,repeated,15,161,7,8
TRPSUR250829c9709846,2025-08-29,GJ01,repeated,11,107,7,7
TRPVIS250829ebff77bc,2025-08-29,AP01,repeated,11,126,8,8
TRPJAI250829f0f57af6,2025-08-29,RJ01,new,16,229,10,10
TRPLUC250829ad94d641,2025-08-29,UP01,new,20,206,8,8
TRPLUC2508290d268a40,2025-08-29,UP01,repeated,17,179,5,6
TRPVAD25082942b3e0ad,2025-08-29,GJ02,new,16,146,9,8
TRPLUC2508296d2ca945,2025-08-29,UP01,repeated,16,170,7,8
TRPJAI2508290a19ae28,2025-08-29,RJ01,repeated,42,541,9,8
TRPSUR2508298ad76bb5,2025-08-29,GJ01,new,11,107,9,8
TRPSUR2508298aec1761,2025-08-29,GJ01,repeated,10,99,5,7
TRPCHA250829e07a6cee,2025-08-29,CH01,new,24,242,8,7
TRPCHA2508297d6bf8dc,2025-08-29,CH01,new,21,215,10,7
TRPMYS250829afda3a4b,2025-08-29,KA01,new,23,265,10,10
TRPKOC25082958f545bd,2025-08-29,KL01,new,20,251,9,9
TRPSUR2508298c265e89,2025-08-29,GJ01,new,7,75,8,7
TRPKOC25082981b9eec4,2025-08-29,KL01,new,21,262,10,8
TRPLUC25082905c154ea,2025-08-29,UP01,new,19,197,9,8
TRPSUR2508297befd5a6,2025-08-29,GJ01,new,16,147,9,8
TRPSUR250829fa89aab6,2025-08-29,GJ01,repeated,5,59,5,7
TRPVAD250829b3f0a7d4,2025-08-29,GJ02,new,10,98,7,8
TRPVAD25082931194555,2025-08-29,GJ02,repeated,13,122,7,6
TRPCHA250829929dfb84,2025-08-29,CH01,new,30,296,10,8
TRPIND25082910d28229,2025-08-29,MP01,repeated,9,95,6,7
TRPJAI250829bafaad19,2025-08-29,RJ01,new,38,493,8,9
TRPKOC2508298709998d,2025-08-29,KL01,repeated,38,449,8,8
TRPLUC250829b1d4cc71,2025-08-29,UP01,new,12,134,9,6
TRPJAI250829cb2ab39a,2025-08-29,RJ01,new,34,445,8,9
TRPLUC2508298d5889ab,2025-08-29,UP01,repeated,18,188,6,8
TRPKOC250829edc01304,2025-08-29,KL01,repeated,32,383,8,10
TRPJAI25082910e2dfad,2025-08-29,RJ01,repeated,36,469,8,8
TRPJAI2508295fc37187,2025-08-29,RJ01,new,29,385,9,10
TRPKOC250829dc9faf28,2025-08-29,KL01,repeated,16,207,8,8
TRPVAD25082922778e1a,2025-08-29,GJ02,new,5,58,8,7
TRPJAI250829feb170a6,2025-08-29,RJ01,repeated,32,421,9,8
TRPIND2508296018b128,2025-08-29,MP01,repeated,11,111,6,6
TRPLUC2508298f9c6a02,2025-08-29,UP01,new,10,116,8,7
TRPCHA2508290101ca26,2025-08-29,CH01,repeated,30,296,9,8
TRPIND250829bf13626f,2025-08-29,MP01,repeated,14,135,9,8
TRPVIS2508298d28289b,2025-08-29,AP01,new,20,207,9,10
TRPIND250829cf8354a7,2025-08-29,MP01,new,11,111,8,9
TRPKOC250829cf97c436,2025-08-29,KL01,new,20,251,9,8
TRPIND2508292c7c8972,2025-08-29,MP01,new,11,111,9,9
TRPVIS250829580afb36,2025-08-29,AP01,repeated,24,243,7,10
TRPIND25082921b8e648,2025-08-29,MP01,new,17,159,9,9
TRPKOC2508296a33e08e,2025-08-29,KL01,new,15,196,8,10
TRPJAI250829e8606a7a,2025-08-29,RJ01,repeated,37,481,9,9
TRPIND2508294217a4c3,2025-08-29,MP01,repeated,12,119,9,6
TRPCHA25082979918d9d,2025-08-29,CH01,repeated,30,296,8,9
TRPSUR250829f75b13e0,2025-08-29,GJ01,repeated,11,107,7,8
TRPSUR25082928887235,2025-08-29,GJ01,repeated,11,107,5,5
TRPCHA250829b9dcbce9,2025-08-29,CH01,repeated,13,143,9,6
TRPVAD2508290b8a80e2,2025-08-29,GJ02,new,7,74,8,7
TRPLUC250829ad99ba92,2025-08-29,UP01,repeated,10,116,5,6
TRPSUR25082930ce4800,2025-08-29,GJ01,repeated,6,67,7,6
TRPKOC2508299d1afc61,2025-08-29,KL01,new,33,394,10,9
TRPSUR25082959b6b105,2025-08-29,GJ01,repeated,14,131,7,8
TRPJAI25082908eb45be,2025-08-29,RJ01,repeated,38,493,8,9
TRPLUC2508291c69337a,2025-08-29,UP01,repeated,19,197,5,7
TRPSUR2508298301485c,2025-08-29,GJ01,repeated,6,67,5,5
TRPVIS2508294870fb41,2025-08-29,AP01,repeated,20,207,8,8
TRPLUC250829a5f86780,2025-08-29,UP01,repeated,15,161,7,6
TRPMYS250829cf63cf08,2025-08-29,KA01,new,19,225,10,10
TRPSUR250829386e11d6,2025-08-29,GJ01,new,7,75,8,7
TRPMYS250829fc1f4536,2025-08-29,KA01,new,21,245,9,9
TRPCOI2508295545ad73,2025-08-29,TN01,new,19,175,7,8
TRPCHA250829f7b1c6c9,2025-08-29,CH01,new,30,296,8,8
TRPIND250829b9be6293,2025-08-29,MP01,repeated,25,223,9,8
TRPCHA25082965778320,2025-08-29,CH01,repeated,24,242,7,6
TRPCHA2508298a53145f,2025-08-29,CH01,new,30,296,9,9
TRPLUC250829696bf6ae,2025-08-29,UP01,repeated,9,107,7,6
TRPVIS25082996623336,2025-08-29,AP01,repeated,10,117,9,9
TRPIND25082963f0a925,2025-08-29,MP01,repeated,24,215,6,9
TRPLUC2508293e20fa8c,2025-08-29,UP01,repeated,7,89,6,5
TRPJAI25082944c0353d,2025-08-29,RJ01,repeated,25,337,7,8
TRPIND250829cc5ee1f8,2025-08-29,MP01,repeated,17,159,8,9
TRPLUC250829c08634e8,2025-08-29,UP01,new,13,143,8,6
TRPJAI2508298ed5d94e,2025-08-29,RJ01,new,39,505,9,9
TRPVIS25082953c9bc02,2025-08-29,AP01,new,30,297,9,10
TRPLUC2508297fc7e954,2025-08-29,UP01,repeated,7,89,5,5
TRPIND250829f44d2d2b,2025-08-29,MP01,repeated,18,167,7,9
TRPCOI25082941475896,2025-08-29,TN01,repeated,13,127,9,9
TRPJAI250829f2b918d2,2025-08-29,RJ01,new,20,277,10,10
TRPCHA250829f7623e89,2025-08-29,CH01,new,13,143,7,8
TRPCOI25082979a4432f,2025-08-29,TN01,new,16,151,10,8
TRPCHA2508293bd179ea,2025-08-29,CH01,repeated,26,260,6,6
TRPJAI2508293b6f2687,2025-08-29,RJ01,new,40,517,9,10
TRPVAD2508297652a5ba,2025-08-29,GJ02,repeated,17,154,6,6
TRPKOC250829dbcd8aa7,2025-08-29,KL01,new,14,185,10,10
TRPSUR2508292217a8b8,2025-08-29,GJ01,new,9,91,8,6
TRPLUC2508295d2dcf5a,2025-08-29,UP01,new,9,107,9,6
TRPIND250829d93ba03b,2025-08-29,MP01,new,17,159,8,8
TRPJAI2508294ed6806e,2025-08-29,RJ01,new,32,421,9,8
TRPIND2508295d2c2d28,2025-08-29,MP01,repeated,14,135,6,8
TRPSUR250829d2b89de8,2025-08-29,GJ01,repeated,6,67,7,6
TRPSUR250829a5809caf,2025-08-29,GJ01,repeated,9,91,7,5
TRPVAD2508296aaad1aa,2025-08-29,GJ02,repeated,9,90,5,5
TRPJAI250829e862f18f,2025-08-29,RJ01,repeated,42,541,8,10
TRPSUR250829a5dbbfdb,2025-08-29,GJ01,repeated,7,75,6,5
TRPCHA2508293a1b963d,2025-08-29,CH01,repeated,25,251,8,8
TRPCOI250829e6ebb960,2025-08-29,TN01,repeated,22,199,9,7
TRPIND250829bac775d2,2025-08-29,MP01,repeated,18,167,6,6
TRPVAD2508292525d7c1,2025-08-29,GJ02,repeated,17,154,6,8
TRPJAI25082918bb7d08,2025-08-29,RJ01,repeated,20,277,9,8
TRPLUC25082928fd6a78,2025-08-29,UP01,repeated,9,107,5,5
TRPLUC250829e38fda09,2025-08-29,UP01,repeated,20,206,7,6
TRPSUR250829ff7f8289,2025-08-29,GJ01,new,8,83,9,6
TRPCOI250829c76332ce,2025-08-29,TN01,new,22,199,7,9
TRPCHA250829bfc704ba,2025-08-29,CH01,repeated,16,170,9,6
TRPVIS250829c0578db3,2025-08-29,AP01,new,14,153,10,9
TRPKOC250829552a298d,2025-08-29,KL01,repeated,11,152,9,9
TRPVAD2508296ffd4aef,2025-08-29,GJ02,repeated,8,82,5,5
TRPJAI2508297d525a7e,2025-08-29,RJ01,repeated,18,253,9,10
TRPSUR25082941e54b34,2025-08-29,GJ01,repeated,12,115,6,7
TRPJAI250829a8449b28,2025-08-29,RJ01,new,37,481,10,9
TRPCHA250829db21e8d0,2025-08-29,CH01,repeated,21,215,6,6
TRPVAD2508292434e9f3,2025-08-29,GJ02,new,6,66,8,7
TRPVAD2508293ab7ba91,2025-08-29,GJ02,new,14,130,8,6
TRPSUR2508292d8612e2,2025-08-29,GJ01,repeated,10,99,6,6
TRPVIS25082965d59382,2025-08-29,AP01,repeated,24,243,9,10
TRPSUR250829d455bcdc,2025-08-29,GJ01,repeated,17,155,6,5
TRPCHA250829271625d6,2025-08-29,CH01,new,15,161,9,9
TRPIND250829f7e84845,2025-08-29,MP01,repeated,25,223,8,7
TRPSUR250829536cb944,2025-08-29,GJ01,repeated,9,91,6,8
TRPCOI25082950706225,2025-08-29,TN01,repeated,20,183,6,7
TRPJAI2508295aaa27aa,2025-08-29,RJ01,new,43,553,10,8
TRPJAI250829366b30d8,2025-08-29,RJ01,new,27,361,10,10
TRPKOC25082907eed165,2025-08-29,KL01,new,27,328,10,8
TRPCHA2508291d331063,2025-08-29,CH01,repeated,12,134,6,6
TRPIND250829d5449ac5,2025-08-29,MP01,repeated,8,87,7,6
TRPCHA250829a8394a54,2025-08-29,CH01,repeated,29,287,6,7
TRPJAI250829cc68c1c8,2025-08-29,RJ01,repeated,24,325,8,10
TRPLUC250829079a20b4,2025-08-29,UP01,repeated,20,206,5,5
TRPSUR250829f44b4075,2025-08-29,GJ01,repeated,11,107,6,7
TRPKOC250829771f5328,2025-08-29,KL01,repeated,17,218,8,9
TRPCHA250829180187a3,2025-08-29,CH01,repeated,35,341,8,6
TRPJAI25082909a04084,2025-08-29,RJ01,new,25,337,9,8
TRPVAD250829d6c2c306,2025-08-29,GJ02,repeated,11,106,6,7
TRPVAD25082971489fcc,2025-08-29,GJ02,repeated,15,138,5,6
TRPVIS2508293485d933,2025-08-29,AP01,repeated,10,117,8,10
TRPVAD2508295b78537f,2025-08-29,GJ02,repeated,5,58,5,5
TRPLUC250829f67a5e45,2025-08-29,UP01,repeated,10,116,7,7
TRPVIS250829a941e7a5,2025-08-29,AP01,repeated,16,171,9,9
TRPVIS250829db1490aa,2025-08-29,AP01,repeated,12,135,9,10
TRPIND25082964ff528b,2025-08-29,MP01,repeated,19,175,6,8
TRPCHA25082975992191,2025-08-29,CH01,new,20,206,10,9
TRPKOC250829f4a0720d,2025-08-29,KL01,new,11,152,9,8
TRPSUR2508293ca1029a,2025-08-29,GJ01,repeated,7,75,7,7
TRPIND250829a56ac55e,2025-08-29,MP01,repeated,15,143,6,7
TRPIND250829ecd34ad8,2025-08-29,MP01,repeated,8,87,7,7
TRPJAI250829dd68762c,2025-08-29,RJ01,new,30,397,10,10
TRPVIS2508293bc9e38f,2025-08-29,AP01,repeated,15,162,7,9
TRPJAI250829929acec8,2025-08-29,RJ01,new,26,349,10,9
TRPSUR2508291467b8f6,2025-08-29,GJ01,repeated,14,131,5,5
TRPVAD2508298d345aa8,2025-08-29,GJ02,repeated,11,106,6,6
TRPLUC250829c30cca95,2025-08-29,UP01,repeated,9,107,6,8
TRPMYS25082903a2bffd,2025-08-29,KA01,new,11,145,8,9
TRPJAI25082909530c86,2025-08-29,RJ01,new,39,505,10,9
TRPIND2508299fc45571,2025-08-29,MP01,new,25,223,8,7
TRPJAI2508290bc99c8b,2025-08-29,RJ01,repeated,42,541,9,10
TRPVIS250829d5ab4c76,2025-08-29,AP01,repeated,14,153,9,9
TRPCHA25082929f9e6f0,2025-08-29,CH01,new,16,170,7,8
TRPKOC2508297ae90f41,2025-08-29,KL01,new,37,438,9,8
TRPSUR25082931de0ae6,2025-08-29,GJ01,repeated,5,59,6,5
TRPJAI2508295dd30d76,2025-08-29,RJ01,repeated,22,301,9,9
TRPSUR2508295ee098bf,2025-08-29,GJ01,new,15,139,9,8
TRPKOC250829012dbffb,2025-08-29,KL01,new,23,284,9,10
TRPVAD25082912ab650d,2025-08-29,GJ02,repeated,6,66,5,5
TRPCHA2508296da69d55,2025-08-29,CH01,repeated,32,314,9,9
TRPCHA25082945945690,2025-08-29,CH01,repeated,14,152,7,8
TRPSUR250829d310a030,2025-08-29,GJ01,repeated,12,115,7,5
TRPSUR2508292f74b724,2025-08-29,GJ01,repeated,15,139,7,8
TRPJAI25082945fb524e,2025-08-29,RJ01,new,40,517,8,10
TRPJAI25082924ecb981,2025-08-29,RJ01,new,29,385,8,8
TRPVAD25082967e25630,2025-08-29,GJ02,repeated,7,74,7,7
TRPIND250829c184f4c7,2025-08-29,MP01,repeated,24,215,7,6
TRPSUR2508292ab9ed15,2025-08-29,GJ01,new,8,83,9,7
TRPLUC2508298c2e66fa,2025-08-29,UP01,repeated,6,80,5,6
TRPVIS250829dc5c69a3,2025-08-29,AP01,repeated,12,135,7,9
TRPVAD2508291a968726,2025-08-29,GJ02,repeated,15,138,7,8
TRPLUC25082978f2e101,2025-08-29,UP01,repeated,12,134,5,6
TRPJAI250829db49f367,2025-08-29,RJ01,repeated,36,469,8,9
TRPJAI250829c1466a1f,2025-08-29,RJ01,new,38,493,10,10
TRPIND250829aeaba8a3,2025-08-29,MP01,new,25,223,7,9
TRPJAI2508291c7ee50e,2025-08-29,RJ01,repeated,38,493,7,10
TRPVIS250829c2cc787d,2025-08-29,AP01,repeated,21,216,8,8
TRPVAD250829f372616e,2025-08-29,GJ02,new,12,114,9,8
TRPLUC250829a7b3a695,2025-08-29,UP01,repeated,13,143,5,7
TRPVIS25082998fef9f5,2025-08-29,AP01,new,31,306,8,8
TRPKOC250829629f0361,2025-08-29,KL01,repeated,31,372,8,8
TRPCHA250829ed11079d,2025-08-29,CH01,repeated,28,278,9,9
TRPCOI250829fe34fbc0,2025-08-29,TN01,new,21,191,8,8
TRPVIS250829aff17263,2025-08-29,AP01,repeated,24,243,8,8
TRPCOI250829c8b8b521,2025-08-29,TN01,repeated,13,127,6,7
TRPCOI250829f8e89493,2025-08-29,TN01,new,19,175,8,9
TRPSUR2508294af9bdc3,2025-08-29,GJ01,repeated,9,91,5,7
TRPLUC25082902744cf1,2025-08-29,UP01,repeated,5,71,5,8
TRPLUC25082962bd1c0d,2025-08-29,UP01,repeated,14,152,6,7
TRPJAI250829facb9170,2025-08-29,RJ01,new,19,265,10,9
TRPIND250829caedd57d,2025-08-29,MP01,repeated,22,199,6,9
TRPVIS2508297099b6f7,2025-08-29,AP01,repeated,14,153,8,9
TRPJAI25082999f0f8c6,2025-08-29,RJ01,repeated,34,445,8,9
TRPVIS25082981d8b52e,2025-08-29,AP01,new,15,162,9,10
TRPVAD2508293d54a967,2025-08-29,GJ02,repeated,15,138,6,5
TRPLUC2508290fa77962,2025-08-29,UP01,repeated,16,170,6,6
TRPCHA25082979fa7329,2025-08-29,CH01,new,12,134,9,8
TRPCHA2508297ee0a08a,2025-08-29,CH01,repeated,14,152,6,6
TRPCHA25082929e532c0,2025-08-29,CH01,new,32,314,7,7
TRPLUC250829ff5e84e3,2025-08-29,UP01,repeated,18,188,7,8
TRPLUC250829e34d80fa,2025-08-29,UP01,repeated,10,116,6,5
TRPLUC25082982d15014,2025-08-29,UP01,repeated,8,98,6,8
TRPJAI250829e664e8de,2025-08-29,RJ01,new,44,565,10,10
TRPLUC25082920624260,2025-08-29,UP01,repeated,11,125,6,6
TRPVAD250829db80a3c1,2025-08-29,GJ02,repeated,15,138,7,8
TRPSUR250829229b4f6d,2025-08-29,GJ01,new,16,147,7,8
TRPKOC250829ed5182e8,2025-08-29,KL01,repeated,17,218,7,10
TRPMYS25082980c702fa,2025-08-29,KA01,new,8,115,9,10
TRPVIS2508292a690693,2025-08-29,AP01,repeated,11,126,8,9
TRPSUR250829188142ba,2025-08-29,GJ01,repeated,12,115,7,6
TRPLUC2508291c894db3,2025-08-29,UP01,repeated,7,89,6,8
TRPVIS250829e231007b,2025-08-29,AP01,new,13,144,8,8
TRPIND2508299c762dbc,2025-08-29,MP01,repeated,24,215,8,9
TRPLUC2508295af99cc8,2025-08-29,UP01,repeated,15,161,5,5
TRPJAI250829e423eadc,2025-08-29,RJ01,repeated,29,385,8,8
TRPLUC2508299a1468b9,2025-08-29,UP01,new,16,170,9,8
TRPLUC25082911be93c6,2025-08-29,UP01,repeated,5,71,5,8
TRPJAI250829f21a1415,2025-08-29,RJ01,repeated,34,445,7,8
TRPJAI2508299ac08252,2025-08-29,RJ01,new,25,337,10,10
TRPCOI250829d5d8e83a,2025-08-29,TN01,new,16,151,10,7
TRPKOC250829ff20a38b,2025-08-29,KL01,new,22,273,9,10
TRPCHA250829317ca80d,2025-08-29,CH01,repeated,19,197,6,7
TRPJAI250829e4e8796b,2025-08-29,RJ01,repeated,24,325,9,8
TRPSUR250829bdf0ccc5,2025-08-29,GJ01,repeated,10,99,6,7
TRPJAI25082966c32ab2,2025-08-29,RJ01,new,15,217,9,10
TRPKOC25082945f70ac5,2025-08-29,KL01,repeated,11,152,7,10
TRPKOC2508295de422d7,2025-08-29,KL01,repeated,26,317,7,10
TRPKOC250829fcf7a408,2025-08-29,KL01,repeated,20,251,8,10
TRPCHA2508294b81f43a,2025-08-29,CH01,repeated,24,242,9,7
TRPJAI25082929d4364c,2025-08-29,RJ01,repeated,24,325,8,9
TRPSUR250829a4e96114,2025-08-29,GJ01,repeated,6,67,7,8
TRPCHA250829e0419a3a,2025-08-29,CH01,new,24,242,7,9
TRPJAI2508293da6f0e7,2025-08-29,RJ01,new,20,277,8,10
TRPMYS2508291df3cd67,2025-08-29,KA01,repeated,16,195,9,9
TRPCHA250829a9085395,2025-08-29,CH01,new,27,269,8,9
TRPKOC250829766da16c,2025-08-29,KL01,repeated,12,163,8,10
TRPIND250829a1c663ee,2025-08-29,MP01,repeated,13,127,9,9
TRPCHA250829a01baa73,2025-08-29,CH01,repeated,33,323,6,7
TRPCHA250829d4a74b27,2025-08-29,CH01,repeated,27,269,8,7
TRPJAI250829c1f77525,2025-08-29,RJ01,repeated,19,265,9,8
TRPLUC250829465ea239,2025-08-29,UP01,repeated,12,134,7,7
TRPSUR250829d54f415c,2025-08-29,GJ01,new,16,147,7,6
TRPVIS250829a5aa9e91,2025-08-29,AP01,repeated,20,207,7,8
TRPJAI250829002ec616,2025-08-29,RJ01,new,28,373,8,8
TRPCHA250829f890489a,2025-08-29,CH01,repeated,28,278,8,9
TRPCHA250829d943c744,2025-08-29,CH01,repeated,12,134,8,7
TRPSUR2508295135ed9c,2025-08-29,GJ01,repeated,8,83,7,7
TRPVIS250829cce3012a,2025-08-29,AP01,repeated,23,234,8,8
TRPVIS2508298b6d208d,2025-08-29,AP01,new,20,207,10,9
TRPIND250829cb1ef73f,2025-08-29,MP01,repeated,17,159,6,6
TRPCOI250829d263a374,2025-08-29,TN01,repeated,11,111,9,9
TRPCOI250829ff0a41cc,2025-08-29,TN01,repeated,8,87,7,9
TRPSUR250829ce4ab8f5,2025-08-29,GJ01,repeated,13,123,6,6
TRPVAD250829a037d636,2025-08-29,GJ02,repeated,12,114,7,5
TRPIND2508295f3ee048,2025-08-29,MP01,repeated,19,175,9,6
TRPJAI250829f95c4720,2025-08-29,RJ01,new,24,325,8,8
TRPJAI2508290b4b5c3c,2025-08-29,RJ01,new,22,301,10,10
TRPMYS25082996568481,2025-08-29,KA01,new,24,275,10,9
TRPIND25082955d9c2dd,2025-08-29,MP01,new,12,119,10,7
TRPJAI25082905508f37,2025-08-29,RJ01,repeated,43,553,9,9
TRPJAI250829a06b7922,2025-08-29,RJ01,new,39,505,9,9
TRPJAI2508291049374c,2025-08-29,RJ01,new,36,469,9,8
TRPJAI2508290eec06a8,2025-08-29,RJ01,new,30,397,10,9
TRPJAI250829d6c159e8,2025-08-29,RJ01,new,16,229,9,9
TRPVIS2508293334f36d,2025-08-29,AP01,repeated,16,171,7,10
TRPJAI250829430a1f93,2025-08-29,RJ01,new,20,277,10,10
TRPJAI2508296c97cc68,2025-08-29,RJ01,new,26,349,8,9
TRPLUC250829fcb8c3a8,2025-08-29,UP01,repeated,18,188,5,7
TRPVAD250829c2861c9f,2025-08-29,GJ02,repeated,15,138,6,8
TRPLUC250829d0c89454,2025-08-29,UP01,repeated,16,170,7,7
TRPLUC250829e164002c,2025-08-29,UP01,new,14,152,7,7
TRPVIS250829331f85d2,2025-08-29,AP01,repeated,23,234,7,9
TRPLUC2508295e428c93,2025-08-29,UP01,repeated,14,152,5,6
TRPJAI25082979de3899,2025-08-29,RJ01,new,35,457,10,10
TRPVIS250829d89b58c6,2025-08-29,AP01,repeated,31,306,7,9
TRPIND250829bf0f99b3,2025-08-29,MP01,repeated,12,119,7,9
TRPJAI2508296c48c9d8,2025-08-29,RJ01,new,31,409,8,10
TRPLUC2508291c9eb2cb,2025-08-29,UP01,repeated,16,170,5,7
TRPJAI2508296499c58e,2025-08-29,RJ01,repeated,37,481,9,9
TRPLUC2508296dd8a069,2025-08-29,UP01,new,14,152,7,6
TRPLUC250829065047b7,2025-08-29,UP01,new,11,125,7,7
TRPCHA250829cc2b1c7a,2025-08-29,CH01,new,35,341,7,9
TRPLUC250829afddd94d,2025-08-29,UP01,repeated,6,80,5,7
TRPKOC250829d1212b83,2025-08-29,KL01,new,15,196,8,10
TRPJAI250829a2001b78,2025-08-29,RJ01,repeated,25,337,9,10
TRPKOC250829ec76629d,2025-08-29,KL01,new,28,339,8,8
TRPLUC250829d3316bb4,2025-08-29,UP01,repeated,12,134,6,5
TRPCHA2508290f3ccd2b,2025-08-29,CH01,new,32,314,9,9
TRPJAI250829a0743bb1,2025-08-29,RJ01,new,44,565,10,10
TRPCHA250829ae3e8077,2025-08-29,CH01,repeated,23,233,9,6
TRPMYS250829e6f609c9,2025-08-29,KA01,new,21,245,9,10
TRPKOC250829cb08b1be,2025-08-29,KL01,repeated,34,405,8,8
TRPKOC250829c769fbcd,2025-08-29,KL01,new,32,383,10,9
TRPJAI250829260c3389,2025-08-29,RJ01,repeated,22,301,9,9
TRPLUC250829ad51876a,2025-08-29,UP01,repeated,18,188,7,7
TRPVAD250829364f6dc3,2025-08-29,GJ02,repeated,9,90,7,8
TRPLUC250829f1148693,2025-08-29,UP01,repeated,6,80,6,5
TRPVIS250829f79e4ccd,2025-08-29,AP01,repeated,12,135,7,9
TRPVAD250829a5832771,2025-08-29,GJ02,repeated,8,82,6,6
TRPMYS25082996902aa3,2025-08-29,KA01,new,23,265,8,9
TRPSUR250829d4b2d3be,2025-08-29,GJ01,repeated,10,99,7,6
TRPLUC2508294bd6857d,2025-08-29,UP01,new,11,125,9,7
TRPVAD25082923910774,2025-08-29,GJ02,new,9,90,8,7
TRPMYS25082993b8666b,2025-08-29,KA01,repeated,14,175,9,9
TRPVIS2508292c7862d1,2025-08-29,AP01,new,33,324,9,9
TRPVAD250829d0a3b0bc,2025-08-29,GJ02,repeated,9,90,7,5
TRPJAI250829a963bd1e,2025-08-29,RJ01,new,41,529,8,10
TRPJAI250829e456aa99,2025-08-29,RJ01,new,16,229,9,8
TRPCHA25082911a02b66,2025-08-29,CH01,new,18,188,8,8
TRPMYS2508292f6d5808,2025-08-29,KA01,repeated,11,145,7,9
TRPSUR2508298021afdf,2025-08-29,GJ01,repeated,9,91,5,6
TRPKOC250829d28ce5fb,2025-08-29,KL01,repeated,10,141,8,10
TRPJAI25082979f92281,2025-08-29,RJ01,new,37,481,8,9
TRPVAD2508296e15b78d,2025-08-29,GJ02,new,10,98,8,8
TRPJAI250829f49be58d,2025-08-29,RJ01,new,38,493,10,8
TRPJAI2508293123c13e,2025-08-29,RJ01,repeated,27,361,8,9
TRPSUR250829c45660a9,2025-08-29,GJ01,repeated,9,91,5,6
TRPSUR2508299540a1bc,2025-08-29,GJ01,repeated,6,67,6,7
TRPLUC250829ea9646e6,2025-08-29,UP01,repeated,17,179,7,8
TRPLUC25082952f246af,2025-08-29,UP01,repeated,5,71,5,7
TRPLUC250829bb54ba6d,2025-08-29,UP01,repeated,8,98,6,8
TRPKOC250829d419360c,2025-08-29,KL01,new,11,152,9,10
TRPIND25082989dd17d7,2025-08-29,MP01,repeated,8,87,6,6
TRPJAI2508294d0c9cb4,2025-08-29,RJ01,repeated,20,277,9,8
TRPCHA2508298e5d15e2,2025-08-29,CH01,repeated,30,296,9,7
TRPSUR250829ec4d2d37,2025-08-29,GJ01,repeated,8,83,6,6
TRPLUC250829360a6171,2025-08-29,UP01,repeated,18,188,5,6
