trip_id,date,city_id,passenger_type,distance_travelled(km),fare_amount,passenger_rating,driver_rating
TRPCHA250811968b941b,2025-08-11,CH01,repeated,15,161,7,9
TRPSUR25081130c1ee92,2025-08-11,GJ01,repeated,7,75,5,8
TRPCOI250811016bccbe,2025-08-11,TN01,repeated,14,135,7,9
TRPLUC25081128d8712b,2025-08-11,UP01,repeated,16,170,5,5
TRPLUC250811510e52b9,2025-08-11,UP01,repeated,11,125,5,8
TRPCOI250811246a3d3e,2025-08-11,TN01,repeated,18,167,6,6
TRPSUR250811dfe09578,2025-08-11,GJ01,repeated,13,123,6,8
TRPVAD250811764e66fe,2025-08-11,GJ02,new,18,162,9,6
TRPVAD250811252eedcf,2025-08-11,GJ02,new,10,98,9,6
TRPLUC250811e9fa9bcc,2025-08-11,UP01,repeated,5,71,6,6
TRPLUC250811eee7442d,2025-08-11,UP01,new,14,152,7,6
TRPLUC25081155386a2a,2025-08-11,UP01,repeated,17,179,7,6
TRPLUC2508111a68c73e,2025-08-11,UP01,new,14,152,9,7
TRPJAI25081144dc1581,2025-08-11,RJ01,new,29,385,9,10
TRPCOI250811a0d6bd15,2025-08-11,TN01,repeated,20,183,8,8
TRPVAD25081137f186fa,2025-08-11,GJ02,repeated,6,66,7,8
TRPCOI250811de942cf2,2025-08-11,TN01,repeated,9,95,9,9
TRPSUR2508119a7411eb,2025-08-11,GJ01,repeated,17,155,7,7
TRPSUR250811d22ba4d0,2025-08-11,GJ01,repeated,6,67,5,8
TRPCOI250811ded47cb5,2025-08-11,TN01,new,22,199,9,9
TRPSUR25081117f69b72,2025-08-11,GJ01,new,12,115,8,7
TRPJAI2508118607a5d2,2025-08-11,RJ01,repeated,18,253,7,10
TRPVAD250811530dce3f,2025-08-11,GJ02,new,15,138,9,7
TRPIND250811ce366417,2025-08-11,MP01,repeated,10,103,7,8
TRPJAI2508112fb9c114,2025-08-11,RJ01,new,30,397,10,9
TRPCHA250811101298a8,2025-08-11,CH01,repeated,20,206,9,8
TRPCOI25081133b3e9e4,2025-08-11,TN01,repeated,9,95,7,7
TRPVAD250811edd874e9,2025-08-11,GJ02,repeated,9,90,5,5
TRPJAI250811fe9bcaaf,2025-08-11,RJ01,new,28,373,8,10
TRPVIS2508110c8a6e4f,2025-08-11,AP01,new,16,171,10,8
TRPJAI250811039ad17c,2025-08-11,RJ01,new,31,409,8,8
TRPSUR2508118ca50322,2025-08-11,GJ01,repeated,10,99,5,6
TRPJAI250811898348fd,2025-08-11,RJ01,new,36,469,10,8
TRPJAI250811824aadee,2025-08-11,RJ01,repeated,39,505,8,8
TRPKOC250811c10ecfb8,2025-08-11,KL01,new,22,273,9,9
TRPVIS2508116d5a8769,2025-08-11,AP01,new,22,225,10,9
TRPKOC25081159a4dc9b,2025-08-11,KL01,new,29,350,10,10
TRPCOI250811dbf4e092,2025-08-11,TN01,repeated,10,103,6,8
TRPVIS250811b7e4b472,2025-08-11,AP01,repeated,17,180,9,8
TRPKOC2508117a6443f4,2025-08-11,KL01,new,32,383,10,8
TRPVIS2508119d7fb5e8,2025-08-11,AP01,new,33,324,9,8
TRPKOC25081169126058,2025-08-11,KL01,new,26,317,10,9
TRPCHA250811593c818f,2025-08-11,CH01,repeated,12,134,6,8
TRPMYS2508118b04fdc2,2025-08-11,KA01,new,14,175,10,10
TRPJAI25081107168560,2025-08-11,RJ01,repeated,32,421,8,8
TRPJAI250811fb6fcf45,2025-08-11,RJ01,repeated,26,349,9,8
TRPSUR250811a5ef0a36,2025-08-11,GJ01,repeated,5,59,6,5
TRPLUC25081124f1e9ae,2025-08-11,UP01,repeated,8,98,5,7
TRPSUR25081139ee8fbc,2025-08-11,GJ01,repeated,9,91,5,5
TRPCHA250811b8e37b13,2025-08-11,CH01,new,29,287,7,9
TRPVIS25081159879be4,2025-08-11,AP01,repeated,34,333,9,8
TRPIND25081129b9fd6a,2025-08-11,MP01,repeated,24,215,6,6
TRPJAI250811a8bcf344,2025-08-11,RJ01,new,17,241,9,10
TRPVAD25081143dd6e28,2025-08-11,GJ02,new,17,154,9,8
TRPLUC250811c72d5c5e,2025-08-11,UP01,new,7,89,7,7
TRPCOI250811cb28630b,2025-08-11,TN01,new,11,111,7,9
TRPJAI250811019f0691,2025-08-11,RJ01,repeated,20,277,8,8
TRPLUC250811ed00b515,2025-08-11,UP01,repeated,13,143,7,6
TRPKOC2508112f6fba1b,2025-08-11,KL01,new,17,218,8,10
TRPJAI250811e69be59b,2025-08-11,RJ01,new,30,397,10,10
TRPIND2508116a3ad594,2025-08-11,MP01,repeated,13,127,8,7
TRPSUR250811be52a8d9,2025-08-11,GJ01,repeated,10,99,7,5
TRPLUC250811b7ddf017,2025-08-11,UP01,repeated,17,179,6,7
TRPMYS2508112636500e,2025-08-11,KA01,new,20,235,10,8
TRPSUR250811f20714e6,2025-08-11,GJ01,new,9,91,9,6
TRPCOI250811a3e1a06b,2025-08-11,TN01,new,22,199,7,8
TRPIND250811e8f40bad,2025-08-11,MP01,new,14,135,9,9
TRPJAI25081129ce299b,2025-08-11,RJ01,repeated,32,421,9,10
TRPLUC2508115d6acf3b,2025-08-11,UP01,repeated,10,116,7,6
TRPCOI25081179fde20c,2025-08-11,TN01,repeated,10,103,6,9
TRPCHA250811f0a78a13,2025-08-11,CH01,repeated,17,179,9,6
TRPKOC2508112efce136,2025-08-11,KL01,repeated,20,251,7,9
TRPSUR2508110cdb0bb9,2025-08-11,GJ01,repeated,16,147,7,7
TRPVIS2508119b9a4195,2025-08-11,AP01,new,31,306,10,8
TRPLUC2508118fa9ceb7,2025-08-11,UP01,repeated,9,107,5,7
TRPCHA25081178c6bf12,2025-08-11,CH01,new,14,152,8,9
TRPSUR2508112a630968,2025-08-11,GJ01,repeated,8,83,7,5
TRPVAD250811fc542786,2025-08-11,GJ02,repeated,12,114,5,8
TRPSUR250811d59ff9d6,2025-08-11,GJ01,repeated,5,59,7,6
TRPKOC25081156dc7a6f,2025-08-11,KL01,new,14,185,9,8
TRPLUC2508113f2a9ba6,2025-08-11,UP01,repeated,19,197,6,7
TRPVIS2508113d962d3f,2025-08-11,AP01,repeated,17,180,7,8
TRPLUC25081102014545,2025-08-11,UP01,new,16,170,8,6
TRPJAI25081153cb856b,2025-08-11,RJ01,repeated,39,505,9,8
TRPSUR2508111ad8018f,2025-08-11,GJ01,repeated,12,115,7,6
TRPSUR2508111891a3b3,2025-08-11,GJ01,repeated,13,123,7,5
TRPLUC250811a481bfc9,2025-08-11,UP01,repeated,19,197,5,5
TRPIND250811b524064a,2025-08-11,MP01,repeated,15,143,7,7
TRPIND250811499868bc,2025-08-11,MP01,repeated,25,223,6,6
TRPLUC25081164851be2,2025-08-11,UP01,repeated,8,98,5,7
TRPMYS25081148135060,2025-08-11,KA01,new,21,245,10,8
TRPLUC2508110ea81cfc,2025-08-11,UP01,repeated,20,206,7,8
TRPSUR2508114c0b0c7d,2025-08-11,GJ01,repeated,11,107,6,6
TRPCOI2508110945df99,2025-08-11,TN01,repeated,15,143,9,7
TRPLUC25081121af6f22,2025-08-11,UP01,repeated,15,161,7,7
TRPLUC250811a0d149bb,2025-08-11,UP01,new,10,116,8,8
TRPVIS2508117f3cb2de,2025-08-11,AP01,repeated,29,288,7,9
TRPJAI2508115b42053d,2025-08-11,RJ01,repeated,39,505,8,9
TRPLUC250811ecc4b612,2025-08-11,UP01,new,19,197,8,7
TRPLUC2508115fbb82a3,2025-08-11,UP01,new,19,197,8,6
TRPVAD250811e7216ad2,2025-08-11,GJ02,repeated,16,146,6,5
TRPSUR2508110fb49bb6,2025-08-11,GJ01,repeated,5,59,5,5
TRPLUC250811831d24dc,2025-08-11,UP01,repeated,14,152,7,7
TRPSUR250811d38addc6,2025-08-11,GJ01,repeated,7,75,5,5
TRPJAI25081156c89ba4,2025-08-11,RJ01,repeated,17,241,7,10
TRPMYS2508114a6f004b,2025-08-11,KA01,new,22,255,8,9
TRPKOC250811e1a39ab3,2025-08-11,KL01,new,13,174,9,10
TRPJAI250811eeb11e8a,2025-08-11,RJ01,repeated,22,301,9,10
TRPSUR250811388c2012,2025-08-11,GJ01,repeated,5,59,5,7
TRPJAI250811d401e95f,2025-08-11,RJ01,repeated,44,565,9,8
TRPSUR250811d7be6549,2025-08-11,GJ01,repeated,8,83,6,6
TRPJAI25081109a2ed30,2025-08-11,RJ01,repeated,37,481,7,9
TRPJAI250811c7fc84d8,2025-08-11,RJ01,repeated,26,349,7,8
TRPMYS250811f180114f,2025-08-11,KA01,new,9,125,10,8
TRPVAD2508111a5728a8,2025-08-11,GJ02,repeated,10,98,6,5
TRPIND25081190e83db6,2025-08-11,MP01,new,20,183,10,9
TRPKOC250811bf976d09,2025-08-11,KL01,new,13,174,10,9
TRPIND2508116ca78c1c,2025-08-11,MP01,repeated,10,103,8,7
TRPJAI25081190ed1a00,2025-08-11,RJ01,new,42,541,8,9
TRPCHA250811e8f33835,2025-08-11,CH01,repeated,18,188,6,9
TRPLUC2508112c5e6f8a,2025-08-11,UP01,repeated,14,152,7,5
TRPCHA250811c25ac6a9,2025-08-11,CH01,new,34,332,9,9
TRPJAI25081106db8405,2025-08-11,RJ01,new,42,541,9,8
TRPLUC250811b121919a,2025-08-11,UP01,repeated,9,107,7,8
TRPLUC2508116bd1888a,2025-08-11,UP01,repeated,6,80,7,5
TRPSUR250811cc6f13bf,2025-08-11,GJ01,repeated,8,83,6,8
TRPSUR2508115e4d73c9,2025-08-11,GJ01,repeated,16,147,5,8
TRPCHA2508112fac8a67,2025-08-11,CH01,new,26,260,8,8
TRPSUR250811922a1b37,2025-08-11,GJ01,repeated,16,147,5,6
TRPJAI250811afc3a1fb,2025-08-11,RJ01,new,19,265,8,9
TRPJAI250811f03c7b38,2025-08-11,RJ01,repeated,33,433,8,9
TRPCHA250811d354db5c,2025-08-11,CH01,repeated,22,224,8,9
TRPLUC250811f2ab28ba,2025-08-11,UP01,new,10,116,9,8
TRPCHA2508117e06f7d0,2025-08-11,CH01,new,29,287,7,9
TRPLUC250811ca9ed24f,2025-08-11,UP01,new,18,188,8,8
TRPSUR250811a28efae4,2025-08-11,GJ01,repeated,10,99,5,8
TRPMYS25081189a241d7,2025-08-11,KA01,new,12,155,10,9
TRPJAI250811b8f6c3ed,2025-08-11,RJ01,new,31,409,9,9
TRPIND250811ba643c9f,2025-08-11,MP01,new,10,103,8,9
TRPJAI250811204907b7,2025-08-11,RJ01,repeated,37,481,7,9
TRPLUC2508117290ad43,2025-08-11,UP01,repeated,14,152,7,7
TRPVIS250811d7b3fcd1,2025-08-11,AP01,repeated,28,279,7,10
TRPJAI2508115ef64ef0,2025-08-11,RJ01,new,28,373,10,8
TRPJAI25081194d776ef,2025-08-11,RJ01,repeated,33,433,7,10
TRPKOC250811e27f95e2,2025-08-11,KL01,new,12,163,8,9
TRPSUR25081115ef6f91,2025-08-11,GJ01,repeated,14,131,7,6
TRPCOI25081109eb2972,2025-08-11,TN01,repeated,20,183,6,8
TRPVAD25081192fd58bc,2025-08-11,GJ02,repeated,5,58,5,6
TRPLUC250811ab10e8ce,2025-08-11,UP01,repeated,16,170,7,5
TRPLUC2508115edd88b9,2025-08-11,UP01,repeated,20,206,7,7
TRPLUC2508113bb575f6,2025-08-11,UP01,repeated,19,197,5,6
TRPVAD250811d7ace6a1,2025-08-11,GJ02,repeated,5,58,7,5
TRPIND2508119a0bf41f,2025-08-11,MP01,new,23,207,9,9
TRPMYS250811a9fbada5,2025-08-11,KA01,repeated,18,215,8,10
TRPLUC25081106d63ad0,2025-08-11,UP01,repeated,10,116,7,7
TRPJAI2508113179a743,2025-08-11,RJ01,repeated,29,385,9,10
TRPLUC25081109c74089,2025-08-11,UP01,repeated,8,98,6,7
TRPMYS250811c7cb33c2,2025-08-11,KA01,new,14,175,9,8
TRPJAI250811e059bb09,2025-08-11,RJ01,repeated,40,517,9,10
TRPJAI250811e8dba96d,2025-08-11,RJ01,new,39,505,10,10
TRPLUC250811fdeb4bc0,2025-08-11,UP01,repeated,13,143,6,7
TRPCOI25081117211ca8,2025-08-11,TN01,repeated,21,191,8,7
TRPSUR25081171e7d3b2,2025-08-11,GJ01,repeated,11,107,5,7
TRPCHA250811927c383b,2025-08-11,CH01,repeated,15,161,9,7
TRPLUC250811c65bb778,2025-08-11,UP01,repeated,5,71,6,8
TRPIND250811989d74b2,2025-08-11,MP01,repeated,17,159,6,8
TRPJAI25081181754173,2025-08-11,RJ01,new,23,313,9,8
TRPJAI2508119013ae4a,2025-08-11,RJ01,new,35,457,10,9
TRPJAI25081136303bd1,2025-08-11,RJ01,new,15,217,10,9
TRPSUR25081142738853,2025-08-11,GJ01,repeated,7,75,5,6
TRPLUC250811340e531f,2025-08-11,UP01,new,8,98,7,6
TRPCHA250811f9ab8d46,2025-08-11,CH01,new,35,341,9,7
TRPIND250811c7b700f2,2025-08-11,MP01,repeated,21,191,7,9
TRPLUC250811338c86cf,2025-08-11,UP01,repeated,15,161,7,8
TRPVAD2508117be7e7a2,2025-08-11,GJ02,repeated,18,162,7,8
TRPCHA2508111ba6e699,2025-08-11,CH01,repeated,15,161,7,6
TRPCOI250811f16265a8,2025-08-11,TN01,repeated,21,191,7,6
TRPSUR25081119d47b57,2025-08-11,GJ01,repeated,7,75,6,8
TRPVAD250811d9ff3a49,2025-08-11,GJ02,repeated,16,146,7,6
TRPVAD25081194d71f67,2025-08-11,GJ02,new,14,130,9,6
TRPMYS2508119de95149,2025-08-11,KA01,new,22,255,9,8
TRPSUR2508110b30f31e,2025-08-11,GJ01,repeated,16,147,5,5
TRPJAI250811367370cd,2025-08-11,RJ01,repeated,28,373,8,10
TRPJAI2508119f045c43,2025-08-11,RJ01,new,37,481,9,10
TRPJAI25081114d3864f,2025-08-11,RJ01,new,34,445,10,9
TRPIND2508110016e7eb,2025-08-11,MP01,new,21,191,9,9
TRPKOC250811127df0f1,2025-08-11,KL01,new,36,427,10,10
TRPJAI250811ece51aca,2025-08-11,RJ01,repeated,43,553,9,8
TRPLUC250811f39ad4db,2025-08-11,UP01,repeated,17,179,6,5
TRPVAD25081101343d19,2025-08-11,GJ02,repeated,18,162,7,7
TRPSUR250811a97c7be5,2025-08-11,GJ01,new,13,123,9,8
TRPJAI2508115097333e,2025-08-11,RJ01,new,35,457,9,9
TRPKOC250811a064aeb6,2025-08-11,KL01,new,12,163,8,10
TRPLUC250811f640e25e,2025-08-11,UP01,new,16,170,7,8
TRPSUR2508110d8f0abc,2025-08-11,GJ01,repeated,15,139,7,7
TRPJAI2508112fb672c4,2025-08-11,RJ01,new,38,493,8,8
TRPVAD250811bc7943f1,2025-08-11,GJ02,repeated,8,82,7,7
TRPIND25081126fade71,2025-08-11,MP01,new,19,175,9,8
TRPCHA2508118a458efa,2025-08-11,CH01,new,15,161,8,9
TRPSUR2508115de5e847,2025-08-11,GJ01,repeated,5,59,5,7
TRPIND250811fc38a75d,2025-08-11,MP01,repeated,13,127,6,7
TRPVAD25081199ed1a9d,2025-08-11,GJ02,new,12,114,9,8
TRPLUC250811e275ec75,2025-08-11,UP01,repeated,9,107,7,6
TRPSUR2508116ed482c1,2025-08-11,GJ01,repeated,5,59,5,5
TRPLUC2508117efd4539,2025-08-11,UP01,repeated,6,80,7,6
TRPJAI2508118a212688,2025-08-11,RJ01,new,18,253,9,10
TRPVAD250811540166ea,2025-08-11,GJ02,repeated,16,146,6,7
TRPCHA250811f69eefbd,2025-08-11,CH01,new,16,170,10,7
TRPLUC250811f39c355b,2025-08-11,UP01,repeated,10,116,6,5
TRPSUR250811a797beee,2025-08-11,GJ01,repeated,11,107,6,8
TRPJAI2508116a32336f,2025-08-11,RJ01,repeated,21,289,8,10
TRPVAD2508114a72e743,2025-08-11,GJ02,repeated,5,58,7,7
TRPJAI250811c52e7e36,2025-08-11,RJ01,repeated,18,253,7,9
TRPSUR2508115dca71e6,2025-08-11,GJ01,repeated,8,83,5,6
TRPSUR2508116b10f896,2025-08-11,GJ01,repeated,16,147,6,7
TRPSUR25081161523159,2025-08-11,GJ01,repeated,13,123,5,5
TRPSUR25081193f2d007,2025-08-11,GJ01,new,10,99,7,6
TRPLUC25081179d9b0c6,2025-08-11,UP01,repeated,15,161,7,8
TRPVAD250811103dc3c5,2025-08-11,GJ02,repeated,8,82,7,8
TRPJAI250811f04a98e6,2025-08-11,RJ01,repeated,45,577,7,10
TRPJAI2508117848b899,2025-08-11,RJ01,new,15,217,10,9
TRPLUC250811f1613d1d,2025-08-11,UP01,new,18,188,8,7
TRPCOI250811dcc8a74b,2025-08-11,TN01,new,20,183,7,8
TRPJAI25081132d18de2,2025-08-11,RJ01,repeated,41,529,8,10
TRPKOC250811be61fba3,2025-08-11,KL01,new,27,328,8,9
TRPVAD2508112d5fd841,2025-08-11,GJ02,repeated,9,90,6,5
TRPJAI250811c9f42a0f,2025-08-11,RJ01,new,20,277,9,8
TRPKOC250811f81d6d0c,2025-08-11,KL01,repeated,14,185,9,10
TRPJAI250811456efe6b,2025-08-11,RJ01,repeated,42,541,9,8
TRPLUC2508111d91baf6,2025-08-11,UP01,repeated,14,152,7,8
TRPIND25081115c77e67,2025-08-11,MP01,new,8,87,7,9
TRPVAD25081185df7104,2025-08-11,GJ02,new,9,90,8,6
TRPJAI250811eb009552,2025-08-11,RJ01,repeated,42,541,9,8
TRPIND250811f1e0b853,2025-08-11,MP01,new,12,119,9,8
TRPSUR250811cf9a0838,2025-08-11,GJ01,repeated,8,83,7,6
TRPSUR2508117b29f784,2025-08-11,GJ01,new,11,107,8,7
TRPJAI2508116e55d9f4,2025-08-11,RJ01,repeated,40,517,7,10
TRPCHA250811c6bbaf16,2025-08-11,CH01,repeated,17,179,7,6
TRPKOC25081151f8f884,2025-08-11,KL01,repeated,35,416,8,9
TRPVIS250811549376ef,2025-08-11,AP01,repeated,30,297,7,10
TRPLUC250811335ac98b,2025-08-11,UP01,repeated,13,143,6,5
TRPCOI2508114b6b2c9b,2025-08-11,TN01,new,19,175,8,9
TRPCHA25081159e2015f,2025-08-11,CH01,new,22,224,9,7
TRPLUC250811e804fed5,2025-08-11,UP01,repeated,14,152,6,8
TRPSUR2508115876bde5,2025-08-11,GJ01,repeated,7,75,6,7
TRPVIS2508116456b83c,2025-08-11,AP01,repeated,25,252,8,8
TRPSUR250811718e2ce1,2025-08-11,GJ01,repeated,15,139,5,5
TRPKOC250811d25da4be,2025-08-11,KL01,repeated,28,339,9,10
TRPLUC250811cdb834a3,2025-08-11,UP01,new,17,179,9,6
TRPVAD2508116e6d6595,2025-08-11,GJ02,repeated,11,106,5,5
TRPVAD25081113af4514,2025-08-11,GJ02,new,11,106,8,6
TRPLUC25081136172113,2025-08-11,UP01,repeated,19,197,6,8
TRPVAD25081106d05c97,2025-08-11,GJ02,repeated,10,98,6,5
TRPCHA250811571724d6,2025-08-11,CH01,new,33,323,7,8
TRPSUR25081163e39c37,2025-08-11,GJ01,new,15,139,7,7
TRPJAI25081113a69db7,2025-08-11,RJ01,new,18,253,10,9
TRPJAI25081186720a06,2025-08-11,RJ01,new,44,565,9,9
TRPJAI250811f3fd386f,2025-08-11,RJ01,new,28,373,8,8
TRPJAI25081154d8dd49,2025-08-11,RJ01,new,39,505,10,8
TRPLUC2508110b0bd4fe,2025-08-11,UP01,repeated,6,80,5,7
TRPJAI250811cc2f9a87,2025-08-11,RJ01,repeated,16,229,9,9
TRPVAD25081135deb823,2025-08-11,GJ02,repeated,13,122,7,6
TRPVIS2508118a8ecc8b,2025-08-11,AP01,new,30,297,8,8
TRPSUR2508119a9e854e,2025-08-11,GJ01,repeated,13,123,6,6
TRPVIS250811c24225f4,2025-08-11,AP01,new,26,261,9,9
TRPVIS250811bcb6545c,2025-08-11,AP01,new,13,144,9,10
TRPIND2508113aea145b,2025-08-11,MP01,new,25,223,10,8
TRPJAI25081183862896,2025-08-11,RJ01,new,23,313,8,9
TRPJAI2508111e22256a,2025-08-11,RJ01,repeated,28,373,8,8
TRPJAI250811c99a93c8,2025-08-11,RJ01,new,15,217,10,9
TRPLUC2508115e6c4ec0,2025-08-11,UP01,new,16,170,8,7
TRPKOC250811db01657e,2025-08-11,KL01,repeated,25,306,8,9
TRPVAD250811dab30bc1,2025-08-11,GJ02,repeated,13,122,7,6
TRPCOI25081141d318da,2025-08-11,TN01,repeated,22,199,7,7
TRPKOC25081196cd48d3,2025-08-11,KL01,new,14,185,9,8
TRPSUR250811f6affd5b,2025-08-11,GJ01,repeated,12,115,7,5
TRPLUC2508110459e0fd,2025-08-11,UP01,repeated,9,107,7,7
TRPVIS25081185a19851,2025-08-11,AP01,new,28,279,10,9
TRPJAI25081108cc4ed7,2025-08-11,RJ01,repeated,17,241,8,8
TRPLUC25081140e51a4c,2025-08-11,UP01,repeated,14,152,6,5
TRPCHA250811f2bdcce4,2025-08-11,CH01,new,27,269,10,9
TRPVIS25081176523680,2025-08-11,AP01,new,32,315,9,10
TRPJAI250811b1f75d8e,2025-08-11,RJ01,new,16,229,9,9
TRPIND2508119d709644,2025-08-11,MP01,new,21,191,8,7
TRPVAD250811bc059f15,2025-08-11,GJ02,repeated,11,106,5,5
TRPSUR250811945a7347,2025-08-11,GJ01,repeated,14,131,7,6
TRPKOC25081107f08519,2025-08-11,KL01,repeated,15,196,9,10
TRPSUR250811370eb887,2025-08-11,GJ01,repeated,14,131,6,5
TRPLUC25081108ba6ec5,2025-08-11,UP01,repeated,5,71,6,8
TRPLUC25081104381ad0,2025-08-11,UP01,repeated,20,206,7,5
TRPCHA2508112c4abc63,2025-08-11,CH01,new,32,314,10,8
TRPIND2508117a2ab6db,2025-08-11,MP01,repeated,21,191,6,8
TRPJAI2508118a4ff201,2025-08-11,RJ01,repeated,42,541,9,9
TRPSUR2508112111f3f1,2025-08-11,GJ01,repeated,8,83,5,6
TRPIND250811ee92fabc,2025-08-11,MP01,repeated,16,151,7,6
TRPVAD250811ad05665c,2025-08-11,GJ02,repeated,9,90,6,5
TRPCOI250811eaa6c7be,2025-08-11,TN01,new,15,143,9,9
TRPJAI2508111e78d757,2025-08-11,RJ01,repeated,38,493,7,9
TRPKOC25081168c2ee30,2025-08-11,KL01,new,22,273,8,10
TRPCHA2508113f741f3e,2025-08-11,CH01,new,32,314,7,7
TRPIND250811c7a59081,2025-08-11,MP01,new,18,167,8,8
TRPSUR2508119258f252,2025-08-11,GJ01,repeated,10,99,7,8
TRPLUC25081116254960,2025-08-11,UP01,repeated,13,143,4,1
TRPSUR25081153d8da3a,2025-08-11,GJ01,repeated,17,155,7,6
TRPJAI250811aab708f6,2025-08-11,RJ01,new,41,529,10,8
TRPLUC2508118c619fb1,2025-08-11,UP01,repeated,17,179,6,6
TRPIND2508117c847c3d,2025-08-11,MP01,repeated,19,175,9,8
TRPIND2508116b3831b9,2025-08-11,MP01,repeated,11,111,9,6
TRPVIS25081147b06850,2025-08-11,AP01,repeated,34,333,9,8
TRPCHA25081131b307de,2025-08-11,CH01,repeated,27,269,9,7
TRPLUC250811466b8e0e,2025-08-11,UP01,repeated,17,179,7,5
TRPIND25081181561b04,2025-08-11,MP01,new,15,143,10,7
TRPJAI250811fb5f0dfa,2025-08-11,RJ01,repeated,42,541,9,8
TRPCHA250811744f62d0,2025-08-11,CH01,new,14,152,8,8
TRPIND25081112b3259f,2025-08-11,MP01,new,24,215,9,7
TRPVIS250811356dd7be,2025-08-11,AP01,new,23,234,10,8
TRPVIS250811a1e98cb3,2025-08-11,AP01,repeated,18,189,7,10
TRPVAD250811b9d74487,2025-08-11,GJ02,repeated,16,146,7,8
TRPKOC250811d3c4ebd0,2025-08-11,KL01,repeated,35,416,7,8
TRPSUR2508112fa7731f,2025-08-11,GJ01,repeated,5,59,5,7
TRPCHA25081103eae8e2,2025-08-11,CH01,new,14,152,7,9
TRPJAI250811c9d25dd5,2025-08-11,RJ01,repeated,32,421,8,9
TRPVAD25081104658153,2025-08-11,GJ02,repeated,18,162,6,7
TRPSUR2508117f6e2a3b,2025-08-11,GJ01,repeated,13,123,5,7
TRPSUR250811c79a3052,2025-08-11,GJ01,new,7,75,7,8
TRPSUR2508119bab6477,2025-08-11,GJ01,new,5,59,9,7
TRPIND250811eebe3124,2025-08-11,MP01,repeated,24,215,9,9
TRPVIS25081146c0ac26,2025-08-11,AP01,repeated,24,243,8,9
TRPLUC25081175de50f1,2025-08-11,UP01,repeated,7,89,5,6
TRPVIS25081159ba2198,2025-08-11,AP01,new,26,261,8,9
TRPKOC250811334df836,2025-08-11,KL01,new,25,306,10,9
TRPJAI250811ec04fe91,2025-08-11,RJ01,repeated,37,481,9,8
TRPCHA250811a02db55f,2025-08-11,CH01,new,26,260,8,9
TRPLUC250811086af343,2025-08-11,UP01,repeated,12,134,6,6
TRPLUC2508113952e519,2025-08-11,UP01,repeated,13,143,6,7
TRPLUC250811262e70c1,2025-08-11,UP01,repeated,18,188,5,7
TRPCOI2508111a267184,2025-08-11,TN01,new,18,167,7,9
TRPSUR250811ae2c558f,2025-08-11,GJ01,repeated,12,115,7,5
TRPKOC25081164df8aa8,2025-08-11,KL01,repeated,26,317,9,9
TRPKOC25081144d46d2b,2025-08-11,KL01,repeated,17,218,7,10
TRPSUR25081137fbc15f,2025-08-11,GJ01,new,17,155,8,8
TRPCOI250811d5ff2de4,2025-08-11,TN01,repeated,14,135,9,6
TRPSUR25081129b83ae0,2025-08-11,GJ01,repeated,17,155,5,8
TRPLUC2508116d767a79,2025-08-11,UP01,new,19,197,7,6
TRPKOC250811a9206b5a,2025-08-11,KL01,repeated,15,196,7,10
TRPCHA250811229c3fce,2025-08-11,CH01,new,15,161,10,8
TRPLUC250811622bfc3a,2025-08-11,UP01,repeated,15,161,6,7
TRPKOC250811c13a9f9a,2025-08-11,KL01,new,27,328,10,9
TRPSUR25081149b47e0a,2025-08-11,GJ01,repeated,17,155,5,6
TRPVAD250811427dceb4,2025-08-11,GJ02,new,12,114,8,6
TRPKOC2508118de9171c,2025-08-11,KL01,new,26,317,8,8
TRPJAI250811a667661d,2025-08-11,RJ01,repeated,41,529,8,10
TRPSUR250811e86c4d5d,2025-08-11,GJ01,repeated,5,59,6,7
TRPLUC250811d0ee6410,2025-08-11,UP01,repeated,17,179,5,5
TRPIND250811ccb2a8a4,2025-08-11,MP01,repeated,15,143,7,6
TRPKOC250811dbae2d92,2025-08-11,KL01,new,21,262,10,8
TRPSUR250811a090b72d,2025-08-11,GJ01,repeated,5,59,7,5
TRPJAI2508111488e3ff,2025-08-11,RJ01,new,34,445,8,10
TRPVIS250811c8efb73d,2025-08-11,AP01,new,29,288,10,9
TRPIND2508114d8fe104,2025-08-11,MP01,repeated,13,127,6,9
TRPCHA250811b8ba434a,2025-08-11,CH01,repeated,16,170,8,6
TRPSUR250811cb6c12fb,2025-08-11,GJ01,repeated,14,131,7,6
TRPJAI2508116e1219ef,2025-08-11,RJ01,new,27,361,9,8
TRPKOC250811cff87f2d,2025-08-11,KL01,repeated,11,152,7,8
TRPVIS250811cfc12d1f,2025-08-11,AP01,repeated,20,207,9,10
TRPCHA25081184a92c90,2025-08-11,CH01,repeated,32,314,7,6
TRPVIS2508112fe8d989,2025-08-11,AP01,repeated,22,225,7,9
TRPVAD25081161900078,2025-08-11,GJ02,repeated,18,162,5,5
TRPCOI2508113ecd5b67,2025-08-11,TN01,repeated,21,191,8,7
TRPIND2508110de70bc6,2025-08-11,MP01,repeated,25,223,6,6
TRPVAD250811a9598e94,2025-08-11,GJ02,new,13,122,7,6
TRPLUC25081132c41166,2025-08-11,UP01,repeated,9,107,5,7
TRPSUR2508113e08712a,2025-08-11,GJ01,new,11,107,7,6
TRPKOC2508118afa06a2,2025-08-11,KL01,new,24,295,10,8
TRPJAI250811d2fa6e35,2025-08-11,RJ01,repeated,44,565,9,9
TRPLUC2508116246c8d3,2025-08-11,UP01,repeated,19,197,6,5
TRPLUC250811a5ffad42,2025-08-11,UP01,repeated,17,179,5,8
TRPKOC25081192404053,2025-08-11,KL01,repeated,27,328,8,10
TRPKOC250811d5cc9178,2025-08-11,KL01,new,35,416,10,10
TRPLUC25081143a72980,2025-08-11,UP01,new,17,179,8,6
TRPJAI250811e1f51e69,2025-08-11,RJ01,repeated,41,529,9,9
TRPCHA250811c7436d8e,2025-08-11,CH01,new,26,260,8,7
TRPLUC2508113033ff0a,2025-08-11,UP01,repeated,7,89,5,5
TRPSUR250811c0088db1,2025-08-11,GJ01,repeated,5,59,7,8
TRPJAI250811640a8126,2025-08-11,RJ01,new,34,445,10,8
TRPLUC250811c59652c3,2025-08-11,UP01,new,9,107,7,8
TRPVAD250811ae66ee24,2025-08-11,GJ02,repeated,16,146,6,6
TRPSUR250811d393d3fb,2025-08-11,GJ01,repeated,16,147,7,8
TRPVIS250811d0aa64ef,2025-08-11,AP01,new,21,216,8,8
TRPMYS250811cf521707,2025-08-11,KA01,new,21,245,9,8
TRPIND250811050a65df,2025-08-11,MP01,repeated,9,95,8,9
TRPCHA250811df014213,2025-08-11,CH01,new,16,170,8,7
TRPJAI2508110485b50b,2025-08-11,RJ01,repeated,41,529,8,9
TRPJAI250811c63eefdc,2025-08-11,RJ01,new,39,505,10,10
TRPSUR25081100d1fbfe,2025-08-11,GJ01,repeated,11,107,6,7
TRPSUR25081107645aec,2025-08-11,GJ01,new,17,155,9,6
TRPKOC250811ad3bbbc5,2025-08-11,KL01,new,11,152,8,8
TRPCOI25081192551c01,2025-08-11,TN01,repeated,20,183,7,6
TRPSUR2508111806dcc1,2025-08-11,GJ01,repeated,11,107,6,7
TRPSUR25081138eae197,2025-08-11,GJ01,repeated,16,147,7,6
TRPSUR250811a5bfd86e,2025-08-11,GJ01,repeated,13,123,7,6
TRPIND2508113dd8f8c4,2025-08-11,MP01,repeated,23,207,7,6
TRPJAI25081195c4c4e9,2025-08-11,RJ01,new,19,265,10,9
TRPVIS2508114bdc97ee,2025-08-11,AP01,repeated,20,207,9,10
TRPSUR250811ec184dd1,2025-08-11,GJ01,new,12,115,9,6
TRPVIS250811fc0a2f23,2025-08-11,AP01,repeated,30,297,8,10
TRPLUC2508114a94ceee,2025-08-11,UP01,repeated,6,80,6,6
TRPCHA250811e2dcc87c,2025-08-11,CH01,new,15,161,7,8
TRPKOC2508114955a5d2,2025-08-11,KL01,new,30,361,10,10
TRPSUR25081143b6b917,2025-08-11,GJ01,repeated,8,83,5,7
TRPLUC2508113bdf5601,2025-08-11,UP01,new,20,206,8,8
TRPSUR2508118d59d475,2025-08-11,GJ01,repeated,9,91,6,5
TRPJAI250811fbf99424,2025-08-11,RJ01,new,22,301,8,10
TRPVIS25081186bf0e9b,2025-08-11,AP01,repeated,26,261,9,9
TRPLUC250811c941b189,2025-08-11,UP01,repeated,20,206,6,5
TRPVAD250811ee36c51e,2025-08-11,GJ02,repeated,7,74,5,5
TRPLUC2508112a19719f,2025-08-11,UP01,new,12,134,7,7
TRPVIS250811d6b5e763,2025-08-11,AP01,repeated,21,216,7,10
TRPSUR250811ffef4b9c,2025-08-11,GJ01,new,13,123,9,8
TRPSUR25081158a06db4,2025-08-11,GJ01,repeated,10,99,7,7
TRPIND250811983cdc59,2025-08-11,MP01,new,17,159,7,7
TRPJAI2508110444c762,2025-08-11,RJ01,repeated,30,397,8,9
TRPCHA2508115b9c8459,2025-08-11,CH01,repeated,15,161,8,6
TRPSUR250811873e6405,2025-08-11,GJ01,repeated,15,139,7,6
TRPLUC25081190ed5100,2025-08-11,UP01,repeated,11,125,7,7
TRPJAI2508115bf42d18,2025-08-11,RJ01,new,41,529,10,9
TRPSUR2508112ed3dd89,2025-08-11,GJ01,repeated,6,67,7,5
TRPVAD250811398e0212,2025-08-11,GJ02,repeated,16,146,7,6
TRPCHA25081172422a1d,2025-08-11,CH01,new,23,233,8,7
TRPLUC250811c4a5115c,2025-08-11,UP01,repeated,13,143,5,6
TRPLUC250811d3be77d0,2025-08-11,UP01,repeated,19,197,7,8
TRPLUC250811c3bdecb6,2025-08-11,UP01,repeated,8,98,4,2
TRPVIS250811ae430721,2025-08-11,AP01,repeated,12,135,7,8
TRPCHA250811b2926527,2025-08-11,CH01,repeated,14,152,7,8
TRPLUC250811015704f9,2025-08-11,UP01,repeated,10,116,6,6
TRPMYS2508112e33d218,2025-08-11,KA01,new,12,155,9,9
TRPSUR2508111592e876,2025-08-11,GJ01,new,12,115,8,8
TRPLUC25081181d6240d,2025-08-11,UP01,new,9,107,9,7
TRPCHA2508119fcd2b3a,2025-08-11,CH01,repeated,19,197,7,6
TRPKOC2508113d6b4755,2025-08-11,KL01,new,31,372,10,8
TRPKOC25081169cc50a7,2025-08-11,KL01,repeated,31,372,9,9
TRPJAI2508113ab25fb1,2025-08-11,RJ01,repeated,20,277,9,10
TRPCHA25081197084466,2025-08-11,CH01,repeated,28,278,7,8
TRPJAI2508117f8a8af2,2025-08-11,RJ01,new,42,541,10,8
TRPVAD2508116d052337,2025-08-11,GJ02,repeated,13,122,7,7
TRPJAI2508112215f67e,2025-08-11,RJ01,new,41,529,8,10
TRPSUR2508112f8497e9,2025-08-11,GJ01,repeated,10,99,6,8
TRPLUC2508115ff99216,2025-08-11,UP01,repeated,14,152,5,6
TRPVIS250811d40a2b49,2025-08-11,AP01,new,34,333,10,10
TRPKOC250811aa30f748,2025-08-11,KL01,new,22,273,9,8
TRPSUR2508113cee2b7f,2025-08-11,GJ01,repeated,17,155,6,5
TRPVIS25081140f6d997,2025-08-11,AP01,new,19,198,8,10
TRPVIS250811db8e4a8f,2025-08-11,AP01,repeated,10,117,9,9
TRPLUC250811b99dc772,2025-08-11,UP01,repeated,8,98,6,7
TRPJAI250811a4cbd564,2025-08-11,RJ01,repeated,33,433,7,9
TRPLUC250811a33b0be6,2025-08-11,UP01,repeated,16,170,7,7
TRPIND2508110375e2dd,2025-08-11,MP01,new,15,143,7,9
TRPSUR250811fe493a2d,2025-08-11,GJ01,repeated,7,75,5,6
TRPIND2508113f3d278d,2025-08-11,MP01,new,23,207,9,7
TRPCHA250811840975bf,2025-08-11,CH01,new,12,134,9,9
TRPSUR250811f276f3ad,2025-08-11,GJ01,repeated,5,59,7,5
TRPLUC250811aeb5018f,2025-08-11,UP01,new,17,179,8,6
TRPCHA2508116dc253b6,2025-08-11,CH01,repeated,19,197,8,8
TRPKOC25081113783002,2025-08-11,KL01,new,32,383,8,8
TRPKOC2508117006b86a,2025-08-11,KL01,repeated,37,438,9,8
TRPLUC25081131297107,2025-08-11,UP01,repeated,18,188,7,7
TRPKOC250811ee81346a,2025-08-11,KL01,new,29,350,8,10
TRPLUC2508119982bdf2,2025-08-11,UP01,new,11,125,8,8
TRPSUR250811f9f04d87,2025-08-11,GJ01,repeated,10,99,6,5
TRPSUR25081136e4e960,2025-08-11,GJ01,repeated,15,139,6,8
TRPLUC2508119564da45,2025-08-11,UP01,new,13,143,9,8
TRPJAI2508110afcaba4,2025-08-11,RJ01,new,39,505,9,10
TRPKOC2508119579cf05,2025-08-11,KL01,repeated,35,416,7,9
TRPSUR250811cb164369,2025-08-11,GJ01,repeated,17,155,7,5
TRPCHA250811309c9b29,2025-08-11,CH01,repeated,18,188,9,9
TRPIND2508113e2bc2ed,2025-08-11,MP01,repeated,16,151,7,8
TRPSUR250811255954d0,2025-08-11,GJ01,repeated,15,139,7,7
TRPCHA2508115e2683e8,2025-08-11,CH01,new,13,143,7,9
TRPLUC250811ded0c54b,2025-08-11,UP01,repeated,5,71,5,8
TRPCHA250811c2e4d8db,2025-08-11,CH01,repeated,16,170,8,9
TRPVIS250811df24cd75,2025-08-11,AP01,new,17,180,8,8
TRPCHA2508112def172a,2025-08-11,CH01,new,24,242,10,7
TRPLUC2508118bb28e06,2025-08-11,UP01,repeated,11,125,6,6
TRPJAI250811e1928fed,2025-08-11,RJ01,new,20,277,9,9
TRPSUR250811d9b54b26,2025-08-11,GJ01,repeated,11,107,6,5
TRPCHA250811291733fd,2025-08-11,CH01,new,35,341,9,9
TRPJAI250811db58ecbb,2025-08-11,RJ01,new,17,241,10,9
TRPLUC250811e36fc0a7,2025-08-11,UP01,repeated,10,116,6,6
TRPMYS250811b7ae2ff1,2025-08-11,KA01,new,21,245,9,8
TRPKOC250811b9d68f49,2025-08-11,KL01,repeated,24,295,9,10
TRPIND250811ca71391c,2025-08-11,MP01,new,12,119,10,7
TRPCOI250811b86b8d4f,2025-08-11,TN01,repeated,18,167,9,8
TRPJAI250811e3820b99,2025-08-11,RJ01,new,29,385,10,10
TRPJAI2508111b7c9e0c,2025-08-11,RJ01,new,26,349,8,9
TRPLUC2508116e267748,2025-08-11,UP01,repeated,20,206,7,8
TRPLUC2508116ecf4add,2025-08-11,UP01,repeated,17,179,5,5
TRPCHA250811b8c0afd3,2025-08-11,CH01,repeated,13,143,7,7
TRPVIS250811603806db,2025-08-11,AP01,repeated,13,144,8,10
TRPJAI250811956f3948,2025-08-11,RJ01,repeated,24,325,9,9
TRPSUR2508110b465a65,2025-08-11,GJ01,repeated,17,155,7,8
TRPVAD2508118b9bbc17,2025-08-11,GJ02,repeated,11,106,5,6
TRPSUR2508115f8c3a87,2025-08-11,GJ01,repeated,16,147,5,6
TRPIND250811f8c13fa3,2025-08-11,MP01,repeated,25,223,7,6
TRPLUC250811f9103b37,2025-08-11,UP01,new,5,71,9,7
TRPSUR2508118e630426,2025-08-11,GJ01,new,11,107,9,8
TRPLUC2508119948b573,2025-08-11,UP01,repeated,9,107,6,8
TRPCHA25081155898901,2025-08-11,CH01,new,22,224,8,8
TRPIND250811cd42c203,2025-08-11,MP01,repeated,16,151,8,8
TRPLUC250811cea04da1,2025-08-11,UP01,new,20,206,8,7
TRPSUR250811e44ac3e1,2025-08-11,GJ01,repeated,12,115,5,8
TRPLUC250811d1edb574,2025-08-11,UP01,repeated,17,179,5,8
TRPSUR2508114dc58f16,2025-08-11,GJ01,new,7,75,9,7
TRPVAD25081158f3e9d6,2025-08-11,GJ02,repeated,18,162,6,6
TRPMYS25081164e9f213,2025-08-11,KA01,repeated,10,135,9,10
TRPLUC25081100ac634b,2025-08-11,UP01,repeated,7,89,6,7
TRPCHA250811d3ebec37,2025-08-11,CH01,new,12,134,9,9
TRPMYS250811b934a801,2025-08-11,KA01,new,18,215,9,9
TRPSUR25081131d74a07,2025-08-11,GJ01,repeated,15,139,7,8
TRPLUC250811a559ed0f,2025-08-11,UP01,repeated,17,179,7,6
TRPVAD25081151564555,2025-08-11,GJ02,repeated,10,98,6,8
TRPSUR2508118e07df15,2025-08-11,GJ01,repeated,6,67,5,6
TRPIND25081180c96527,2025-08-11,MP01,new,23,207,8,7
TRPVAD2508116c5877be,2025-08-11,GJ02,repeated,7,74,5,5
TRPLUC250811cf8c71d4,2025-08-11,UP01,repeated,16,170,7,7
TRPLUC2508119b2e1d82,2025-08-11,UP01,repeated,9,107,6,8
TRPJAI250811d2a26aa0,2025-08-11,RJ01,new,31,409,9,10
TRPSUR2508110dcd0d39,2025-08-11,GJ01,repeated,10,99,7,6
TRPLUC250811313ed67a,2025-08-11,UP01,repeated,7,89,5,8
TRPJAI250811b57e9e48,2025-08-11,RJ01,repeated,20,277,9,9
TRPJAI25081164619217,2025-08-11,RJ01,repeated,44,565,7,9
TRPCOI250811566e966d,2025-08-11,TN01,repeated,22,199,9,8
TRPLUC25081171e7aa11,2025-08-11,UP01,new,18,188,7,6
TRPCHA2508114a1502df,2025-08-11,CH01,repeated,27,269,9,6
TRPIND25081106d094a3,2025-08-11,MP01,repeated,8,87,8,9
TRPJAI250811e3b3f0c9,2025-08-11,RJ01,new,16,229,9,10
TRPLUC250811f0b99f46,2025-08-11,UP01,new,18,188,8,8
TRPKOC25081174cf2329,2025-08-11,KL01,new,29,350,9,10
TRPLUC250811ba6a95d6,2025-08-11,UP01,repeated,5,71,5,5
TRPIND250811adea7e94,2025-08-11,MP01,repeated,16,151,8,9
TRPJAI250811ca456a78,2025-08-11,RJ01,new,23,313,10,9
TRPKOC2508112ca1c5df,2025-08-11,KL01,repeated,35,416,9,10
TRPLUC250811786d6d87,2025-08-11,UP01,repeated,11,125,7,5
TRPIND250811503541f8,2025-08-11,MP01,repeated,21,191,7,9
TRPKOC2508116c21069f,2025-08-11,KL01,new,19,240,9,8
TRPCOI250811b0abde4a,2025-08-11,TN01,new,21,191,9,8
TRPLUC250811abe229b4,2025-08-11,UP01,repeated,7,89,6,7
TRPSUR250811fd2f6275,2025-08-11,GJ01,repeated,10,99,7,7
TRPIND250811fd54e47d,2025-08-11,MP01,repeated,15,143,8,8
TRPSUR250811fdf97028,2025-08-11,GJ01,repeated,13,123,5,8
TRPSUR250811624be5e8,2025-08-11,GJ01,repeated,13,123,6,6
TRPJAI250811a0002492,2025-08-11,RJ01,repeated,26,349,7,8
TRPLUC250811710cad5b,2025-08-11,UP01,repeated,15,161,5,5
TRPIND250811a6177ba5,2025-08-11,MP01,new,15,143,10,9
TRPCHA250811401cd358,2025-08-11,CH01,new,34,332,9,7
TRPSUR2508118cc120d8,2025-08-11,GJ01,repeated,12,115,6,5
TRPIND2508118770906a,2025-08-11,MP01,new,17,159,9,8
TRPLUC250811d549bb25,2025-08-11,UP01,repeated,8,98,6,8
TRPJAI2508116e07c2a2,2025-08-11,RJ01,repeated,29,385,7,10
TRPSUR25081182408104,2025-08-11,GJ01,repeated,7,75,6,8
TRPCOI2508118b945ce4,2025-08-11,TN01,new,10,103,8,9
TRPVIS2508113cc5f181,2025-08-11,AP01,repeated,31,306,8,9
TRPLUC250811438d9fef,2025-08-11,UP01,repeated,12,134,6,6
TRPVIS250811fe090930,2025-08-11,AP01,repeated,15,162,9,8
TRPCOI250811cf4db3d0,2025-08-11,TN01,repeated,16,151,6,6
TRPIND2508118fbc600f,2025-08-11,MP01,repeated,20,183,7,9
TRPLUC250811e3d17e4a,2025-08-11,UP01,new,14,152,9,8
TRPLUC250811eac02bbe,2025-08-11,UP01,new,6,80,9,6
TRPCHA250811631a68d3,2025-08-11,CH01,repeated,22,224,9,9
TRPKOC2508113c9fce38,2025-08-11,KL01,new,18,229,10,9
TRPJAI25081100b7e7b2,2025-08-11,RJ01,new,32,421,10,9
TRPSUR250811d5fc7a97,2025-08-11,GJ01,repeated,17,155,5,5
TRPSUR250811f9375935,2025-08-11,GJ01,repeated,13,123,5,5
TRPSUR2508110976b216,2025-08-11,GJ01,repeated,5,59,5,8
TRPCHA250811bccdc4c7,2025-08-11,CH01,repeated,26,260,7,6
TRPSUR250811dd7bc6b5,2025-08-11,GJ01,new,12,115,8,8
TRPCHA2508115e19bbe3,2025-08-11,CH01,new,32,314,8,9
TRPMYS25081114ee9a61,2025-08-11,KA01,new,8,115,8,10
TRPJAI2508115ac7dcf8,2025-08-11,RJ01,new,41,529,9,8
TRPSUR250811bcd6e092,2025-08-11,GJ01,repeated,9,91,7,8
TRPLUC250811aaa5be3c,2025-08-11,UP01,repeated,12,134,6,6
TRPVAD25081136cdf18b,2025-08-11,GJ02,repeated,13,122,5,8
TRPKOC250811245b21aa,2025-08-11,KL01,new,25,306,10,10
TRPSUR2508117950ac04,2025-08-11,GJ01,repeated,5,59,5,7
TRPSUR250811f1383712,2025-08-11,GJ01,repeated,13,123,5,7
TRPVAD250811de142c4d,2025-08-11,GJ02,new,11,106,8,6
TRPMYS250811191b0155,2025-08-11,KA01,new,18,215,9,9
TRPVAD2508119799bac1,2025-08-11,GJ02,new,16,146,8,7
TRPLUC250811b8b0924b,2025-08-11,UP01,repeated,7,89,6,8
TRPVAD250811e24943ea,2025-08-11,GJ02,repeated,15,138,6,7
TRPSUR250811b2be24dd,2025-08-11,GJ01,repeated,14,131,7,8
TRPLUC250811874889a4,2025-08-11,UP01,new,7,89,9,6
TRPCHA250811f8ce6b07,2025-08-11,CH01,new,23,233,7,9
TRPVAD25081113b1ca95,2025-08-11,GJ02,repeated,9,90,5,6
TRPIND250811ee1c652d,2025-08-11,MP01,new,14,135,7,8
TRPJAI25081177cb2925,2025-08-11,RJ01,repeated,39,505,9,10
TRPLUC250811ddb1f5fc,2025-08-11,UP01,repeated,19,197,5,7
TRPVAD2508118ab5d773,2025-08-11,GJ02,repeated,13,122,5,7
TRPIND250811b9f21b71,2025-08-11,MP01,repeated,23,207,7,8
TRPSUR2508119be88e4f,2025-08-11,GJ01,repeated,17,155,7,6
TRPIND250811ea83d87a,2025-08-11,MP01,new,15,143,8,9
TRPCOI250811e98d759a,2025-08-11,TN01,repeated,10,103,6,7
TRPKOC250811eaea6884,2025-08-11,KL01,new,28,339,9,8
TRPSUR2508116953cfc7,2025-08-11,GJ01,repeated,17,155,7,7
TRPSUR250811041eb154,2025-08-11,GJ01,repeated,12,115,6,7
TRPJAI250811460aa84f,2025-08-11,RJ01,new,40,517,9,8
TRPIND25081169ea7511,2025-08-11,MP01,repeated,12,119,9,7
TRPLUC2508110120523e,2025-08-11,UP01,repeated,5,71,7,5
TRPSUR250811c7db31c3,2025-08-11,GJ01,repeated,5,59,7,5
TRPSUR250811bfd06032,2025-08-11,GJ01,repeated,7,75,7,7
TRPSUR250811d9813975,2025-08-11,GJ01,repeated,9,91,6,5
TRPSUR25081134890e42,2025-08-11,GJ01,repeated,15,139,5,5
TRPKOC25081184b146de,2025-08-11,KL01,new,38,449,8,9
TRPLUC250811a1b21b31,2025-08-11,UP01,repeated,20,206,7,8
TRPVIS250811b3babdc2,2025-08-11,AP01,repeated,15,162,8,9
TRPSUR25081175d22ca5,2025-08-11,GJ01,new,9,91,9,7
TRPCOI250811edf2651d,2025-08-11,TN01,repeated,10,103,9,7
TRPLUC250811f37bd9e5,2025-08-11,UP01,repeated,14,152,6,7
TRPCOI250811d8b76fb3,2025-08-11,TN01,repeated,13,127,7,7
TRPIND2508112b45781d,2025-08-11,MP01,new,18,167,10,8
TRPJAI2508114c5117f9,2025-08-11,RJ01,repeated,16,229,7,10
TRPJAI2508110f82b4a6,2025-08-11,RJ01,repeated,18,253,9,10
TRPLUC2508119d227707,2025-08-11,UP01,new,5,71,7,8
TRPIND25081129ae953e,2025-08-11,MP01,repeated,12,119,9,6
TRPLUC250811d08f98cf,2025-08-11,UP01,repeated,19,197,6,5
TRPVAD2508116f5266c6,2025-08-11,GJ02,repeated,6,66,7,5
TRPCOI250811c5566f75,2025-08-11,TN01,repeated,18,167,8,9
TRPSUR25081186a6d336,2025-08-11,GJ01,repeated,7,75,7,6
TRPJAI250811b0528151,2025-08-11,RJ01,new,32,421,8,8
TRPCHA250811ae03764f,2025-08-11,CH01,repeated,27,269,8,8
TRPCOI250811e29bd6d1,2025-08-11,TN01,repeated,9,95,8,9
TRPVIS250811b63ba36e,2025-08-11,AP01,new,34,333,9,8
TRPJAI250811f9ab0772,2025-08-11,RJ01,new,31,409,9,10
TRPLUC2508112fad8a1a,2025-08-11,UP01,repeated,16,170,6,6
TRPLUC25081130ac9708,2025-08-11,UP01,repeated,17,179,7,7
TRPCHA2508115285b8bd,2025-08-11,CH01,new,14,152,9,9
TRPJAI250811cf60f10b,2025-08-11,RJ01,repeated,40,517,9,8
TRPVIS250811a9d647b1,2025-08-11,AP01,repeated,31,306,7,8
TRPKOC2508114e95c743,2025-08-11,KL01,new,21,262,10,10
TRPKOC2508111f49caf2,2025-08-11,KL01,new,12,163,10,9
TRPJAI2508111984e28f,2025-08-11,RJ01,repeated,45,577,8,9
TRPKOC2508110b21fe3c,2025-08-11,KL01,repeated,25,306,8,9
TRPJAI25081101a23c0b,2025-08-11,RJ01,new,40,517,9,8
TRPIND250811efc8d5ec,2025-08-11,MP01,repeated,14,135,6,7
TRPLUC250811564bac45,2025-08-11,UP01,repeated,18,188,5,8
TRPVIS25081132971cee,2025-08-11,AP01,repeated,28,279,7,8
TRPSUR2508114b6d41be,2025-08-11,GJ01,new,13,123,9,8
TRPVAD250811635b75c9,2025-08-11,GJ02,repeated,6,66,6,6
TRPSUR25081129452a1b,2025-08-11,GJ01,repeated,15,139,5,8
TRPJAI250811d503f871,2025-08-11,RJ01,new,41,529,10,8
TRPKOC250811ae513a48,2025-08-11,KL01,repeated,11,152,9,10
TRPIND250811237d11e4,2025-08-11,MP01,new,25,223,10,7
TRPIND2508112fd447dc,2025-08-11,MP01,repeated,8,87,9,9
TRPIND250811ac3776b9,2025-08-11,MP01,repeated,16,151,7,8
TRPLUC250811567706e0,2025-08-11,UP01,new,20,206,8,8
TRPVIS250811dd10ba89,2025-08-11,AP01,repeated,24,243,9,8
TRPSUR250811476a0d03,2025-08-11,GJ01,repeated,9,91,7,8
TRPKOC25081131e9abf5,2025-08-11,KL01,repeated,28,339,7,9
TRPCOI250811614b95b6,2025-08-11,TN01,repeated,8,87,9,8
TRPJAI25081104a223b2,2025-08-11,RJ01,new,15,217,10,8
TRPSUR250811d25e2e3b,2025-08-11,GJ01,repeated,16,147,5,7
TRPJAI2508110726454c,2025-08-11,RJ01,repeated,26,349,9,9
TRPIND250811eae9e3b7,2025-08-11,MP01,new,23,207,10,8
TRPJAI250811351c0905,2025-08-11,RJ01,new,23,313,9,10
TRPCHA25081159627a53,2025-08-11,CH01,new,28,278,9,7
TRPJAI250811d162c3ca,2025-08-11,RJ01,repeated,31,409,7,8
TRPCHA250811f2cd22d5,2025-08-11,CH01,new,24,242,7,8
TRPVAD250811039fc174,2025-08-11,GJ02,new,6,66,7,8
TRPCOI2508119df57a8f,2025-08-11,TN01,repeated,9,95,7,8
TRPIND250811a7b3cee9,2025-08-11,MP01,repeated,10,103,8,6
TRPSUR250811c204bf22,2025-08-11,GJ01,new,10,99,9,7
TRPCHA250811e73b15d8,2025-08-11,CH01,new,24,242,7,9
TRPMYS250811a61ce8a9,2025-08-11,KA01,new,12,155,10,10
TRPCOI250811f3d318d9,2025-08-11,TN01,repeated,16,151,7,8
TRPJAI25081124e567ee,2025-08-11,RJ01,new,29,385,8,10
TRPSUR250811fdc27163,2025-08-11,GJ01,repeated,12,115,5,8
TRPJAI250811e4e9b6a6,2025-08-11,RJ01,new,25,337,10,8
TRPVIS25081113e3b3b8,2025-08-11,AP01,repeated,26,261,9,9
TRPCHA25081184ec3ec0,2025-08-11,CH01,new,33,323,8,7
TRPLUC250811326971fc,2025-08-11,UP01,repeated,15,161,5,6
TRPVIS250811dbc762fd,2025-08-11,AP01,new,20,207,10,8
TRPLUC250811a3019eb5,2025-08-11,UP01,repeated,12,134,6,6
TRPLUC25081178548ed6,2025-08-11,UP01,repeated,17,179,7,5
TRPLUC250811ed42b40d,2025-08-11,UP01,repeated,8,98,6,5
TRPLUC250811d7444447,2025-08-11,UP01,repeated,20,206,5,8
TRPSUR250811e7c6faa3,2025-08-11,GJ01,repeated,15,139,5,8
TRPSUR250811d249b4c2,2025-08-11,GJ01,repeated,7,75,7,7
TRPJAI2508112b5cadb1,2025-08-11,RJ01,repeated,20,277,9,10
TRPJAI250811a46b9a07,2025-08-11,RJ01,repeated,17,241,9,9
TRPVAD250811a106bb8c,2025-08-11,GJ02,new,9,90,8,6
TRPIND250811e1017030,2025-08-11,MP01,new,25,223,10,8
TRPVIS25081122672a47,2025-08-11,AP01,new,31,306,8,10
TRPSUR25081169106979,2025-08-11,GJ01,new,10,99,7,7
TRPIND2508111a69e855,2025-08-11,MP01,repeated,21,191,9,7
TRPSUR2508114be596bd,2025-08-11,GJ01,repeated,17,155,7,5
TRPJAI2508115705feb8,2025-08-11,RJ01,repeated,33,433,8,10
TRPJAI250811c77864a6,2025-08-11,RJ01,repeated,43,553,9,9
TRPIND25081187ab5812,2025-08-11,MP01,repeated,12,119,7,9
TRPLUC250811fc55f45b,2025-08-11,UP01,repeated,6,80,6,8
TRPCOI25081145241c83,2025-08-11,TN01,repeated,21,191,8,8
TRPCHA2508119debcad7,2025-08-11,CH01,new,35,341,7,7
TRPLUC250811ee8fe95d,2025-08-11,UP01,new,20,206,8,7
TRPVAD25081146c94a93,2025-08-11,GJ02,repeated,16,146,6,8
TRPVAD25081181a499da,2025-08-11,GJ02,repeated,18,162,7,7
TRPLUC250811cb147540,2025-08-11,UP01,repeated,12,134,7,8
TRPIND250811ed610808,2025-08-11,MP01,new,11,111,10,8
TRPSUR250811c2d7a48d,2025-08-11,GJ01,new,14,131,7,8
TRPCHA2508111bc1fa57,2025-08-11,CH01,new,22,224,9,9
TRPKOC2508111b6cf99e,2025-08-11,KL01,repeated,38,449,8,10
TRPIND250811f1f7455b,2025-08-11,MP01,repeated,12,119,9,9
TRPSUR2508111243a355,2025-08-11,GJ01,repeated,11,107,7,8
TRPSUR2508119701ef85,2025-08-11,GJ01,repeated,16,147,7,5
TRPKOC25081191d0ae85,2025-08-11,KL01,new,12,163,10,9
TRPVIS250811f9d69ae8,2025-08-11,AP01,repeated,34,333,7,8
TRPIND250811143e6a39,2025-08-11,MP01,new,22,199,8,8
TRPSUR25081172640d3c,2025-08-11,GJ01,repeated,10,99,6,5
TRPSUR2508111fa583be,2025-08-11,GJ01,repeated,6,67,6,6
TRPVAD250811dafb4b44,2025-08-11,GJ02,repeated,10,98,6,8
TRPCHA2508117a49a375,2025-08-11,CH01,new,31,305,8,9
TRPCOI250811c8efb433,2025-08-11,TN01,repeated,12,119,8,8
TRPLUC25081128784f62,2025-08-11,UP01,new,16,170,8,7
TRPLUC250811cfab987b,2025-08-11,UP01,repeated,7,89,7,6
TRPLUC250811ec82ae47,2025-08-11,UP01,repeated,7,89,7,7
TRPSUR2508113f2ed873,2025-08-11,GJ01,repeated,12,115,5,8
TRPJAI2508116c5285b8,2025-08-11,RJ01,repeated,18,253,9,8
TRPJAI2508114c4f9f74,2025-08-11,RJ01,repeated,40,517,8,9
TRPSUR250811dca08f3c,2025-08-11,GJ01,repeated,8,83,6,7
TRPKOC2508115dd454c3,2025-08-11,KL01,repeated,32,383,8,8
TRPCHA25081159bf637d,2025-08-11,CH01,repeated,14,152,9,8
TRPCHA250811b7b756f8,2025-08-11,CH01,new,23,233,9,9
TRPCOI250811b7585482,2025-08-11,TN01,new,20,183,8,8
TRPJAI25081140345a50,2025-08-11,RJ01,repeated,19,265,7,10
TRPSUR250811d4f13609,2025-08-11,GJ01,new,14,131,7,8
TRPSUR25081147d06724,2025-08-11,GJ01,new,8,83,9,6
TRPLUC250811f82695fb,2025-08-11,UP01,repeated,10,116,5,8
TRPJAI2508112119eb71,2025-08-11,RJ01,new,28,373,10,9
TRPMYS250811ceca494c,2025-08-11,KA01,repeated,12,155,7,10
TRPVAD250811b08c3ab6,2025-08-11,GJ02,repeated,8,82,6,6
TRPJAI250811a21bfa17,2025-08-11,RJ01,new,21,289,8,8
TRPVIS250811f6c2c307,2025-08-11,AP01,new,26,261,8,10
TRPCHA25081145765d76,2025-08-11,CH01,repeated,17,179,6,9
TRPSUR2508113bdffe86,2025-08-11,GJ01,new,15,139,8,7
TRPJAI25081154c8c5b9,2025-08-11,RJ01,new,43,553,10,8
TRPSUR2508115c4dbf4f,2025-08-11,GJ01,repeated,9,91,7,5
TRPKOC250811163b7273,2025-08-11,KL01,repeated,29,350,7,8
TRPMYS25081123fafa2b,2025-08-11,KA01,new,11,145,10,10
TRPSUR250811365d89ea,2025-08-11,GJ01,repeated,13,123,5,6
TRPKOC25081109420b25,2025-08-11,KL01,new,12,163,9,10
TRPJAI2508110a40be63,2025-08-11,RJ01,new,17,241,10,8
TRPCOI25081188b70cc6,2025-08-11,TN01,new,10,103,7,8
TRPLUC250811a4522a61,2025-08-11,UP01,new,16,170,9,7
TRPCHA250811f4bccb92,2025-08-11,CH01,new,12,134,7,8
TRPMYS250811de5224b1,2025-08-11,KA01,repeated,15,185,9,8
TRPVAD2508115368bed9,2025-08-11,GJ02,repeated,5,58,7,6
TRPCOI250811282b2d99,2025-08-11,TN01,repeated,13,127,9,8
TRPJAI2508112cabb2fd,2025-08-11,RJ01,repeated,37,481,9,8
TRPCOI25081165286f1a,2025-08-11,TN01,new,19,175,8,9
TRPVIS250811c8853ae4,2025-08-11,AP01,new,24,243,10,10
TRPSUR250811c152e03d,2025-08-11,GJ01,repeated,7,75,6,5
TRPLUC2508115dc91d64,2025-08-11,UP01,repeated,12,134,6,7
TRPJAI250811ce226e85,2025-08-11,RJ01,new,17,241,8,9
TRPLUC250811f47ea7de,2025-08-11,UP01,repeated,11,125,6,7
TRPJAI250811a5734164,2025-08-11,RJ01,repeated,27,361,9,10
TRPCHA250811ad13731f,2025-08-11,CH01,new,20,206,10,7
TRPIND2508113420761d,2025-08-11,MP01,repeated,18,167,8,9
TRPVAD250811ab352b37,2025-08-11,GJ02,new,7,74,9,8
TRPLUC25081147e99d8d,2025-08-11,UP01,repeated,6,80,6,8
TRPVAD250811c2bb1687,2025-08-11,GJ02,repeated,17,154,7,8
TRPCOI250811b9fb885f,2025-08-11,TN01,repeated,22,199,8,9
TRPVAD2508113803d6b2,2025-08-11,GJ02,new,11,106,8,8
TRPJAI2508112d0022af,2025-08-11,RJ01,repeated,19,265,8,8
TRPJAI250811fea047bd,2025-08-11,RJ01,repeated,19,265,8,9
TRPSUR250811d30b2606,2025-08-11,GJ01,repeated,13,123,7,5
TRPLUC250811eeeebd63,2025-08-11,UP01,repeated,9,107,5,6
TRPSUR250811d91c051d,2025-08-11,GJ01,repeated,15,139,7,6
TRPMYS2508110d555688,2025-08-11,KA01,new,20,235,8,10
TRPJAI25081114775f3b,2025-08-11,RJ01,new,34,445,10,8
TRPJAI250811f3f68205,2025-08-11,RJ01,repeated,24,325,7,9
TRPSUR250811130221ad,2025-08-11,GJ01,repeated,10,99,7,6
TRPSUR250811b295d2a7,2025-08-11,GJ01,repeated,10,99,7,5
TRPCHA2508116de4a354,2025-08-11,CH01,new,35,341,9,8
TRPLUC250811c282d95a,2025-08-11,UP01,repeated,10,116,5,5
TRPVIS250811c24bb4b3,2025-08-11,AP01,new,28,279,10,10
TRPCOI250811e00b6d62,2025-08-11,TN01,new,14,135,10,9
TRPLUC250811ba33a491,2025-08-11,UP01,repeated,17,179,5,6
TRPCOI2508116be3b6f7,2025-08-11,TN01,new,21,191,9,7
TRPVAD250811ab0d3600,2025-08-11,GJ02,new,6,66,9,6
TRPCHA2508113e24a075,2025-08-11,CH01,new,26,260,9,8
TRPJAI2508110b6871ba,2025-08-11,RJ01,new,30,397,8,10
TRPSUR250811aea54ee1,2025-08-11,GJ01,repeated,9,91,7,8
TRPKOC2508116e593893,2025-08-11,KL01,repeated,24,295,7,8
TRPMYS2508119368488b,2025-08-11,KA01,new,25,285,10,10
TRPSUR2508110a2bd3c6,2025-08-11,GJ01,repeated,5,59,5,5
TRPJAI2508114b5c74d7,2025-08-11,RJ01,new,30,397,9,10
TRPLUC250811b3adb2f4,2025-08-11,UP01,repeated,20,206,6,6
TRPSUR250811fb21b311,2025-08-11,GJ01,new,6,67,9,6
TRPLUC250811bc9f8baa,2025-08-11,UP01,repeated,5,71,7,5
TRPCHA25081147ce0211,2025-08-11,CH01,repeated,15,161,9,6
TRPCOI2508116a37ad5a,2025-08-11,TN01,repeated,9,95,8,9
TRPSUR250811ca4ba763,2025-08-11,GJ01,repeated,8,83,7,7
TRPLUC250811e8734e59,2025-08-11,UP01,new,20,206,8,7
TRPCOI250811b6ccab81,2025-08-11,TN01,repeated,13,127,6,6
TRPKOC2508117d5ed107,2025-08-11,KL01,repeated,25,306,9,8
TRPIND2508118862d56a,2025-08-11,MP01,repeated,12,119,6,8
TRPKOC25081120e3da36,2025-08-11,KL01,repeated,16,207,9,9
TRPLUC250811170e05a2,2025-08-11,UP01,repeated,19,197,6,5
TRPJAI25081155c2117e,2025-08-11,RJ01,new,33,433,10,8
TRPKOC25081166921244,2025-08-11,KL01,repeated,23,284,9,10
TRPCOI2508118cbc470d,2025-08-11,TN01,new,13,127,9,9
TRPIND250811e2713222,2025-08-11,MP01,new,22,199,7,8
TRPCHA250811ae5cdc18,2025-08-11,CH01,repeated,32,314,7,6
TRPSUR2508119cb996c6,2025-08-11,GJ01,repeated,10,99,5,8
TRPKOC250811d94b82bf,2025-08-11,KL01,new,10,141,9,8
TRPKOC25081124ccdab3,2025-08-11,KL01,new,23,284,9,9
TRPCHA2508115bda260d,2025-08-11,CH01,repeated,16,170,9,6
TRPCHA25081166f9a1e6,2025-08-11,CH01,repeated,29,287,9,8
TRPLUC250811daf252da,2025-08-11,UP01,new,5,71,8,6
TRPCOI2508113187cd03,2025-08-11,TN01,new,17,159,8,7
TRPJAI250811915d68c3,2025-08-11,RJ01,new,33,433,9,9
TRPSUR250811f927c96b,2025-08-11,GJ01,repeated,12,115,7,7
TRPLUC2508110ce26bb6,2025-08-11,UP01,repeated,7,89,6,5
TRPJAI250811b82d6369,2025-08-11,RJ01,new,17,241,8,8
TRPSUR25081145051c3d,2025-08-11,GJ01,repeated,17,155,7,7
TRPCHA2508115172a285,2025-08-11,CH01,new,12,134,7,9
TRPLUC25081193db59ce,2025-08-11,UP01,repeated,11,125,7,8
TRPKOC2508115b4bf550,2025-08-11,KL01,new,28,339,9,9
TRPJAI25081132628d60,2025-08-11,RJ01,new,20,277,9,9
TRPSUR2508112175e87c,2025-08-11,GJ01,repeated,8,83,6,8
TRPLUC250811d0553653,2025-08-11,UP01,repeated,18,188,7,5
TRPSUR25081126dcf1c9,2025-08-11,GJ01,repeated,14,131,7,5
TRPCOI25081115d81efb,2025-08-11,TN01,new,19,175,8,7
TRPKOC250811c1c9e6e8,2025-08-11,KL01,new,16,207,8,9
TRPLUC2508114e3767f6,2025-08-11,UP01,repeated,11,125,6,6
TRPSUR250811c782fafe,2025-08-11,GJ01,repeated,6,67,6,5
TRPVAD25081112ef8638,2025-08-11,GJ02,new,18,162,9,7
TRPCHA250811ebf55460,2025-08-11,CH01,repeated,32,314,9,9
TRPVAD2508112c8bf7c6,2025-08-11,GJ02,new,9,90,8,7
TRPIND25081107120ac9,2025-08-11,MP01,new,8,87,9,9
TRPJAI250811e2691e0e,2025-08-11,RJ01,new,36,469,9,10
TRPKOC2508116217eee4,2025-08-11,KL01,new,13,174,10,8
TRPJAI25081172bed4a6,2025-08-11,RJ01,repeated,31,409,7,8
TRPIND25081164e72ff9,2025-08-11,MP01,repeated,15,143,9,7
TRPJAI250811ffd3abc1,2025-08-11,RJ01,repeated,36,469,7,9
TRPVAD2508113d159ab3,2025-08-11,GJ02,repeated,18,162,5,7
TRPLUC2508115cd27def,2025-08-11,UP01,repeated,6,80,7,6
TRPCOI250811ffceb322,2025-08-11,TN01,repeated,22,199,8,9
TRPJAI250811eddb0351,2025-08-11,RJ01,new,31,409,8,9
TRPVAD2508117ef073b4,2025-08-11,GJ02,new,13,122,8,6
TRPJAI250811239709ad,2025-08-11,RJ01,repeated,45,577,9,10
TRPLUC2508115cfc37c8,2025-08-11,UP01,repeated,10,116,6,5
TRPLUC2508112a80259e,2025-08-11,UP01,repeated,18,188,5,6
TRPSUR2508117626cec8,2025-08-11,GJ01,repeated,11,107,7,8
TRPLUC2508110cd7e4c8,2025-08-11,UP01,repeated,16,170,7,8
TRPIND250811a9ec3f8b,2025-08-11,MP01,repeated,18,167,7,7
TRPSUR250811435b8044,2025-08-11,GJ01,new,6,67,8,6
TRPLUC2508117a4737ea,2025-08-11,UP01,repeated,9,107,6,5
TRPSUR250811a81c12db,2025-08-11,GJ01,repeated,10,99,7,8
TRPLUC250811b6c83340,2025-08-11,UP01,repeated,14,152,7,8
TRPSUR2508117d4995ba,2025-08-11,GJ01,repeated,16,147,7,8
TRPCHA2508117bf84f78,2025-08-11,CH01,repeated,15,161,9,6
TRPVIS250811c626e10d,2025-08-11,AP01,repeated,18,189,8,10
TRPJAI250811c4f6d09d,2025-08-11,RJ01,repeated,36,469,8,10
TRPKOC250811c377202c,2025-08-11,KL01,repeated,24,295,9,9
TRPSUR250811bec70510,2025-08-11,GJ01,new,12,115,9,8
TRPKOC2508112ec3188a,2025-08-11,KL01,new,35,416,8,8
TRPCHA2508115179a77d,2025-08-11,CH01,new,35,341,8,8
TRPKOC2508111374a02c,2025-08-11,KL01,new,30,361,10,10
TRPSUR250811a008fc8e,2025-08-11,GJ01,new,11,107,8,7
TRPJAI250811cb733761,2025-08-11,RJ01,new,36,469,10,9
TRPLUC250811b575a541,2025-08-11,UP01,new,10,116,9,8
TRPCOI250811926b1a66,2025-08-11,TN01,new,19,175,10,9
TRPVIS25081179e5f6aa,2025-08-11,AP01,repeated,14,153,9,9
TRPVAD250811395f0553,2025-08-11,GJ02,new,9,90,8,8
TRPJAI250811ff6b59f4,2025-08-11,RJ01,new,34,445,10,8
TRPJAI25081105b7a45a,2025-08-11,RJ01,repeated,39,505,9,10
TRPCHA25081127ee7c4a,2025-08-11,CH01,new,24,242,7,7
TRPCHA2508119ea2c461,2025-08-11,CH01,new,26,260,9,9
TRPLUC2508114fe35514,2025-08-11,UP01,repeated,13,143,5,6
TRPVAD250811e15c7d9c,2025-08-11,GJ02,repeated,8,82,6,8
TRPVIS250811954dc0d0,2025-08-11,AP01,repeated,28,279,7,9
TRPSUR250811259149f6,2025-08-11,GJ01,repeated,17,155,5,8
TRPJAI250811cfc34afa,2025-08-11,RJ01,new,34,445,9,9
TRPCHA250811487141c9,2025-08-11,CH01,repeated,12,134,7,8
TRPCHA250811fea33362,2025-08-11,CH01,new,20,206,9,8
TRPSUR25081105c6d910,2025-08-11,GJ01,repeated,10,99,7,6
TRPIND250811094b9385,2025-08-11,MP01,new,21,191,7,7
TRPSUR2508112370d7c2,2025-08-11,GJ01,repeated,5,59,7,5
TRPIND2508112fa34505,2025-08-11,MP01,new,20,183,9,7
TRPLUC25081174101162,2025-08-11,UP01,repeated,8,98,5,7
TRPIND25081106e27fc8,2025-08-11,MP01,repeated,10,103,6,6
TRPSUR25081196edf6c7,2025-08-11,GJ01,repeated,14,131,5,5
TRPIND2508111a24beb6,2025-08-11,MP01,repeated,8,87,9,9
TRPKOC2508116840a89e,2025-08-11,KL01,repeated,33,394,9,10
TRPVAD2508117c9ce9d9,2025-08-11,GJ02,repeated,8,82,7,8
TRPJAI250811370b153a,2025-08-11,RJ01,new,32,421,8,8
TRPLUC250811635ebd8f,2025-08-11,UP01,repeated,12,134,7,8
TRPCOI250811c77220a0,2025-08-11,TN01,repeated,22,199,7,7
TRPJAI250811ca8a0e25,2025-08-11,RJ01,new,31,409,10,8
TRPCOI2508110b9c9a2d,2025-08-11,TN01,repeated,15,143,8,9
TRPSUR250811e5c32921,2025-08-11,GJ01,repeated,7,75,6,6
TRPJAI250811ee215096,2025-08-11,RJ01,repeated,19,265,9,10
TRPLUC2508110fc9ec8c,2025-08-11,UP01,new,18,188,7,8
TRPIND250811f7d11e7d,2025-08-11,MP01,repeated,16,151,6,9
TRPCHA250811e83a9a4c,2025-08-11,CH01,repeated,26,260,7,7
TRPCOI2508117dd3c325,2025-08-11,TN01,new,19,175,9,8
TRPJAI2508110c0efbc7,2025-08-11,RJ01,new,38,493,8,10
TRPLUC250811b0f7c69c,2025-08-11,UP01,new,14,152,9,6
TRPCOI250811e6be5748,2025-08-11,TN01,new,10,103,10,7
TRPSUR250811876530ea,2025-08-11,GJ01,repeated,5,59,6,6
TRPSUR2508112fec8cad,2025-08-11,GJ01,repeated,7,75,6,8
TRPSUR250811178a520b,2025-08-11,GJ01,repeated,13,123,7,7
TRPLUC25081197ffd975,2025-08-11,UP01,repeated,17,179,7,8
TRPSUR250811912dc54b,2025-08-11,GJ01,repeated,9,91,5,5
TRPSUR250811fa4fc54e,2025-08-11,GJ01,repeated,7,75,5,7
TRPSUR250811414dbdc0,2025-08-11,GJ01,repeated,16,147,6,8
TRPVIS250811e6189e1d,2025-08-11,AP01,new,10,117,8,10
TRPVAD250811b1457ff5,2025-08-11,GJ02,repeated,10,98,6,5
TRPLUC250811772f4ab2,2025-08-11,UP01,repeated,15,161,5,7
TRPJAI250811a1167cc7,2025-08-11,RJ01,new,26,349,8,8
TRPCHA250811e1a2b97d,2025-08-11,CH01,repeated,22,224,8,6
TRPVAD250811a81d94b9,2025-08-11,GJ02,new,15,138,8,7
TRPLUC2508112e95eece,2025-08-11,UP01,new,16,170,8,7
TRPMYS2508112113d223,2025-08-11,KA01,new,11,145,10,9
TRPLUC25081169e83793,2025-08-11,UP01,new,8,98,8,8
TRPSUR2508110fb9c089,2025-08-11,GJ01,new,8,83,7,6
TRPLUC2508115ec1872e,2025-08-11,UP01,repeated,10,116,6,6
TRPLUC25081189983e42,2025-08-11,UP01,repeated,9,107,7,8
TRPLUC2508116e35fab9,2025-08-11,UP01,new,12,134,8,7
TRPIND250811036bdd84,2025-08-11,MP01,repeated,21,191,9,7
TRPVIS25081125ba2aae,2025-08-11,AP01,new,25,252,10,10
TRPVAD25081105003345,2025-08-11,GJ02,repeated,5,58,7,5
TRPCHA250811190a8db8,2025-08-11,CH01,repeated,28,278,8,9
TRPKOC250811a4a953cb,2025-08-11,KL01,new,17,218,8,9
TRPVIS2508114fd04622,2025-08-11,AP01,new,22,225,10,8
TRPVAD250811e56d237e,2025-08-11,GJ02,new,10,98,8,6
TRPMYS2508112310ebab,2025-08-11,KA01,repeated,15,185,8,9
TRPCHA250811dffb8037,2025-08-11,CH01,repeated,13,143,6,8
TRPLUC250811ef19aea9,2025-08-11,UP01,repeated,7,89,7,7
TRPSUR250811a2f33af9,2025-08-11,GJ01,repeated,13,123,7,7
TRPSUR2508112c952370,2025-08-11,GJ01,new,13,123,8,7
TRPJAI2508117a8e37c1,2025-08-11,RJ01,new,39,505,9,9
TRPLUC2508111e37dea6,2025-08-11,UP01,new,6,80,9,6
TRPSUR250811fc256c23,2025-08-11,GJ01,repeated,14,131,5,8
TRPVAD250811572844ff,2025-08-11,GJ02,repeated,6,66,6,8
TRPJAI2508110d31158b,2025-08-11,RJ01,new,36,469,8,8
TRPVIS250811721c254b,2025-08-11,AP01,new,30,297,9,9
TRPKOC250811b7efed56,2025-08-11,KL01,repeated,15,196,9,10
TRPCHA250811fa223162,2025-08-11,CH01,repeated,32,314,7,8
TRPSUR2508110a4cdf64,2025-08-11,GJ01,repeated,11,107,5,8
TRPJAI250811cf6a43da,2025-08-11,RJ01,repeated,35,457,7,9
TRPLUC25081159030fd8,2025-08-11,UP01,repeated,17,179,6,6
TRPJAI250811c1048537,2025-08-11,RJ01,new,36,469,8,8
TRPLUC2508119cb6f16d,2025-08-11,UP01,repeated,18,188,6,6
TRPVAD2508118e4cf0ee,2025-08-11,GJ02,repeated,11,106,7,5
TRPCHA25081114bac88d,2025-08-11,CH01,repeated,34,332,9,9
TRPLUC25081106af1933,2025-08-11,UP01,repeated,14,152,7,6
TRPIND2508113369d5ca,2025-08-11,MP01,repeated,9,95,8,7
TRPSUR250811a104a2b2,2025-08-11,GJ01,repeated,16,147,5,7
TRPMYS2508115c7d5254,2025-08-11,KA01,new,21,245,8,9
TRPJAI25081154dd8719,2025-08-11,RJ01,new,29,385,10,8
TRPIND25081139234e78,2025-08-11,MP01,new,25,223,8,9
TRPJAI250811e3c4d945,2025-08-11,RJ01,repeated,33,433,8,8
TRPIND250811a0138d8e,2025-08-11,MP01,repeated,22,199,9,8
TRPSUR25081111eca8ff,2025-08-11,GJ01,repeated,5,59,6,5
TRPSUR2508110a1faf1a,2025-08-11,GJ01,repeated,5,59,5,7
TRPJAI2508115e992eb5,2025-08-11,RJ01,new,43,553,9,9
TRPKOC250811fe6116cc,2025-08-11,KL01,new,30,361,8,9
TRPLUC250811939afcef,2025-08-11,UP01,repeated,10,116,5,6
TRPKOC250811593e11c5,2025-08-11,KL01,repeated,21,262,7,8
TRPMYS2508111d433249,2025-08-11,KA01,new,21,245,8,8
TRPSUR250811c0856da1,2025-08-11,GJ01,repeated,14,131,5,7
TRPLUC250811dfb6f358,2025-08-11,UP01,repeated,13,143,5,6
TRPLUC25081160de1b54,2025-08-11,UP01,repeated,14,152,5,8
TRPLUC250811d38162de,2025-08-11,UP01,repeated,5,71,7,8
TRPCOI250811549b3f71,2025-08-11,TN01,new,20,183,9,8
TRPVIS2508116d29a529,2025-08-11,AP01,repeated,33,324,8,10
TRPCHA250811d6c24a38,2025-08-11,CH01,new,15,161,8,8
TRPJAI2508110b1cb128,2025-08-11,RJ01,repeated,16,229,7,10
TRPCHA250811fc6bf4ef,2025-08-11,CH01,new,14,152,7,7
TRPKOC250811fc89cb93,2025-08-11,KL01,new,37,438,10,9
TRPMYS250811dd81c32d,2025-08-11,KA01,new,18,215,9,10
TRPSUR250811bba02528,2025-08-11,GJ01,repeated,10,99,6,5
TRPVAD250811313e6b5e,2025-08-11,GJ02,new,18,162,8,7
TRPJAI25081111020ff0,2025-08-11,RJ01,new,24,325,8,8
TRPLUC250811f53af21c,2025-08-11,UP01,repeated,5,71,7,7
TRPLUC250811bcbe73ef,2025-08-11,UP01,repeated,14,152,6,6
TRPJAI2508116bff9c1d,2025-08-11,RJ01,new,41,529,9,9
TRPVAD2508111d6f8221,2025-08-11,GJ02,new,6,66,7,7
TRPVIS25081109df3573,2025-08-11,AP01,new,26,261,9,10
TRPSUR250811c665bf5f,2025-08-11,GJ01,repeated,14,131,7,5
TRPIND25081117064d8d,2025-08-11,MP01,repeated,24,215,9,7
TRPSUR250811b8b969c0,2025-08-11,GJ01,repeated,9,91,6,6
TRPCHA250811cde1346e,2025-08-11,CH01,repeated,20,206,8,6
TRPKOC2508118717e0ae,2025-08-11,KL01,new,24,295,10,10
TRPJAI250811048ad02e,2025-08-11,RJ01,repeated,40,517,8,8
TRPJAI250811e966b32c,2025-08-11,RJ01,repeated,19,265,9,10
TRPKOC250811453d270e,2025-08-11,KL01,new,30,361,9,8
TRPKOC25081173038ddf,2025-08-11,KL01,repeated,17,218,7,10
TRPIND25081155ddec04,2025-08-11,MP01,new,17,159,8,7
TRPJAI2508117556e33d,2025-08-11,RJ01,new,25,337,9,9
TRPLUC25081131e4172a,2025-08-11,UP01,new,6,80,8,8
TRPCOI250811517a0add,2025-08-11,TN01,repeated,17,159,7,9
TRPVIS250811f8010b58,2025-08-11,AP01,repeated,15,162,9,9
TRPIND25081103aab384,2025-08-11,MP01,repeated,24,215,8,9
TRPIND25081184b73968,2025-08-11,MP01,new,8,87,8,9
TRPLUC2508114c442249,2025-08-11,UP01,repeated,14,152,7,6
TRPVAD2508114176c373,2025-08-11,GJ02,repeated,9,90,6,7
TRPCHA250811c3edbfe8,2025-08-11,CH01,repeated,21,215,7,9
TRPJAI250811ef2b3703,2025-08-11,RJ01,new,31,409,8,10
TRPCHA250811140fe478,2025-08-11,CH01,repeated,27,269,7,9
TRPIND250811d362ab34,2025-08-11,MP01,repeated,11,111,6,6
TRPIND250811796df0bd,2025-08-11,MP01,repeated,12,119,6,9
TRPJAI250811d5a67d73,2025-08-11,RJ01,new,45,577,10,10
TRPJAI250811746d81f5,2025-08-11,RJ01,repeated,36,469,9,10
TRPLUC25081180d2d7b2,2025-08-11,UP01,new,16,170,7,8
TRPKOC250811beba0f2c,2025-08-11,KL01,repeated,27,328,7,8
TRPVIS250811a678f986,2025-08-11,AP01,repeated,34,333,8,9
TRPCHA250811a8dd251d,2025-08-11,CH01,new,19,197,10,7
TRPCHA25081198a4197b,2025-08-11,CH01,new,13,143,8,7
TRPIND2508114d1c378e,2025-08-11,MP01,new,16,151,8,9
TRPIND250811edd6a0f9,2025-08-11,MP01,new,9,95,7,9
TRPSUR250811ad14eff1,2025-08-11,GJ01,repeated,17,155,7,7
TRPJAI2508110342a598,2025-08-11,RJ01,repeated,31,409,8,8
TRPVAD25081154c4a7c1,2025-08-11,GJ02,repeated,10,98,7,7
TRPKOC250811b5136f3f,2025-08-11,KL01,repeated,38,449,7,9
TRPJAI2508114ef0c6b2,2025-08-11,RJ01,new,33,433,10,9
TRPSUR250811bbf5326b,2025-08-11,GJ01,new,5,59,9,6
TRPLUC2508111114f0b2,2025-08-11,UP01,repeated,6,80,5,5
TRPVAD2508115c0f7449,2025-08-11,GJ02,repeated,12,114,5,5
TRPLUC25081184eecab2,2025-08-11,UP01,new,6,80,8,8
TRPSUR2508115c9ff4b2,2025-08-11,GJ01,new,17,155,7,6
TRPMYS250811ced41fae,2025-08-11,KA01,repeated,18,215,7,8
TRPJAI2508119b583d39,2025-08-11,RJ01,repeated,19,265,8,10
TRPJAI250811393de9ef,2025-08-11,RJ01,new,24,325,8,8
TRPLUC250811b55860c2,2025-08-11,UP01,repeated,10,116,6,7
TRPJAI2508117f9e4051,2025-08-11,RJ01,new,30,397,8,10
TRPLUC250811b33d800e,2025-08-11,UP01,new,7,89,8,7
TRPCHA250811cd11f67b,2025-08-11,CH01,repeated,20,206,9,8
TRPSUR25081125c4a1b9,2025-08-11,GJ01,repeated,6,67,5,7
TRPSUR25081122285527,2025-08-11,GJ01,repeated,12,115,7,8
TRPVAD25081174ee3cfd,2025-08-11,GJ02,repeated,8,82,7,7
TRPJAI250811a2e87a3d,2025-08-11,RJ01,new,22,301,10,8
TRPIND2508114d06f548,2025-08-11,MP01,repeated,20,183,9,7
TRPJAI25081192d6e5f8,2025-08-11,RJ01,repeated,18,253,9,8
TRPMYS2508115562c56e,2025-08-11,KA01,new,12,155,9,10
TRPJAI250811e6ee319a,2025-08-11,RJ01,new,32,421,10,8
TRPIND250811c04a57af,2025-08-11,MP01,repeated,10,103,8,9
TRPLUC25081110a10d44,2025-08-11,UP01,repeated,5,71,6,5
TRPVAD250811ec50f280,2025-08-11,GJ02,repeated,6,66,6,7
TRPSUR250811a93490cb,2025-08-11,GJ01,repeated,10,99,5,7
TRPJAI250811575d5823,2025-08-11,RJ01,new,22,301,10,8
TRPJAI250811f4cd4f77,2025-08-11,RJ01,repeated,15,217,8,8
TRPVAD25081135c4c950,2025-08-11,GJ02,repeated,12,114,6,6
TRPJAI250811f735d8ed,2025-08-11,RJ01,new,42,541,8,8
TRPLUC2508119df1b016,2025-08-11,UP01,repeated,9,107,7,7
TRPSUR25081148c98171,2025-08-11,GJ01,repeated,14,131,7,5
TRPLUC2508118dfd6d9d,2025-08-11,UP01,repeated,11,125,7,6
TRPJAI250811b005d011,2025-08-11,RJ01,new,29,385,8,8
TRPVIS250811767d9ce9,2025-08-11,AP01,new,29,288,9,9
TRPCHA25081184fabd19,2025-08-11,CH01,new,23,233,8,9
TRPVAD2508115ccf29bc,2025-08-11,GJ02,new,11,106,8,8
TRPSUR250811b98e5720,2025-08-11,GJ01,repeated,9,91,7,7
TRPKOC250811c1defb3a,2025-08-11,KL01,new,26,317,8,9
TRPSUR2508115b6d18a1,2025-08-11,GJ01,new,9,91,8,8
TRPSUR250811dd365680,2025-08-11,GJ01,repeated,10,99,5,5
TRPVAD2508113d8e9e27,2025-08-11,GJ02,new,6,66,8,8
TRPCHA2508110162377f,2025-08-11,CH01,new,16,170,8,7
TRPLUC250811a0997817,2025-08-11,UP01,repeated,15,161,7,5
TRPIND250811073b76ad,2025-08-11,MP01,repeated,21,191,6,6
TRPLUC250811a27159fe,2025-08-11,UP01,repeated,18,188,7,6
TRPSUR2508114c7961ea,2025-08-11,GJ01,repeated,12,115,6,5
TRPSUR25081137b17e28,2025-08-11,GJ01,repeated,16,147,5,5
TRPVIS2508115ea0050c,2025-08-11,AP01,new,22,225,8,8
TRPIND25081125f322df,2025-08-11,MP01,repeated,8,87,8,9
TRPSUR250811f628a35a,2025-08-11,GJ01,repeated,13,123,5,5
TRPVIS25081165de0ee9,2025-08-11,AP01,repeated,26,261,8,9
TRPLUC25081187c03e29,2025-08-11,UP01,repeated,6,80,6,5
TRPLUC25081197aee056,2025-08-11,UP01,repeated,12,134,6,5
TRPVAD2508117b94e692,2025-08-11,GJ02,repeated,10,98,5,8
TRPLUC2508112eece9fc,2025-08-11,UP01,repeated,18,188,5,6
TRPVIS2508117b50b343,2025-08-11,AP01,new,33,324,9,10
TRPKOC2508116f7e0072,2025-08-11,KL01,repeated,27,328,9,9
TRPVIS25081186ce55fb,2025-08-11,AP01,repeated,34,333,8,9
TRPSUR25081108b7dd2a,2025-08-11,GJ01,repeated,6,67,7,6
TRPJAI25081120c3eada,2025-08-11,RJ01,new,25,337,9,8
TRPLUC250811bce43a23,2025-08-11,UP01,new,14,152,8,7
TRPSUR250811bbb4670b,2025-08-11,GJ01,repeated,7,75,7,7
TRPSUR25081127825db7,2025-08-11,GJ01,repeated,9,91,5,6
TRPJAI250811f6b3f239,2025-08-11,RJ01,new,42,541,8,9
TRPIND250811e783c70a,2025-08-11,MP01,new,25,223,10,7
TRPCHA2508119d57b82b,2025-08-11,CH01,repeated,32,314,7,9
TRPLUC2508111d2407fa,2025-08-11,UP01,repeated,18,188,7,8
TRPSUR25081117392d59,2025-08-11,GJ01,repeated,16,147,5,7
TRPKOC2508111d1ded10,2025-08-11,KL01,repeated,18,229,9,8
TRPJAI250811cc27141d,2025-08-11,RJ01,new,16,229,9,10
TRPJAI25081104ac06a6,2025-08-11,RJ01,repeated,19,265,7,8
TRPKOC250811170b5bbe,2025-08-11,KL01,new,27,328,10,10
TRPLUC2508117faa1148,2025-08-11,UP01,repeated,9,107,6,8
TRPIND250811d1de1d4c,2025-08-11,MP01,repeated,11,111,9,8
TRPVAD250811f2494c4e,2025-08-11,GJ02,repeated,11,106,6,5
TRPSUR25081148d91dce,2025-08-11,GJ01,repeated,14,131,5,5
TRPKOC25081190ad3d8d,2025-08-11,KL01,repeated,17,218,9,10
TRPSUR2508112f7ae3d3,2025-08-11,GJ01,repeated,9,91,5,5
TRPLUC250811c67e3a0f,2025-08-11,UP01,new,9,107,9,8
TRPLUC2508117016b5d8,2025-08-11,UP01,repeated,20,206,7,5
TRPSUR250811bea55f71,2025-08-11,GJ01,repeated,12,115,6,5
TRPKOC250811ec7c52ab,2025-08-11,KL01,repeated,13,174,9,9
TRPCOI2508115b25af3b,2025-08-11,TN01,new,8,87,10,7
TRPJAI250811436368a0,2025-08-11,RJ01,new,30,397,9,9
TRPVAD250811bc483a15,2025-08-11,GJ02,repeated,14,130,5,7
TRPMYS2508115f09b0fe,2025-08-11,KA01,repeated,12,155,7,10
TRPLUC2508117622c13a,2025-08-11,UP01,repeated,17,179,6,6
TRPSUR250811deb9ad8e,2025-08-11,GJ01,repeated,7,75,7,6
TRPJAI250811b14d3397,2025-08-11,RJ01,new,28,373,10,9
TRPVIS2508115b5b99a7,2025-08-11,AP01,repeated,33,324,9,8
TRPJAI250811b794a6a8,2025-08-11,RJ01,repeated,42,541,7,10
TRPCHA250811a700c826,2025-08-11,CH01,new,26,260,8,8
TRPKOC250811077fafb8,2025-08-11,KL01,new,12,163,10,8
TRPCHA250811b950abb2,2025-08-11,CH01,new,13,143,9,8
TRPCHA2508118c0b1c9d,2025-08-11,CH01,repeated,30,296,8,9
TRPJAI2508111deebaec,2025-08-11,RJ01,repeated,27,361,8,10
TRPVAD250811233e377a,2025-08-11,GJ02,repeated,15,138,5,7
TRPCHA250811b4187bca,2025-08-11,CH01,new,33,323,10,8
TRPJAI2508114b6415dc,2025-08-11,RJ01,new,33,433,8,10
TRPIND250811f5260050,2025-08-11,MP01,repeated,10,103,7,7
TRPSUR250811bca86dd3,2025-08-11,GJ01,repeated,9,91,6,8
TRPMYS2508111fd0cf5e,2025-08-11,KA01,new,25,285,10,8
TRPKOC2508111ef8703b,2025-08-11,KL01,repeated,18,229,8,9
TRPJAI250811654aef1c,2025-08-11,RJ01,new,25,337,9,8
TRPLUC250811cf12bf6b,2025-08-11,UP01,new,16,170,9,6
TRPVIS250811a719c667,2025-08-11,AP01,repeated,20,207,7,9
TRPVAD25081126c7407e,2025-08-11,GJ02,repeated,15,138,7,5
TRPVIS250811fb8c8925,2025-08-11,AP01,new,32,315,9,10
TRPVAD250811da0fddcb,2025-08-11,GJ02,repeated,17,154,5,6
TRPVAD2508119e221391,2025-08-11,GJ02,new,8,82,7,8
TRPVAD25081180e283c9,2025-08-11,GJ02,new,15,138,8,8
TRPIND2508113eaca713,2025-08-11,MP01,new,15,143,7,8
TRPCHA250811d8ff7885,2025-08-11,CH01,new,23,233,9,9
TRPSUR250811a7563a36,2025-08-11,GJ01,repeated,17,155,6,8
TRPIND25081142000cf5,2025-08-11,MP01,new,19,175,8,7
TRPJAI250811cc49a955,2025-08-11,RJ01,repeated,34,445,9,9
TRPKOC250811662a8781,2025-08-11,KL01,new,16,207,9,9
TRPVAD2508114b6a6b89,2025-08-11,GJ02,new,11,106,7,7
TRPVIS250811e455b702,2025-08-11,AP01,repeated,17,180,8,8
TRPLUC250811753f0240,2025-08-11,UP01,repeated,12,134,5,6
TRPJAI2508117eebae16,2025-08-11,RJ01,new,24,325,10,8
TRPJAI2508112259acf8,2025-08-11,RJ01,new,18,253,10,9
TRPVIS2508116a5833f0,2025-08-11,AP01,repeated,10,117,9,9
TRPJAI25081172324da9,2025-08-11,RJ01,new,38,493,8,9
TRPSUR250811d03a1575,2025-08-11,GJ01,repeated,5,59,5,8
TRPSUR250811b65e090c,2025-08-11,GJ01,new,6,67,8,8
TRPJAI250811ab45846c,2025-08-11,RJ01,repeated,27,361,7,9
TRPKOC250811531dc10c,2025-08-11,KL01,repeated,19,240,7,9
TRPLUC2508111c2dced7,2025-08-11,UP01,repeated,9,107,5,7
TRPLUC2508117bcc9d96,2025-08-11,UP01,repeated,20,206,7,6
TRPSUR2508118cd4c009,2025-08-11,GJ01,repeated,15,139,5,6
TRPIND25081104951f27,2025-08-11,MP01,new,20,183,7,9
TRPIND250811b241a7f6,2025-08-11,MP01,new,21,191,7,8
TRPCHA25081173d073b4,2025-08-11,CH01,repeated,19,197,8,9
TRPSUR250811ee645b4b,2025-08-11,GJ01,repeated,15,139,7,6
TRPVAD25081133b040c0,2025-08-11,GJ02,repeated,14,130,5,5
TRPKOC250811d8cfb513,2025-08-11,KL01,new,25,306,10,9
TRPJAI250811cae9ec9a,2025-08-11,RJ01,repeated,36,469,9,9
TRPVAD250811f0d1e81b,2025-08-11,GJ02,repeated,17,154,6,7
TRPCHA250811abf97002,2025-08-11,CH01,repeated,28,278,7,8
TRPSUR250811d84c835b,2025-08-11,GJ01,repeated,8,83,5,7
TRPLUC250811e91b0f96,2025-08-11,UP01,repeated,20,206,6,5
TRPVAD25081186bcd2df,2025-08-11,GJ02,repeated,11,106,6,7
TRPJAI2508113fbe9d13,2025-08-11,RJ01,repeated,27,361,9,8
TRPCOI2508112a2b3d58,2025-08-11,TN01,new,19,175,10,8
TRPSUR2508114cbaffe4,2025-08-11,GJ01,new,13,123,7,6
TRPLUC25081131f5237c,2025-08-11,UP01,repeated,6,80,6,5
TRPIND250811a2f7af42,2025-08-11,MP01,repeated,14,135,8,8
TRPLUC250811420f3bac,2025-08-11,UP01,repeated,17,179,7,5
TRPKOC250811723c56d0,2025-08-11,KL01,repeated,22,273,9,9
TRPLUC250811b3ae89d6,2025-08-11,UP01,repeated,6,80,7,7
TRPIND250811d3ce801b,2025-08-11,MP01,repeated,18,167,7,6
TRPLUC250811bd90c8eb,2025-08-11,UP01,repeated,16,170,7,7
TRPLUC2508112e24a952,2025-08-11,UP01,repeated,17,179,7,8
TRPVAD250811f723918c,2025-08-11,GJ02,repeated,6,66,7,5
TRPSUR250811ca35a10b,2025-08-11,GJ01,repeated,14,131,6,6
TRPJAI250811e1d61397,2025-08-11,RJ01,new,16,229,8,10
TRPVIS250811e73f6d81,2025-08-11,AP01,repeated,21,216,8,8
TRPKOC250811a464ca60,2025-08-11,KL01,new,14,185,10,10
TRPCHA250811722bd8dd,2025-08-11,CH01,repeated,15,161,6,7
TRPLUC25081142076332,2025-08-11,UP01,new,5,71,9,7
TRPLUC25081114fc1478,2025-08-11,UP01,new,5,71,9,8
TRPSUR2508118e79f451,2025-08-11,GJ01,new,15,139,9,8
TRPLUC25081152b94ba7,2025-08-11,UP01,repeated,12,134,5,5
TRPCHA25081100ce91bf,2025-08-11,CH01,repeated,28,278,9,8
TRPCHA2508118a70503d,2025-08-11,CH01,repeated,17,179,9,8
TRPSUR250811865f49c8,2025-08-11,GJ01,new,8,83,8,6
TRPLUC250811970da422,2025-08-11,UP01,repeated,8,98,6,8
TRPSUR250811a286445c,2025-08-11,GJ01,repeated,17,155,6,6
TRPCOI250811b3525cdb,2025-08-11,TN01,new,9,95,7,8
TRPLUC2508118ece7f46,2025-08-11,UP01,repeated,20,206,5,8
TRPKOC25081129249beb,2025-08-11,KL01,repeated,28,339,9,8
TRPIND250811a2089b8f,2025-08-11,MP01,new,12,119,10,9
TRPKOC25081152d0738f,2025-08-11,KL01,repeated,29,350,9,10
TRPSUR25081123a45cce,2025-08-11,GJ01,repeated,14,131,5,6
TRPJAI250811d06e1f19,2025-08-11,RJ01,repeated,37,481,9,8
TRPLUC250811f3e543c2,2025-08-11,UP01,repeated,16,170,7,5
TRPSUR250811171fd425,2025-08-11,GJ01,repeated,10,99,7,7
TRPVIS250811af163bd6,2025-08-11,AP01,repeated,29,288,8,10
TRPJAI250811748e0cb7,2025-08-11,RJ01,new,21,289,8,10
TRPLUC25081188b390a3,2025-08-11,UP01,new,16,170,9,6
TRPJAI250811d784e745,2025-08-11,RJ01,repeated,36,469,7,10
TRPLUC25081184606661,2025-08-11,UP01,repeated,20,206,6,8
TRPSUR250811b2c7591f,2025-08-11,GJ01,repeated,17,155,5,8
TRPLUC250811176460aa,2025-08-11,UP01,new,19,197,9,7
TRPLUC25081116b5ed6b,2025-08-11,UP01,repeated,6,80,7,6
TRPJAI250811272eea4b,2025-08-11,RJ01,new,36,469,10,8
TRPLUC2508117023bfe1,2025-08-11,UP01,new,14,152,9,6
TRPJAI25081155abf2fd,2025-08-11,RJ01,repeated,40,517,9,8
TRPLUC2508110d0eee35,2025-08-11,UP01,repeated,6,80,7,5
TRPSUR2508116fe2966b,2025-08-11,GJ01,repeated,6,67,7,8
TRPLUC25081105fe0c86,2025-08-11,UP01,new,16,170,8,8
TRPVAD250811b4d0d7b4,2025-08-11,GJ02,repeated,11,106,6,5
TRPSUR250811e0b5a90d,2025-08-11,GJ01,repeated,16,147,6,8
TRPCHA250811fa7520ad,2025-08-11,CH01,new,13,143,10,7
TRPLUC250811b03d867d,2025-08-11,UP01,new,18,188,7,7
TRPKOC25081100801236,2025-08-11,KL01,repeated,28,339,9,9
TRPIND250811fa4a81c1,2025-08-11,MP01,repeated,15,143,8,8
TRPMYS2508114c0eafe8,2025-08-11,KA01,repeated,15,185,8,8
TRPCHA25081186fa6d00,2025-08-11,CH01,new,33,323,8,7
TRPLUC250811c2dbe59f,2025-08-11,UP01,repeated,20,206,6,8
TRPJAI250811fd12f331,2025-08-11,RJ01,new,45,577,8,8
TRPLUC250811e16ea39f,2025-08-11,UP01,repeated,18,188,5,8
TRPLUC250811b7880dc2,2025-08-11,UP01,repeated,15,161,7,7
TRPJAI250811b6b35545,2025-08-11,RJ01,repeated,38,493,7,8
TRPVIS2508119e9004d0,2025-08-11,AP01,repeated,23,234,9,10
TRPJAI25081111eef81d,2025-08-11,RJ01,new,18,253,8,10
TRPJAI250811761040d3,2025-08-11,RJ01,new,15,217,8,8
TRPLUC25081166de0e6c,2025-08-11,UP01,repeated,8,98,7,7
TRPJAI2508111d361dd8,2025-08-11,RJ01,new,44,565,10,9
TRPSUR25081131eac7cb,2025-08-11,GJ01,repeated,7,75,7,7
TRPSUR250811b12f60a5,2025-08-11,GJ01,repeated,6,67,7,5
TRPIND2508112947fa6f,2025-08-11,MP01,repeated,10,103,9,7
TRPLUC2508111af94521,2025-08-11,UP01,repeated,6,80,7,7
TRPSUR2508118e846b5a,2025-08-11,GJ01,repeated,7,75,5,6
TRPVAD250811ed860026,2025-08-11,GJ02,new,12,114,7,7
TRPKOC2508114dcd3043,2025-08-11,KL01,repeated,21,262,7,8
TRPLUC250811d99198aa,2025-08-11,UP01,new,8,98,9,7
TRPLUC25081119f6f924,2025-08-11,UP01,repeated,6,80,6,8
TRPLUC250811def50666,2025-08-11,UP01,new,6,80,7,8
TRPMYS250811973ab1df,2025-08-11,KA01,new,14,175,8,9
TRPSUR250811c736336d,2025-08-11,GJ01,repeated,16,147,7,7
TRPCHA250811122f0fda,2025-08-11,CH01,repeated,24,242,7,7
TRPIND25081145a282c1,2025-08-11,MP01,repeated,12,119,8,8
TRPCHA250811cc97c3a1,2025-08-11,CH01,new,19,197,10,7
TRPLUC2508113757f13e,2025-08-11,UP01,repeated,16,170,5,8
TRPCHA2508115f766383,2025-08-11,CH01,repeated,22,224,6,9
TRPKOC25081116d85d9a,2025-08-11,KL01,new,30,361,9,9
TRPCHA250811bc3ba916,2025-08-11,CH01,new,14,152,9,8
TRPSUR25081154c6c8ed,2025-08-11,GJ01,repeated,6,67,5,6
TRPIND250811d491adc7,2025-08-11,MP01,repeated,8,87,6,6
TRPVIS250811ae870da1,2025-08-11,AP01,repeated,18,189,8,10
TRPKOC2508111ff86ad0,2025-08-11,KL01,new,22,273,8,8
TRPIND250811fa979f33,2025-08-11,MP01,new,9,95,7,8
TRPVIS250811a2bbc9e3,2025-08-11,AP01,repeated,26,261,7,10
TRPJAI250811501ce241,2025-08-11,RJ01,new,23,313,8,9
TRPVAD250811b55097a4,2025-08-11,GJ02,repeated,18,162,7,6
TRPIND250811bb3d996e,2025-08-11,MP01,repeated,21,191,8,9
TRPCHA250811839e938d,2025-08-11,CH01,repeated,34,332,7,9
TRPSUR25081126327c12,2025-08-11,GJ01,repeated,6,67,6,5
TRPVAD25081168383aad,2025-08-11,GJ02,repeated,6,66,5,5
TRPSUR250811f3b8d2d5,2025-08-11,GJ01,repeated,11,107,5,5
TRPKOC250811bd67cae7,2025-08-11,KL01,new,36,427,10,10
TRPLUC250811f5347c72,2025-08-11,UP01,repeated,9,107,6,7
TRPKOC2508117a0cef16,2025-08-11,KL01,repeated,23,284,7,8
TRPSUR250811a91db0af,2025-08-11,GJ01,repeated,12,115,5,6
TRPVAD2508111f54f22b,2025-08-11,GJ02,new,11,106,8,8
TRPLUC2508118d437707,2025-08-11,UP01,new,5,71,9,7
TRPCOI25081125a7e86d,2025-08-11,TN01,repeated,11,111,8,7
TRPLUC25081161165d98,2025-08-11,UP01,new,8,98,7,8
TRPJAI2508113d928190,2025-08-11,RJ01,new,29,385,10,10
TRPVAD25081136194a00,2025-08-11,GJ02,new,10,98,8,8
TRPVIS2508116ea689f6,2025-08-11,AP01,repeated,25,252,7,9
TRPLUC25081121cbadd4,2025-08-11,UP01,repeated,20,206,5,8
TRPCHA2508115ae87083,2025-08-11,CH01,new,13,143,9,9
TRPVIS250811dab2a796,2025-08-11,AP01,repeated,34,333,7,8
TRPJAI25081112cd5529,2025-08-11,RJ01,repeated,22,301,7,10
TRPVAD2508110b9a98fd,2025-08-11,GJ02,repeated,18,162,7,8
TRPJAI2508114921234d,2025-08-11,RJ01,repeated,31,409,7,10
TRPIND250811e4a62e1d,2025-08-11,MP01,repeated,14,135,9,7
TRPMYS2508114cdf5512,2025-08-11,KA01,new,21,245,9,8
TRPCHA25081197603f35,2025-08-11,CH01,repeated,26,260,6,7
TRPIND250811e5e8826b,2025-08-11,MP01,new,9,95,9,8
TRPVIS250811081aeab5,2025-08-11,AP01,repeated,10,117,9,9
TRPMYS2508110767eaa4,2025-08-11,KA01,repeated,21,245,8,9
TRPVAD25081166322188,2025-08-11,GJ02,new,10,98,8,7
TRPIND250811cdef32b9,2025-08-11,MP01,new,8,87,8,7
TRPSUR25081103aa0f05,2025-08-11,GJ01,repeated,6,67,5,5
TRPLUC2508112ea70974,2025-08-11,UP01,repeated,19,197,7,8
TRPVIS250811814295a6,2025-08-11,AP01,new,23,234,8,10
TRPJAI2508117e07f640,2025-08-11,RJ01,new,20,277,8,10
TRPLUC250811826b161b,2025-08-11,UP01,repeated,14,152,6,5
TRPJAI25081171708b7f,2025-08-11,RJ01,repeated,45,577,8,9
TRPCHA25081184098bfd,2025-08-11,CH01,new,30,296,9,9
TRPKOC250811972c2f14,2025-08-11,KL01,repeated,28,339,8,10
TRPVIS2508119ecfc53c,2025-08-11,AP01,new,30,297,10,9
TRPCHA250811bc00afb6,2025-08-11,CH01,repeated,14,152,8,8
TRPKOC250811d35d8519,2025-08-11,KL01,repeated,33,394,9,9
TRPSUR2508110b24c6c9,2025-08-11,GJ01,repeated,8,83,7,8
TRPVAD250811a22f7fcd,2025-08-11,GJ02,repeated,15,138,5,7
TRPLUC250811cdf97a12,2025-08-11,UP01,repeated,12,134,7,5
TRPLUC250811836aeb83,2025-08-11,UP01,repeated,19,197,5,8
TRPJAI250811eba32cbb,2025-08-11,RJ01,repeated,19,265,8,8
TRPLUC250811af20b157,2025-08-11,UP01,repeated,19,197,6,6
TRPLUC250811c32750f8,2025-08-11,UP01,new,15,161,9,7
TRPLUC250811e349d198,2025-08-11,UP01,repeated,20,206,6,7
TRPLUC250811e4eed18f,2025-08-11,UP01,repeated,9,107,6,8
TRPJAI250811951e9288,2025-08-11,RJ01,new,18,253,10,9
TRPCHA250811d13a1bcb,2025-08-11,CH01,repeated,15,161,9,8
TRPJAI250811a2f9efde,2025-08-11,RJ01,new,39,505,9,9
TRPVIS25081125611b76,2025-08-11,AP01,repeated,20,207,7,9
TRPIND2508112b6c92d7,2025-08-11,MP01,new,10,103,9,7
TRPVAD2508117d8a35e7,2025-08-11,GJ02,new,7,74,9,6
TRPMYS2508111a899b82,2025-08-11,KA01,repeated,14,175,9,8
TRPKOC250811289c957e,2025-08-11,KL01,new,27,328,8,8
TRPIND2508111ecba275,2025-08-11,MP01,new,9,95,10,7
TRPCOI250811f4ef1891,2025-08-11,TN01,new,19,175,1,2
TRPLUC2508113f4adaf9,2025-08-11,UP01,repeated,9,107,7,5
TRPIND250811155e379b,2025-08-11,MP01,repeated,24,215,7,6
TRPCOI25081178aa038f,2025-08-11,TN01,new,17,159,7,7
TRPLUC2508113019849e,2025-08-11,UP01,repeated,6,80,5,7
TRPCOI2508114f483e0d,2025-08-11,TN01,repeated,10,103,9,7
TRPJAI250811d3696cac,2025-08-11,RJ01,new,34,445,8,10
TRPVIS250811a54643f7,2025-08-11,AP01,repeated,17,180,7,10
TRPIND250811cba5eb90,2025-08-11,MP01,repeated,20,183,8,7
TRPLUC250811cc9ab9c3,2025-08-11,UP01,repeated,6,80,5,5
TRPVAD2508118d89b9f8,2025-08-11,GJ02,repeated,6,66,6,6
TRPLUC2508118623ecc0,2025-08-11,UP01,repeated,9,107,7,6
TRPCHA2508117f90ddb8,2025-08-11,CH01,new,29,287,9,9
TRPJAI250811b3c69f76,2025-08-11,RJ01,new,23,313,8,9
TRPKOC250811f332c788,2025-08-11,KL01,new,26,317,10,9
TRPLUC25081137f3830b,2025-08-11,UP01,repeated,18,188,6,8
TRPJAI25081170c61722,2025-08-11,RJ01,new,22,301,8,10
TRPSUR250811d7976f05,2025-08-11,GJ01,repeated,11,107,7,7
TRPCHA2508114bc29e0d,2025-08-11,CH01,repeated,27,269,8,8
TRPJAI250811cc076b23,2025-08-11,RJ01,repeated,16,229,7,8
TRPCHA25081160cae2d3,2025-08-11,CH01,repeated,31,305,9,7
TRPLUC250811eaf1a4d1,2025-08-11,UP01,repeated,19,197,6,8
TRPMYS250811d08a526f,2025-08-11,KA01,new,11,145,10,10
TRPKOC250811684994d2,2025-08-11,KL01,repeated,17,218,7,8
TRPLUC250811531e5ecd,2025-08-11,UP01,repeated,6,80,5,5
TRPIND250811ec9a007a,2025-08-11,MP01,new,8,87,7,9
TRPIND25081130fc4ee0,2025-08-11,MP01,repeated,15,143,7,8
TRPJAI25081199362735,2025-08-11,RJ01,repeated,21,289,8,10
TRPCOI25081103d28c70,2025-08-11,TN01,repeated,17,159,8,9
TRPKOC250811a16047e7,2025-08-11,KL01,new,23,284,10,9
TRPKOC2508114b0a5003,2025-08-11,KL01,new,33,394,8,10
TRPJAI250811afaf8b51,2025-08-11,RJ01,repeated,22,301,7,9
TRPLUC2508117c18eda4,2025-08-11,UP01,repeated,13,143,7,6
TRPJAI2508114d7b0f51,2025-08-11,RJ01,new,24,325,10,10
TRPCHA25081185957f4c,2025-08-11,CH01,repeated,20,206,6,8
TRPLUC2508114d950cdb,2025-08-11,UP01,repeated,10,116,6,8
TRPIND25081111aa8fbf,2025-08-11,MP01,repeated,24,215,7,9
TRPSUR2508116cdd57aa,2025-08-11,GJ01,repeated,13,123,6,6
TRPLUC250811afdeb193,2025-08-11,UP01,repeated,8,98,7,6
TRPMYS25081108e584a2,2025-08-11,KA01,new,13,165,8,8
TRPLUC2508117ef365a9,2025-08-11,UP01,repeated,14,152,7,8
TRPSUR250811f08695f2,2025-08-11,GJ01,repeated,8,83,5,8
TRPLUC250811f620e4d2,2025-08-11,UP01,repeated,13,143,7,7
TRPVAD2508112f089894,2025-08-11,GJ02,repeated,7,74,7,7
TRPSUR25081176232064,2025-08-11,GJ01,new,6,67,9,7
TRPLUC25081128d58103,2025-08-11,UP01,repeated,19,197,7,7
TRPJAI250811d33b86a7,2025-08-11,RJ01,new,33,433,10,9
TRPJAI250811329e03dc,2025-08-11,RJ01,new,25,337,8,9
TRPCOI250811f5d70ecf,2025-08-11,TN01,repeated,21,191,7,8
TRPJAI25081111aa403a,2025-08-11,RJ01,new,28,373,9,8
TRPSUR250811f8d13d4f,2025-08-11,GJ01,repeated,10,99,7,7
TRPLUC2508110c9ae05b,2025-08-11,UP01,repeated,18,188,7,7
TRPVAD250811518be994,2025-08-11,GJ02,repeated,6,66,6,5
TRPVIS250811a01e7b94,2025-08-11,AP01,new,14,153,10,10
TRPJAI25081187fc47d4,2025-08-11,RJ01,repeated,26,349,9,8
TRPSUR250811370593ec,2025-08-11,GJ01,repeated,5,59,5,6
TRPLUC25081157345d2b,2025-08-11,UP01,new,12,134,7,8
TRPSUR250811bac2d5a3,2025-08-11,GJ01,repeated,7,75,6,6
TRPMYS2508111e39e3f6,2025-08-11,KA01,repeated,18,215,7,9
TRPCHA250811b1729450,2025-08-11,CH01,new,32,314,9,7
TRPVAD2508112eee6184,2025-08-11,GJ02,new,10,98,7,8
TRPLUC250811b7e8aeb7,2025-08-11,UP01,repeated,18,188,5,7
TRPVAD250811076b4498,2025-08-11,GJ02,repeated,11,106,7,8
TRPLUC250811ec2ad633,2025-08-11,UP01,repeated,10,116,6,5
TRPJAI250811966146b9,2025-08-11,RJ01,new,23,313,10,10
TRPIND250811225141a2,2025-08-11,MP01,new,19,175,10,8
TRPMYS250811734b3682,2025-08-11,KA01,new,18,215,9,8
TRPLUC2508116306b745,2025-08-11,UP01,new,6,80,8,7
TRPIND250811d0522a2e,2025-08-11,MP01,new,16,151,10,8
TRPCOI2508114487a203,2025-08-11,TN01,new,10,103,7,8
TRPMYS25081169034b97,2025-08-11,KA01,new,19,225,10,8
TRPCHA2508111754b560,2025-08-11,CH01,new,15,161,8,7
TRPKOC250811648acf6c,2025-08-11,KL01,repeated,11,152,8,8
TRPJAI2508112d0d1bfe,2025-08-11,RJ01,new,25,337,10,10
TRPIND250811de70788d,2025-08-11,MP01,repeated,22,199,9,8
TRPKOC250811fb19900b,2025-08-11,KL01,new,33,394,8,8
TRPVIS2508113aa7d838,2025-08-11,AP01,repeated,14,153,8,8
TRPJAI25081117b39822,2025-08-11,RJ01,repeated,24,325,9,8
TRPSUR2508117cba3129,2025-08-11,GJ01,repeated,10,99,5,5
TRPCHA2508114872892a,2025-08-11,CH01,new,31,305,7,7
TRPVIS250811f776c893,2025-08-11,AP01,repeated,27,270,8,9
TRPLUC250811420beec5,2025-08-11,UP01,repeated,15,161,6,5
TRPIND250811ca119d35,2025-08-11,MP01,new,19,175,8,7
TRPSUR250811f7ef7576,2025-08-11,GJ01,new,10,99,7,7
TRPJAI250811af6e1a1f,2025-08-11,RJ01,repeated,32,421,7,9
TRPSUR250811e8025996,2025-08-11,GJ01,repeated,8,83,5,7
TRPCHA250811ed3f9cef,2025-08-11,CH01,new,13,143,10,9
TRPSUR25081105086657,2025-08-11,GJ01,repeated,11,107,7,8
TRPCOI250811f0f82f6e,2025-08-11,TN01,repeated,18,167,9,7
TRPLUC250811962ce10c,2025-08-11,UP01,repeated,6,80,7,7
TRPKOC2508111d18fab0,2025-08-11,KL01,repeated,26,317,9,8
TRPCOI250811a554e6b5,2025-08-11,TN01,repeated,19,175,9,9
TRPJAI250811ac60be22,2025-08-11,RJ01,new,24,325,8,10
TRPLUC2508112e4f125f,2025-08-11,UP01,new,12,134,9,8
TRPSUR2508119eb2a002,2025-08-11,GJ01,new,6,67,8,6
TRPKOC250811e2b0813c,2025-08-11,KL01,new,12,163,8,10
TRPLUC2508114533e10e,2025-08-11,UP01,repeated,10,116,5,8
TRPVAD250811236fe081,2025-08-11,GJ02,repeated,17,154,7,6
TRPLUC2508115a76a18a,2025-08-11,UP01,new,19,197,9,7
TRPIND25081147683f48,2025-08-11,MP01,repeated,20,183,7,8
TRPJAI250811c74c7ce6,2025-08-11,RJ01,repeated,25,337,9,9
TRPJAI2508119fe78cdb,2025-08-11,RJ01,new,15,217,8,10
TRPVAD250811c0fb240c,2025-08-11,GJ02,new,17,154,9,8
TRPCOI25081156b20ae1,2025-08-11,TN01,new,10,103,8,9
TRPLUC2508113a35ace3,2025-08-11,UP01,repeated,8,98,7,7
TRPKOC250811e21aac9b,2025-08-11,KL01,repeated,27,328,9,8
TRPKOC250811a3fb66b8,2025-08-11,KL01,repeated,30,361,9,8
TRPSUR2508113c30d4bc,2025-08-11,GJ01,repeated,5,59,7,8
TRPKOC2508119c223944,2025-08-11,KL01,new,32,383,8,10
TRPVAD250811438f7a44,2025-08-11,GJ02,repeated,15,138,7,5
TRPSUR25081188ce9443,2025-08-11,GJ01,repeated,6,67,6,7
TRPLUC250811dafcc8e8,2025-08-11,UP01,new,5,71,9,8
TRPVAD2508113d1f491c,2025-08-11,GJ02,new,16,146,8,7
TRPLUC250811937fd10b,2025-08-11,UP01,repeated,6,80,7,6
TRPVAD250811383775b2,2025-08-11,GJ02,repeated,18,162,6,8
TRPKOC2508115de8f67b,2025-08-11,KL01,new,37,438,10,8
TRPLUC250811ea101b00,2025-08-11,UP01,repeated,16,170,7,6
TRPLUC250811baa12cb0,2025-08-11,UP01,repeated,16,170,5,8
TRPJAI25081196c7776e,2025-08-11,RJ01,new,37,481,10,9
TRPJAI250811610ec2a9,2025-08-11,RJ01,repeated,27,361,9,8
TRPVAD250811ea96c73f,2025-08-11,GJ02,repeated,7,74,7,7
TRPSUR250811dfd8fade,2025-08-11,GJ01,repeated,16,147,6,7
TRPLUC25081117c91b2b,2025-08-11,UP01,repeated,16,170,5,7
TRPLUC250811807ec649,2025-08-11,UP01,repeated,15,161,6,8
TRPCHA250811c6148f5f,2025-08-11,CH01,repeated,21,215,8,8
TRPJAI2508118c4f891d,2025-08-11,RJ01,repeated,40,517,8,8
TRPLUC2508113eb9171e,2025-08-11,UP01,repeated,5,71,7,6
TRPCHA2508119e705ddc,2025-08-11,CH01,new,25,251,8,8
TRPSUR2508119ebfbab0,2025-08-11,GJ01,repeated,5,59,6,7
TRPCHA25081184c4e3b5,2025-08-11,CH01,new,19,197,9,9
TRPCHA2508110312af55,2025-08-11,CH01,repeated,33,323,8,7
TRPMYS25081111afd704,2025-08-11,KA01,new,15,185,10,9
TRPJAI250811ee0a36c6,2025-08-11,RJ01,new,29,385,9,8
TRPSUR250811967d5f24,2025-08-11,GJ01,new,8,83,8,8
TRPLUC250811a2bed4ad,2025-08-11,UP01,repeated,20,206,5,5
TRPCHA250811a8515331,2025-08-11,CH01,repeated,28,278,7,9
TRPIND25081111f6a722,2025-08-11,MP01,repeated,19,175,9,8
TRPSUR250811fb56f697,2025-08-11,GJ01,repeated,16,147,7,6
TRPSUR2508112488fbbc,2025-08-11,GJ01,repeated,11,107,6,7
TRPVIS250811a11156b8,2025-08-11,AP01,repeated,34,333,8,8
TRPSUR250811a787af72,2025-08-11,GJ01,repeated,10,99,6,7
TRPCHA250811b20ae52a,2025-08-11,CH01,repeated,31,305,6,9
TRPVAD250811488b28b4,2025-08-11,GJ02,new,18,162,8,8
TRPLUC2508117d43f045,2025-08-11,UP01,repeated,17,179,7,8
TRPCHA2508114dc6f6a2,2025-08-11,CH01,repeated,15,161,6,8
TRPCHA250811ead08226,2025-08-11,CH01,repeated,16,170,7,6
TRPCHA250811b18a13ce,2025-08-11,CH01,new,20,206,10,8
TRPJAI250811aaf73e5b,2025-08-11,RJ01,repeated,37,481,9,9
TRPCHA250811796d8b40,2025-08-11,CH01,new,32,314,7,9
TRPJAI250811197e2837,2025-08-11,RJ01,new,40,517,8,9
TRPCHA250811d23289ab,2025-08-11,CH01,repeated,32,314,6,6
TRPSUR250811f8682366,2025-08-11,GJ01,repeated,13,123,5,8
TRPJAI250811722d07e3,2025-08-11,RJ01,repeated,19,265,7,8
TRPIND25081123dc4bbb,2025-08-11,MP01,new,21,191,9,9
TRPIND250811924e98f6,2025-08-11,MP01,new,16,151,7,9
TRPVIS25081190d8e01e,2025-08-11,AP01,repeated,28,279,7,9
TRPLUC250811013ec44a,2025-08-11,UP01,new,16,170,9,7
TRPLUC250811a459f36f,2025-08-11,UP01,repeated,8,98,7,7
TRPIND250811d3564a19,2025-08-11,MP01,repeated,13,127,8,6
TRPLUC250811b073e771,2025-08-11,UP01,new,13,143,9,6
TRPCHA250811b0b2b0e2,2025-08-11,CH01,new,16,170,7,7
TRPSUR250811a556ba61,2025-08-11,GJ01,repeated,16,147,7,8
TRPJAI250811218650ef,2025-08-11,RJ01,new,19,265,8,9
TRPJAI250811fa147be0,2025-08-11,RJ01,new,30,397,8,10
TRPVAD25081143330ee4,2025-08-11,GJ02,repeated,11,106,5,6
TRPKOC25081190b98505,2025-08-11,KL01,repeated,18,229,7,8
TRPLUC2508119972a8a2,2025-08-11,UP01,repeated,17,179,6,5
TRPCHA2508111202265e,2025-08-11,CH01,new,29,287,7,7
TRPIND2508116ae0fc71,2025-08-11,MP01,new,19,175,8,7
TRPSUR2508117a1cc24d,2025-08-11,GJ01,repeated,12,115,7,6
TRPJAI250811d137a4e5,2025-08-11,RJ01,repeated,21,289,7,9
TRPJAI25081155379b33,2025-08-11,RJ01,new,42,541,10,10
TRPCHA2508116c3bca19,2025-08-11,CH01,repeated,24,242,7,8
TRPMYS250811ee28f877,2025-08-11,KA01,new,16,195,9,10
TRPKOC2508110bae4448,2025-08-11,KL01,repeated,21,262,7,9
TRPCOI250811beaa366d,2025-08-11,TN01,new,14,135,7,7
TRPSUR25081155e8d67e,2025-08-11,GJ01,new,16,147,7,7
TRPKOC250811050ded95,2025-08-11,KL01,new,19,240,8,8
TRPJAI2508115d1080dd,2025-08-11,RJ01,repeated,16,229,7,10
TRPIND250811071b71dc,2025-08-11,MP01,new,20,183,7,8
TRPLUC25081147e05d5d,2025-08-11,UP01,repeated,18,188,6,7
TRPVIS2508114fdc5f31,2025-08-11,AP01,repeated,27,270,7,8
TRPJAI2508114c448308,2025-08-11,RJ01,new,19,265,9,9
TRPLUC2508112bb4219e,2025-08-11,UP01,repeated,6,80,6,6
TRPSUR2508118b4d9d44,2025-08-11,GJ01,repeated,17,155,7,5
TRPVAD250811c3e491b5,2025-08-11,GJ02,repeated,15,138,5,8
TRPSUR250811af16bbed,2025-08-11,GJ01,repeated,16,147,7,5
TRPJAI250811ae6b4a85,2025-08-11,RJ01,repeated,27,361,8,9
TRPLUC25081100254d06,2025-08-11,UP01,repeated,12,134,6,8
TRPLUC2508117ea69df6,2025-08-11,UP01,repeated,12,134,6,5
TRPJAI25081183ce6d6a,2025-08-11,RJ01,new,18,253,10,9
TRPIND25081192f65dff,2025-08-11,MP01,repeated,20,183,9,9
TRPLUC250811b77b5fc7,2025-08-11,UP01,repeated,16,170,6,5
TRPMYS250811c9df8494,2025-08-11,KA01,new,24,275,10,8
TRPSUR2508118c4713c6,2025-08-11,GJ01,repeated,16,147,5,8
TRPJAI25081135b5dd27,2025-08-11,RJ01,new,27,361,10,8
TRPSUR250811cca88660,2025-08-11,GJ01,repeated,16,147,7,5
TRPJAI2508116f12c145,2025-08-11,RJ01,repeated,27,361,8,8
TRPLUC25081133fac90b,2025-08-11,UP01,new,7,89,9,6
TRPMYS250811abe84d91,2025-08-11,KA01,new,10,135,9,9
TRPCHA2508113edd2370,2025-08-11,CH01,repeated,26,260,6,7
TRPJAI2508110e7035bf,2025-08-11,RJ01,repeated,22,301,8,10
TRPLUC2508115604da0e,2025-08-11,UP01,repeated,14,152,6,5
TRPLUC250811f40e4b35,2025-08-11,UP01,repeated,16,170,5,7
TRPJAI250811d1494202,2025-08-11,RJ01,new,32,421,10,10
TRPKOC250811685e43ca,2025-08-11,KL01,new,35,416,9,9
TRPKOC250811f198df5f,2025-08-11,KL01,repeated,11,152,9,9
TRPIND250811038d2f40,2025-08-11,MP01,repeated,22,199,8,9
TRPJAI250811ddb9bfd9,2025-08-11,RJ01,new,37,481,10,9
TRPVIS250811480dc1c6,2025-08-11,AP01,repeated,24,243,8,10
TRPLUC2508118e78aa57,2025-08-11,UP01,repeated,11,125,7,6
TRPIND25081127c74138,2025-08-11,MP01,new,19,175,9,7
TRPSUR2508117fe6be3b,2025-08-11,GJ01,repeated,7,75,7,5
TRPSUR2508114bb3e9ab,2025-08-11,GJ01,new,9,91,7,8
TRPLUC250811aaaf8efb,2025-08-11,UP01,repeated,7,89,6,5
TRPJAI2508111834e052,2025-08-11,RJ01,new,38,493,8,9
TRPLUC25081163248c17,2025-08-11,UP01,repeated,10,116,6,5
TRPLUC250811f71d2a23,2025-08-11,UP01,new,7,89,9,8
TRPSUR250811b67743a9,2025-08-11,GJ01,repeated,11,107,6,8
TRPCHA250811e656490f,2025-08-11,CH01,new,15,161,7,9
TRPCHA25081128daa4cf,2025-08-11,CH01,repeated,13,143,9,7
TRPKOC250811c889845d,2025-08-11,KL01,new,23,284,9,10
TRPJAI2508111b818b75,2025-08-11,RJ01,new,23,313,9,10
TRPKOC2508117e480d28,2025-08-11,KL01,repeated,13,174,8,10
TRPCHA2508119ef9873d,2025-08-11,CH01,repeated,28,278,9,8
TRPMYS2508111a9a2635,2025-08-11,KA01,new,11,145,9,9
TRPLUC250811f023c268,2025-08-11,UP01,new,6,80,7,8
TRPLUC250811f72eacaa,2025-08-11,UP01,repeated,9,107,6,7
TRPVIS250811e0fa3197,2025-08-11,AP01,new,34,333,10,8
TRPVAD2508111bca824d,2025-08-11,GJ02,repeated,11,106,7,8
TRPCHA2508119f3be3a6,2025-08-11,CH01,repeated,25,251,8,7
TRPLUC250811a4dc524f,2025-08-11,UP01,repeated,8,98,6,6
TRPIND2508113a71b8a6,2025-08-11,MP01,repeated,8,87,9,6
TRPJAI2508117aa4eb89,2025-08-11,RJ01,new,39,505,9,8
TRPCHA250811098c56e0,2025-08-11,CH01,repeated,15,161,8,6
TRPJAI250811ab115643,2025-08-11,RJ01,new,27,361,8,8
TRPSUR2508114e20f35d,2025-08-11,GJ01,repeated,11,107,7,5
TRPKOC250811c8314b97,2025-08-11,KL01,repeated,24,295,7,8
TRPLUC250811e2abbbfe,2025-08-11,UP01,repeated,18,188,6,6
TRPLUC250811147b4e88,2025-08-11,UP01,repeated,6,80,5,5
TRPLUC250811b4b5bc80,2025-08-11,UP01,repeated,9,107,5,7
TRPLUC2508113d57139f,2025-08-11,UP01,repeated,8,98,6,8
TRPSUR25081148734072,2025-08-11,GJ01,repeated,17,155,6,5
TRPJAI25081112d0dd1e,2025-08-11,RJ01,new,16,229,9,8
TRPSUR25081171ba9bc1,2025-08-11,GJ01,repeated,8,83,7,8
TRPKOC250811af490c6f,2025-08-11,KL01,new,14,185,8,9
TRPJAI250811a5d71a49,2025-08-11,RJ01,repeated,33,433,7,9
TRPKOC250811dca0df03,2025-08-11,KL01,repeated,32,383,9,8
TRPCOI250811f6f57210,2025-08-11,TN01,new,10,103,10,7
TRPIND250811bd452416,2025-08-11,MP01,repeated,13,127,7,8
TRPCHA250811abd1d659,2025-08-11,CH01,repeated,30,296,9,9
TRPIND250811dfead1c5,2025-08-11,MP01,repeated,14,135,8,8
TRPSUR2508116dfec544,2025-08-11,GJ01,new,13,123,7,6
TRPVAD25081165153b8b,2025-08-11,GJ02,repeated,10,98,6,6
TRPJAI25081171a8963a,2025-08-11,RJ01,repeated,37,481,7,9
TRPKOC2508116e170bd3,2025-08-11,KL01,new,32,383,9,9
TRPLUC2508117d39360d,2025-08-11,UP01,new,19,197,7,8
TRPKOC2508115203f65d,2025-08-11,KL01,new,29,350,10,10
TRPCHA2508114820f073,2025-08-11,CH01,new,24,242,9,7
TRPLUC2508118c2704fb,2025-08-11,UP01,repeated,5,71,5,7
TRPLUC25081149038a2f,2025-08-11,UP01,new,13,143,9,7
TRPCOI250811a9283e40,2025-08-11,TN01,repeated,15,143,6,6
TRPKOC250811c44f2268,2025-08-11,KL01,repeated,13,174,7,9
TRPVIS250811d748f9d7,2025-08-11,AP01,repeated,26,261,7,9
TRPCOI2508113f4f6926,2025-08-11,TN01,repeated,11,111,9,7
TRPSUR25081151a8450c,2025-08-11,GJ01,repeated,11,107,5,7
TRPKOC250811835b13e1,2025-08-11,KL01,new,29,350,10,8
TRPLUC2508116e5ecf04,2025-08-11,UP01,new,20,206,9,6
TRPSUR250811549af26d,2025-08-11,GJ01,repeated,5,59,7,7
TRPSUR2508119350b467,2025-08-11,GJ01,new,14,131,8,8
TRPVIS25081190d6bc30,2025-08-11,AP01,new,34,333,10,9
TRPLUC250811cc3d0c66,2025-08-11,UP01,repeated,8,98,6,7
TRPJAI25081124335b5e,2025-08-11,RJ01,new,16,229,10,9
TRPLUC25081137b571a0,2025-08-11,UP01,repeated,8,98,7,7
TRPJAI250811c33141e1,2025-08-11,RJ01,new,43,553,8,10
TRPLUC2508114a2e22b4,2025-08-11,UP01,repeated,16,170,7,8
TRPMYS2508119d0cd899,2025-08-11,KA01,new,15,185,8,10
TRPLUC250811e1f89045,2025-08-11,UP01,repeated,5,71,5,6
TRPLUC2508110631f905,2025-08-11,UP01,repeated,10,116,7,6
TRPVIS250811820daf28,2025-08-11,AP01,new,20,207,9,10
TRPSUR25081198520c00,2025-08-11,GJ01,repeated,15,139,7,6
TRPLUC25081111ef2263,2025-08-11,UP01,new,12,134,8,6
TRPIND250811e4fd4bca,2025-08-11,MP01,repeated,14,135,7,7
TRPSUR250811c597b63f,2025-08-11,GJ01,repeated,11,107,7,6
TRPCOI2508117488a7e3,2025-08-11,TN01,new,16,151,7,9
TRPSUR2508117a1b73fd,2025-08-11,GJ01,new,10,99,9,8
TRPCHA250811a3c01f94,2025-08-11,CH01,new,26,260,9,9
TRPVIS250811c125673b,2025-08-11,AP01,repeated,19,198,8,8
TRPLUC2508111b6f5a54,2025-08-11,UP01,new,16,170,9,7
TRPLUC25081105a6eb09,2025-08-11,UP01,new,7,89,8,7
TRPIND25081111a50097,2025-08-11,MP01,repeated,13,127,7,7
TRPVIS25081164566f2a,2025-08-11,AP01,repeated,27,270,7,10
TRPIND2508114955a08e,2025-08-11,MP01,repeated,12,119,7,9
TRPVIS250811db6d741e,2025-08-11,AP01,repeated,32,315,8,8
TRPVIS2508113efb04ba,2025-08-11,AP01,new,23,234,9,9
TRPSUR250811f68e0433,2025-08-11,GJ01,repeated,16,147,6,7
TRPLUC250811c3c76ead,2025-08-11,UP01,repeated,10,116,7,8
TRPVIS2508117c27a547,2025-08-11,AP01,new,13,144,10,8
TRPSUR2508112d559e08,2025-08-11,GJ01,repeated,15,139,7,5
TRPCHA250811934e5917,2025-08-11,CH01,repeated,13,143,8,6
TRPJAI250811dd64f202,2025-08-11,RJ01,new,33,433,10,8
TRPIND250811aea400cb,2025-08-11,MP01,new,11,111,9,8
TRPLUC25081152d14b6a,2025-08-11,UP01,repeated,6,80,6,8
TRPJAI250811c802bdf1,2025-08-11,RJ01,new,29,385,8,10
TRPIND250811dfbc874c,2025-08-11,MP01,repeated,15,143,9,8
TRPVIS2508112abb261c,2025-08-11,AP01,new,15,162,8,9
TRPJAI2508119745bf39,2025-08-11,RJ01,new,24,325,9,8
TRPSUR250811d360464d,2025-08-11,GJ01,repeated,8,83,7,7
TRPLUC250811a790f517,2025-08-11,UP01,new,12,134,7,7
TRPIND250811f2d2a9b2,2025-08-11,MP01,repeated,9,95,6,9
TRPIND25081175037db4,2025-08-11,MP01,new,22,199,10,7
TRPSUR250811251f3424,2025-08-11,GJ01,repeated,11,107,6,6
TRPSUR250811896509c2,2025-08-11,GJ01,repeated,12,115,6,5
TRPLUC250811df28add1,2025-08-11,UP01,repeated,13,143,6,7
TRPVIS250811a864ec36,2025-08-11,AP01,new,28,279,8,10
TRPCOI250811784b11ff,2025-08-11,TN01,new,15,143,7,7
TRPJAI2508114495c985,2025-08-11,RJ01,new,40,517,10,9
TRPSUR2508112b79820b,2025-08-11,GJ01,repeated,14,131,7,8
TRPJAI250811d53daffe,2025-08-11,RJ01,new,17,241,9,9
TRPVIS250811dbf4f3c7,2025-08-11,AP01,new,33,324,9,10
TRPSUR2508119f5f37de,2025-08-11,GJ01,repeated,12,115,5,7
TRPKOC2508119c305906,2025-08-11,KL01,repeated,10,141,8,9
TRPMYS250811d2f1f7e1,2025-08-11,KA01,new,11,145,10,8
TRPCOI2508116977e91c,2025-08-11,TN01,repeated,22,199,7,8
TRPMYS25081136187651,2025-08-11,KA01,new,19,225,10,8
TRPIND2508111ca05b2f,2025-08-11,MP01,new,13,127,9,8
TRPCHA250811dcd35677,2025-08-11,CH01,repeated,29,287,6,7
TRPVAD250811bf99a5f3,2025-08-11,GJ02,new,16,146,8,8
TRPLUC25081135a8e10f,2025-08-11,UP01,repeated,20,206,6,8
TRPLUC250811b221389b,2025-08-11,UP01,repeated,11,125,5,5
TRPKOC25081171a9ce91,2025-08-11,KL01,new,15,196,8,8
TRPIND2508118c648f6c,2025-08-11,MP01,new,21,191,9,7
TRPIND25081120e9bf8f,2025-08-11,MP01,new,24,215,9,7
TRPLUC250811d469d6d4,2025-08-11,UP01,new,20,206,9,8
TRPIND25081138dd1275,2025-08-11,MP01,repeated,16,151,9,7
TRPLUC250811b9ef145d,2025-08-11,UP01,repeated,14,152,6,6
TRPJAI2508117a6a47aa,2025-08-11,RJ01,repeated,29,385,7,10
TRPLUC2508117247ca97,2025-08-11,UP01,repeated,5,71,6,7
TRPSUR2508117b97183e,2025-08-11,GJ01,repeated,7,75,5,5
TRPVAD25081129d161aa,2025-08-11,GJ02,new,16,146,7,8
TRPLUC2508112f3787d7,2025-08-11,UP01,new,9,107,8,6
TRPCOI25081139153406,2025-08-11,TN01,new,17,159,9,7
TRPSUR250811fb4da96c,2025-08-11,GJ01,repeated,14,131,7,8
TRPVIS25081123dcb1ce,2025-08-11,AP01,repeated,35,342,9,10
TRPJAI250811e1330194,2025-08-11,RJ01,repeated,43,553,7,10
TRPSUR25081151a4435c,2025-08-11,GJ01,new,8,83,8,7
TRPCOI2508119bebfe4e,2025-08-11,TN01,repeated,11,111,7,6
TRPCHA2508110d128b71,2025-08-11,CH01,repeated,29,287,6,7
TRPJAI250811b37acc96,2025-08-11,RJ01,repeated,20,277,9,8
TRPVIS250811592a9f72,2025-08-11,AP01,new,22,225,8,10
TRPVIS25081184ece55d,2025-08-11,AP01,repeated,14,153,8,9
TRPLUC2508118440636f,2025-08-11,UP01,repeated,13,143,6,6
TRPSUR250811c11eedc5,2025-08-11,GJ01,repeated,10,99,7,5
TRPSUR250811fdbd1b16,2025-08-11,GJ01,repeated,13,123,5,8
TRPLUC25081196a6c997,2025-08-11,UP01,repeated,20,206,7,5
TRPJAI250811fa22140a,2025-08-11,RJ01,repeated,23,313,7,9
TRPIND2508115ccf0331,2025-08-11,MP01,new,17,159,8,7
TRPIND2508110eb09ce9,2025-08-11,MP01,repeated,8,87,7,9
TRPIND2508117dda4d33,2025-08-11,MP01,repeated,16,151,8,6
TRPIND250811fbaea8a0,2025-08-11,MP01,new,13,127,8,9
TRPJAI2508112b778fda,2025-08-11,RJ01,new,25,337,9,9
TRPJAI250811261296c2,2025-08-11,RJ01,new,28,373,9,9
TRPVIS250811b2867cfe,2025-08-11,AP01,repeated,28,279,7,10
TRPMYS250811c4cb2cd2,2025-08-11,KA01,new,9,125,9,9
TRPSUR250811f510e95f,2025-08-11,GJ01,repeated,8,83,5,5
TRPLUC25081179e4d48d,2025-08-11,UP01,repeated,10,116,6,8
TRPMYS250811f9670611,2025-08-11,KA01,repeated,20,235,7,10
TRPCOI250811bc1bb896,2025-08-11,TN01,repeated,19,175,8,8
TRPSUR2508118d75c641,2025-08-11,GJ01,repeated,8,83,6,5
TRPCOI250811835f2622,2025-08-11,TN01,new,16,151,8,8
TRPKOC2508119cf1a306,2025-08-11,KL01,repeated,24,295,7,10
TRPSUR25081168821ba5,2025-08-11,GJ01,repeated,10,99,5,5
TRPSUR25081144851d55,2025-08-11,GJ01,repeated,14,131,6,6
TRPVIS2508112262331d,2025-08-11,AP01,repeated,15,162,9,9
TRPMYS2508112933d8ac,2025-08-11,KA01,repeated,13,165,7,9
TRPJAI2508111b41a62b,2025-08-11,RJ01,repeated,38,493,7,8
TRPIND2508118eb74798,2025-08-11,MP01,repeated,8,87,7,6
TRPSUR25081153675f8a,2025-08-11,GJ01,new,13,123,7,6
TRPJAI2508115ad798f1,2025-08-11,RJ01,new,18,253,8,10
