trip_id,date,city_id,passenger_type,distance_travelled(km),fare_amount,passenger_rating,driver_rating
TRPVIS2508240359fe27,2025-08-24,AP01,new,29,288,9,10
TRPSUR250824f407e633,2025-08-24,GJ01,repeated,7,75,7,6
TRPKOC250824b8578e1f,2025-08-24,KL01,repeated,38,449,8,10
TRPSUR250824e0f6ccdc,2025-08-24,GJ01,repeated,7,75,7,8
TRPLUC25082499f7f4d4,2025-08-24,UP01,repeated,14,152,5,5
TRPJAI2508242766d9bf,2025-08-24,RJ01,repeated,20,277,8,8
TRPLUC250824c305d49d,2025-08-24,UP01,new,14,152,8,8
TRPKOC25082480a681af,2025-08-24,KL01,new,15,196,9,9
TRPLUC25082458645b73,2025-08-24,UP01,new,8,98,9,6
TRPIND250824c7ca704b,2025-08-24,MP01,new,20,183,9,7
TRPCHA250824d7b9ed73,2025-08-24,CH01,new,32,314,10,9
TRPVAD250824c69d64d0,2025-08-24,GJ02,repeated,9,90,7,7
TRPLUC250824a1698909,2025-08-24,UP01,repeated,10,116,7,8
TRPLUC25082409430c02,2025-08-24,UP01,repeated,19,197,7,7
TRPLUC25082419064ccb,2025-08-24,UP01,repeated,16,170,6,6
TRPCHA250824e43228e5,2025-08-24,CH01,new,12,134,8,9
TRPVIS2508247ef946fd,2025-08-24,AP01,new,21,216,10,8
TRPJAI2508242271f3cc,2025-08-24,RJ01,repeated,24,325,9,9
TRPCHA2508243f0b54d1,2025-08-24,CH01,repeated,15,161,7,8
TRPVIS250824a6c16bab,2025-08-24,AP01,new,21,216,10,8
TRPMYS25082488104a8f,2025-08-24,KA01,repeated,24,275,7,10
TRPVIS250824be831102,2025-08-24,AP01,new,12,135,10,9
TRPVIS2508247decfcae,2025-08-24,AP01,new,21,216,10,9
TRPJAI25082411c82b81,2025-08-24,RJ01,new,28,373,10,10
TRPSUR25082435d02965,2025-08-24,GJ01,repeated,8,83,6,5
TRPLUC250824f1dfbdaf,2025-08-24,UP01,repeated,5,71,5,7
TRPCOI2508245e9b9776,2025-08-24,TN01,repeated,16,151,6,8
TRPSUR25082472ac871e,2025-08-24,GJ01,repeated,17,155,5,6
TRPIND250824b551f11b,2025-08-24,MP01,new,23,207,10,7
TRPJAI25082456da361d,2025-08-24,RJ01,new,27,361,9,10
TRPKOC2508243da570ad,2025-08-24,KL01,new,26,317,9,10
TRPLUC250824865de019,2025-08-24,UP01,repeated,8,98,7,5
TRPCHA2508240f4fd809,2025-08-24,CH01,new,30,296,10,8
TRPLUC25082436ea1193,2025-08-24,UP01,new,9,107,9,6
TRPIND250824d23e36d3,2025-08-24,MP01,repeated,13,127,9,9
TRPCHA2508245103ef54,2025-08-24,CH01,new,23,233,7,9
TRPCOI2508248a372d35,2025-08-24,TN01,repeated,19,175,6,6
TRPCOI25082424e23f99,2025-08-24,TN01,repeated,13,127,9,9
TRPCOI250824bb928827,2025-08-24,TN01,repeated,17,159,6,9
TRPJAI250824829abde9,2025-08-24,RJ01,repeated,41,529,9,10
TRPLUC250824df6506f9,2025-08-24,UP01,repeated,6,80,5,8
TRPIND2508249510d2ee,2025-08-24,MP01,new,23,207,8,7
TRPLUC2508244f452603,2025-08-24,UP01,repeated,7,89,7,7
TRPLUC2508241e3e83c7,2025-08-24,UP01,repeated,20,206,6,7
TRPLUC2508242270f4c0,2025-08-24,UP01,repeated,8,98,5,7
TRPSUR250824bb3c6242,2025-08-24,GJ01,repeated,17,155,6,8
TRPLUC2508249696687d,2025-08-24,UP01,repeated,12,134,6,5
TRPIND25082462c873bc,2025-08-24,MP01,new,12,119,7,7
TRPVAD250824edf374a2,2025-08-24,GJ02,new,10,98,9,7
TRPLUC2508246c42e498,2025-08-24,UP01,new,17,179,9,7
TRPJAI2508244baf0c6d,2025-08-24,RJ01,new,44,565,10,10
TRPJAI2508244ebf78f5,2025-08-24,RJ01,repeated,33,433,9,8
TRPSUR250824b314a7bd,2025-08-24,GJ01,new,13,123,9,7
TRPCHA250824a4ff7c34,2025-08-24,CH01,new,35,341,7,9
TRPKOC2508247df4385f,2025-08-24,KL01,new,26,317,10,9
TRPKOC2508247f06c8a8,2025-08-24,KL01,repeated,18,229,9,9
TRPCOI25082466622f9f,2025-08-24,TN01,new,20,183,10,8
TRPCHA2508246ff99467,2025-08-24,CH01,repeated,21,215,6,8
TRPSUR250824aba2ad9f,2025-08-24,GJ01,repeated,8,83,6,7
TRPSUR250824f2fbdce0,2025-08-24,GJ01,repeated,8,83,7,8
TRPLUC2508247a0bc0d5,2025-08-24,UP01,new,16,170,7,7
TRPCOI25082405dca165,2025-08-24,TN01,repeated,19,175,8,9
TRPVIS2508249d9dc40a,2025-08-24,AP01,repeated,20,207,8,9
TRPJAI250824a3acacb7,2025-08-24,RJ01,new,28,373,9,10
TRPLUC25082436e54bf4,2025-08-24,UP01,new,14,152,7,8
TRPJAI250824a6f38b22,2025-08-24,RJ01,repeated,39,505,8,10
TRPJAI250824da54dc54,2025-08-24,RJ01,new,38,493,9,10
TRPVIS2508249f7b836a,2025-08-24,AP01,new,15,162,9,9
TRPJAI25082457920719,2025-08-24,RJ01,new,24,325,9,9
TRPIND250824d44faed8,2025-08-24,MP01,repeated,18,167,6,6
TRPLUC250824b09da79b,2025-08-24,UP01,repeated,16,170,5,6
TRPVIS2508242584b4f3,2025-08-24,AP01,repeated,26,261,7,9
TRPMYS250824bcc75758,2025-08-24,KA01,new,23,265,8,10
TRPIND2508249673bec6,2025-08-24,MP01,repeated,10,103,6,9
TRPCOI2508247ba04f9d,2025-08-24,TN01,repeated,13,127,8,9
TRPCHA2508243657b9db,2025-08-24,CH01,new,17,179,7,9
TRPLUC25082455e9fe7c,2025-08-24,UP01,repeated,6,80,5,8
TRPCOI250824eea15644,2025-08-24,TN01,new,20,183,9,9
TRPLUC250824e8803082,2025-08-24,UP01,repeated,19,197,7,7
TRPJAI250824bcaaaf09,2025-08-24,RJ01,repeated,35,457,7,8
TRPCOI250824ef6bbbb7,2025-08-24,TN01,repeated,13,127,7,8
TRPVIS2508244b81e7a7,2025-08-24,AP01,new,11,126,9,9
TRPCOI250824cf180706,2025-08-24,TN01,repeated,21,191,7,8
TRPCHA2508249ed89bba,2025-08-24,CH01,repeated,30,296,7,6
TRPSUR2508243f88b53b,2025-08-24,GJ01,repeated,5,59,5,5
TRPJAI2508243a25f07e,2025-08-24,RJ01,repeated,43,553,8,8
TRPVAD250824ce2da8e0,2025-08-24,GJ02,repeated,7,74,7,5
TRPJAI250824212320dc,2025-08-24,RJ01,new,42,541,10,9
TRPIND250824cc3612c6,2025-08-24,MP01,repeated,19,175,9,9
TRPCOI25082442f037b2,2025-08-24,TN01,new,18,167,7,7
TRPJAI250824effb0c09,2025-08-24,RJ01,repeated,23,313,8,9
TRPVAD250824f3338ca6,2025-08-24,GJ02,repeated,13,122,5,8
TRPJAI2508249743ad5b,2025-08-24,RJ01,new,37,481,9,10
TRPKOC250824f1138c3d,2025-08-24,KL01,new,34,405,8,9
TRPSUR250824de5ceb33,2025-08-24,GJ01,repeated,14,131,7,7
TRPVIS250824a94142eb,2025-08-24,AP01,new,12,135,8,8
TRPVAD250824a4dc1316,2025-08-24,GJ02,repeated,18,162,6,5
TRPMYS25082432f850ad,2025-08-24,KA01,new,20,235,9,10
TRPSUR250824eeefacd6,2025-08-24,GJ01,new,7,75,9,8
TRPJAI250824b57e332e,2025-08-24,RJ01,new,15,217,10,9
TRPLUC25082421d6d9f5,2025-08-24,UP01,repeated,12,134,5,5
TRPCHA25082420766ef7,2025-08-24,CH01,repeated,28,278,9,7
TRPLUC2508246096676d,2025-08-24,UP01,repeated,17,179,6,6
TRPLUC2508244880d5c0,2025-08-24,UP01,repeated,16,170,5,8
TRPLUC250824a107a360,2025-08-24,UP01,repeated,7,89,5,8
TRPJAI25082447ea64bf,2025-08-24,RJ01,new,37,481,8,9
TRPJAI2508249578ff3d,2025-08-24,RJ01,new,39,505,8,10
TRPIND250824cab5a398,2025-08-24,MP01,repeated,11,111,7,6
TRPVAD250824e5eccb52,2025-08-24,GJ02,repeated,18,162,7,8
TRPLUC250824a4fb81a6,2025-08-24,UP01,repeated,19,197,5,8
TRPLUC250824087a7292,2025-08-24,UP01,repeated,19,197,7,7
TRPIND250824c94f61fb,2025-08-24,MP01,repeated,16,151,7,9
TRPKOC2508241457fb76,2025-08-24,KL01,new,12,163,10,10
TRPLUC250824f8d47c7a,2025-08-24,UP01,repeated,12,134,7,8
TRPKOC2508247db41f12,2025-08-24,KL01,repeated,15,196,7,8
TRPSUR2508243768e8bb,2025-08-24,GJ01,repeated,16,147,6,7
TRPSUR2508245147ce19,2025-08-24,GJ01,repeated,7,75,6,7
TRPLUC25082430c8d98e,2025-08-24,UP01,repeated,16,170,6,8
TRPJAI250824df6c7506,2025-08-24,RJ01,new,32,421,8,10
TRPJAI250824c7fb4e35,2025-08-24,RJ01,new,40,517,9,8
TRPCOI2508245bf9c965,2025-08-24,TN01,repeated,8,87,6,6
TRPVAD250824b53277ab,2025-08-24,GJ02,repeated,10,98,7,7
TRPSUR25082490896d19,2025-08-24,GJ01,repeated,17,155,6,8
TRPVIS250824a394e45f,2025-08-24,AP01,new,26,261,8,9
TRPLUC250824bb43cb62,2025-08-24,UP01,repeated,18,188,5,6
TRPVAD25082476773221,2025-08-24,GJ02,new,6,66,8,6
TRPLUC2508242287646a,2025-08-24,UP01,repeated,15,161,6,8
TRPLUC2508248139c77e,2025-08-24,UP01,repeated,13,143,6,5
TRPVIS25082455b235d8,2025-08-24,AP01,new,10,117,8,9
TRPLUC2508243db69b22,2025-08-24,UP01,repeated,17,179,6,8
TRPCHA2508241c1d6d01,2025-08-24,CH01,new,28,278,8,7
TRPJAI250824f26b0759,2025-08-24,RJ01,repeated,26,349,9,10
TRPVAD2508248ed8d89c,2025-08-24,GJ02,repeated,14,130,5,5
TRPLUC2508249b77d658,2025-08-24,UP01,repeated,7,89,7,7
TRPCHA250824cca19315,2025-08-24,CH01,repeated,23,233,8,6
TRPCHA2508249847fd2b,2025-08-24,CH01,repeated,25,251,6,9
TRPCHA2508248a9d6c7e,2025-08-24,CH01,new,30,296,9,8
TRPLUC250824d80dfc80,2025-08-24,UP01,repeated,7,89,5,7
TRPJAI2508247b743ef0,2025-08-24,RJ01,repeated,42,541,8,10
TRPSUR250824802511b0,2025-08-24,GJ01,repeated,8,83,5,8
TRPVAD2508243a371f46,2025-08-24,GJ02,repeated,15,138,7,5
TRPVAD2508242e5ce3a3,2025-08-24,GJ02,repeated,14,130,5,7
TRPVAD250824a59d2e4b,2025-08-24,GJ02,repeated,5,58,6,5
TRPLUC25082452feaf84,2025-08-24,UP01,repeated,19,197,7,6
TRPSUR2508243472b5e0,2025-08-24,GJ01,repeated,17,155,7,6
TRPLUC250824229a259c,2025-08-24,UP01,repeated,6,80,6,7
TRPKOC2508246fc83211,2025-08-24,KL01,new,18,229,9,9
TRPSUR2508244ed291ca,2025-08-24,GJ01,new,15,139,9,6
TRPLUC250824d5c8192d,2025-08-24,UP01,repeated,6,80,7,5
TRPJAI25082447252ed6,2025-08-24,RJ01,new,44,565,10,10
TRPVIS2508246040c677,2025-08-24,AP01,new,10,117,9,9
TRPLUC250824f8fb6666,2025-08-24,UP01,repeated,14,152,5,5
TRPSUR2508241688c741,2025-08-24,GJ01,repeated,8,83,7,7
TRPVAD25082457ab33bb,2025-08-24,GJ02,repeated,6,66,7,7
TRPCHA250824d16bb6de,2025-08-24,CH01,repeated,16,170,9,8
TRPCHA250824369741e2,2025-08-24,CH01,new,34,332,9,8
TRPMYS2508244dfced14,2025-08-24,KA01,new,23,265,9,10
TRPJAI250824890fb2f7,2025-08-24,RJ01,new,39,505,8,8
TRPCHA25082422ec2df3,2025-08-24,CH01,repeated,19,197,8,6
TRPKOC2508247825d179,2025-08-24,KL01,new,26,317,8,9
TRPSUR2508243b22280f,2025-08-24,GJ01,repeated,12,115,6,8
TRPVIS2508242e42f8a5,2025-08-24,AP01,new,17,180,9,9
TRPLUC25082461f4e028,2025-08-24,UP01,repeated,6,80,5,6
TRPSUR250824449a959c,2025-08-24,GJ01,repeated,16,147,7,5
TRPLUC2508240a01e2f8,2025-08-24,UP01,repeated,18,188,7,5
TRPLUC250824bb64740a,2025-08-24,UP01,repeated,9,107,5,8
TRPIND2508247eb41e1d,2025-08-24,MP01,repeated,18,167,8,9
TRPLUC250824c0581b18,2025-08-24,UP01,repeated,18,188,6,5
TRPJAI250824ab365de8,2025-08-24,RJ01,new,23,313,8,9
TRPLUC25082452038062,2025-08-24,UP01,new,5,71,7,7
TRPJAI25082400a6645b,2025-08-24,RJ01,repeated,37,481,7,8
TRPCHA250824f27e2cbe,2025-08-24,CH01,repeated,19,197,7,9
TRPLUC250824bcc4a4be,2025-08-24,UP01,new,19,197,8,7
TRPLUC250824a0766e8d,2025-08-24,UP01,repeated,6,80,6,6
TRPCOI250824bb1ad051,2025-08-24,TN01,new,20,183,7,9
TRPMYS2508243177b3a9,2025-08-24,KA01,new,12,155,8,9
TRPCHA2508245ad4dab8,2025-08-24,CH01,new,22,224,9,7
TRPLUC25082491b370ad,2025-08-24,UP01,new,7,89,9,7
TRPIND2508246d1d6518,2025-08-24,MP01,repeated,20,183,6,8
TRPIND2508240d881fcb,2025-08-24,MP01,repeated,18,167,9,6
TRPCHA250824aa5a0b79,2025-08-24,CH01,repeated,34,332,7,6
TRPJAI2508245639d915,2025-08-24,RJ01,new,45,577,8,9
TRPLUC250824b77c9059,2025-08-24,UP01,repeated,16,170,6,6
TRPIND25082402d24684,2025-08-24,MP01,repeated,9,95,8,8
TRPJAI2508242d3fa9d5,2025-08-24,RJ01,repeated,45,577,8,8
TRPCHA250824d337aad9,2025-08-24,CH01,new,12,134,10,9
TRPVAD250824b724b44f,2025-08-24,GJ02,new,8,82,7,7
TRPLUC250824996309b8,2025-08-24,UP01,new,16,170,8,8
TRPLUC25082491ff847f,2025-08-24,UP01,repeated,12,134,7,6
TRPLUC25082461bba8b5,2025-08-24,UP01,repeated,15,161,7,5
TRPCHA2508241d69a090,2025-08-24,CH01,new,25,251,9,9
TRPKOC2508242d109ca8,2025-08-24,KL01,new,20,251,9,8
TRPIND250824c773f48c,2025-08-24,MP01,repeated,16,151,9,6
TRPSUR2508240148ff50,2025-08-24,GJ01,repeated,9,91,6,7
TRPLUC2508242a4793d7,2025-08-24,UP01,repeated,9,107,5,6
TRPSUR250824bd23995c,2025-08-24,GJ01,repeated,9,91,7,6
TRPKOC25082417e209a4,2025-08-24,KL01,new,26,317,8,10
TRPSUR250824ea319f6e,2025-08-24,GJ01,repeated,14,131,5,7
TRPSUR250824a920e9b4,2025-08-24,GJ01,repeated,7,75,7,8
TRPJAI250824b758cdf2,2025-08-24,RJ01,repeated,33,433,9,10
TRPSUR2508247ab5bbc7,2025-08-24,GJ01,repeated,14,131,7,6
TRPCHA25082402459ec8,2025-08-24,CH01,new,27,269,9,9
TRPIND250824c8f7981f,2025-08-24,MP01,repeated,25,223,7,8
TRPSUR25082433437104,2025-08-24,GJ01,new,13,123,8,6
TRPLUC25082459ed15d6,2025-08-24,UP01,repeated,11,125,5,8
TRPLUC250824234e6ab0,2025-08-24,UP01,repeated,11,125,5,5
TRPVAD2508240b8ef5eb,2025-08-24,GJ02,repeated,11,106,6,5
TRPVIS250824d9999808,2025-08-24,AP01,new,14,153,8,8
TRPVAD2508246ebdd7ab,2025-08-24,GJ02,repeated,12,114,7,5
TRPCHA250824c2fc9b7a,2025-08-24,CH01,repeated,20,206,9,6
TRPLUC2508249d9996b9,2025-08-24,UP01,repeated,12,134,6,7
TRPVAD250824117cd42a,2025-08-24,GJ02,repeated,6,66,7,7
TRPCHA250824082fa2c2,2025-08-24,CH01,new,15,161,9,8
TRPKOC25082497695e61,2025-08-24,KL01,repeated,29,350,7,9
TRPCHA25082421ab91a6,2025-08-24,CH01,new,27,269,8,7
TRPLUC25082407178884,2025-08-24,UP01,repeated,5,71,7,5
TRPCHA250824ac18148e,2025-08-24,CH01,new,28,278,9,7
TRPSUR250824e05a7db5,2025-08-24,GJ01,repeated,6,67,7,5
TRPJAI25082488c9a837,2025-08-24,RJ01,repeated,36,469,9,8
TRPMYS250824104a2568,2025-08-24,KA01,new,15,185,9,8
TRPLUC25082450fe5d5a,2025-08-24,UP01,repeated,10,116,7,6
TRPIND250824a4698938,2025-08-24,MP01,repeated,14,135,8,6
TRPLUC2508247026722e,2025-08-24,UP01,new,19,197,7,7
TRPLUC250824618e8806,2025-08-24,UP01,repeated,9,107,6,5
TRPLUC2508244ad6f315,2025-08-24,UP01,repeated,15,161,5,7
TRPKOC25082499a43ad1,2025-08-24,KL01,new,24,295,9,8
TRPVAD2508240e63735d,2025-08-24,GJ02,repeated,16,146,7,6
TRPLUC2508249487da94,2025-08-24,UP01,repeated,5,71,7,5
TRPLUC2508242d799f34,2025-08-24,UP01,repeated,9,107,6,5
TRPJAI25082481fb1fd4,2025-08-24,RJ01,new,34,445,9,8
TRPCOI250824cee91515,2025-08-24,TN01,repeated,18,167,6,9
TRPJAI250824cc6c6a7d,2025-08-24,RJ01,new,33,433,8,10
TRPKOC250824b3c98a4c,2025-08-24,KL01,repeated,27,328,9,8
TRPVAD250824836c86a0,2025-08-24,GJ02,repeated,7,74,5,8
TRPLUC2508247b03ca4b,2025-08-24,UP01,new,16,170,7,7
TRPJAI2508248c672b58,2025-08-24,RJ01,repeated,39,505,7,9
TRPCOI2508243b373bcb,2025-08-24,TN01,repeated,8,87,9,9
TRPLUC25082410f74809,2025-08-24,UP01,repeated,12,134,6,7
TRPJAI250824316f348b,2025-08-24,RJ01,repeated,45,577,7,10
TRPSUR250824ead61649,2025-08-24,GJ01,repeated,14,131,6,7
TRPVIS2508244fd086b9,2025-08-24,AP01,repeated,14,153,7,8
TRPLUC2508241cd99262,2025-08-24,UP01,repeated,20,206,5,8
TRPLUC250824cbed76cc,2025-08-24,UP01,repeated,20,206,7,7
TRPLUC250824697abcef,2025-08-24,UP01,repeated,17,179,5,7
TRPJAI2508248ef8fe6f,2025-08-24,RJ01,repeated,28,373,8,9
TRPKOC2508243f2b6a1c,2025-08-24,KL01,new,28,339,9,9
TRPCHA250824c08ac46f,2025-08-24,CH01,repeated,35,341,8,7
TRPLUC25082431e4666a,2025-08-24,UP01,repeated,19,197,7,5
TRPJAI2508242497ffa3,2025-08-24,RJ01,new,17,241,8,10
TRPIND250824325b9620,2025-08-24,MP01,repeated,8,87,8,7
TRPKOC2508246b1b7825,2025-08-24,KL01,repeated,18,229,9,9
TRPJAI2508244ca4ef90,2025-08-24,RJ01,repeated,37,481,8,8
TRPVIS2508244f0339e1,2025-08-24,AP01,new,19,198,8,8
TRPKOC250824b323e14d,2025-08-24,KL01,new,10,141,9,10
TRPVAD250824c418c983,2025-08-24,GJ02,repeated,10,98,6,7
TRPKOC250824650ed616,2025-08-24,KL01,new,38,449,8,8
TRPJAI2508243f18c385,2025-08-24,RJ01,new,15,217,8,10
TRPSUR250824ac75e082,2025-08-24,GJ01,repeated,11,107,6,6
TRPCOI250824e7f7bbc5,2025-08-24,TN01,repeated,15,143,9,9
TRPVIS2508249cbc0083,2025-08-24,AP01,repeated,27,270,8,8
TRPVIS250824952ec4e4,2025-08-24,AP01,new,29,288,9,10
TRPSUR2508245964d112,2025-08-24,GJ01,repeated,14,131,5,7
TRPLUC25082424f8abf3,2025-08-24,UP01,repeated,12,134,7,8
TRPJAI25082433eda464,2025-08-24,RJ01,repeated,21,289,8,9
TRPIND2508247c71f2ae,2025-08-24,MP01,repeated,18,167,8,8
TRPCHA2508245e23a23b,2025-08-24,CH01,new,15,161,7,8
TRPLUC250824a64d894f,2025-08-24,UP01,repeated,14,152,7,5
TRPLUC250824a6450771,2025-08-24,UP01,new,18,188,8,8
TRPIND2508244b3b8c60,2025-08-24,MP01,repeated,16,151,9,6
TRPSUR2508249c8a0be1,2025-08-24,GJ01,repeated,5,59,5,7
TRPJAI250824e8d6f32e,2025-08-24,RJ01,repeated,36,469,9,8
TRPVAD250824ef4cddac,2025-08-24,GJ02,new,15,138,9,6
TRPKOC2508245351d945,2025-08-24,KL01,new,21,262,10,10
TRPLUC2508245323ef90,2025-08-24,UP01,repeated,8,98,6,5
TRPLUC2508245f0a93ad,2025-08-24,UP01,repeated,10,116,6,7
TRPCOI2508248b5860cb,2025-08-24,TN01,repeated,15,143,8,9
TRPSUR250824df2abb15,2025-08-24,GJ01,repeated,14,131,5,5
TRPCOI250824b02484da,2025-08-24,TN01,new,11,111,7,8
TRPLUC250824069d58d7,2025-08-24,UP01,new,7,89,8,7
TRPIND250824c4e18577,2025-08-24,MP01,repeated,10,103,8,6
TRPSUR250824c8e87d4d,2025-08-24,GJ01,new,14,131,9,8
TRPVIS250824bf296b82,2025-08-24,AP01,new,24,243,8,8
TRPSUR2508247e33fc84,2025-08-24,GJ01,new,17,155,8,8
TRPJAI2508240e198d53,2025-08-24,RJ01,repeated,16,229,7,9
TRPVIS250824aa0f288b,2025-08-24,AP01,repeated,32,315,9,10
TRPJAI250824dc14bbfc,2025-08-24,RJ01,new,20,277,10,9
TRPVAD250824759e4b9a,2025-08-24,GJ02,repeated,17,154,7,7
TRPVIS250824606fc92f,2025-08-24,AP01,repeated,23,234,9,9
TRPLUC2508241b105736,2025-08-24,UP01,repeated,20,206,6,8
TRPKOC2508244ac96d25,2025-08-24,KL01,new,26,317,8,8
TRPJAI25082421e52a9b,2025-08-24,RJ01,repeated,34,445,8,9
TRPLUC250824bd403cea,2025-08-24,UP01,repeated,5,71,6,8
TRPCOI25082486f2866b,2025-08-24,TN01,repeated,11,111,6,7
TRPLUC250824b4d8e9fa,2025-08-24,UP01,repeated,20,206,5,6
TRPVAD250824c48f8b1e,2025-08-24,GJ02,repeated,17,154,7,8
TRPLUC2508248a21a12f,2025-08-24,UP01,repeated,10,116,5,5
TRPCOI250824c43b425e,2025-08-24,TN01,repeated,15,143,8,6
TRPSUR2508245d09caad,2025-08-24,GJ01,repeated,16,147,6,6
TRPSUR2508245c66245e,2025-08-24,GJ01,new,10,99,9,7
TRPSUR250824309a20f9,2025-08-24,GJ01,new,14,131,7,6
TRPIND2508242e936986,2025-08-24,MP01,repeated,11,111,8,9
TRPIND250824a55f37de,2025-08-24,MP01,repeated,15,143,7,7
TRPVIS2508246425d14d,2025-08-24,AP01,new,12,135,8,10
TRPIND250824f3f4d842,2025-08-24,MP01,repeated,16,151,8,8
TRPLUC250824c85ef176,2025-08-24,UP01,repeated,10,116,7,8
TRPVAD2508247aab9776,2025-08-24,GJ02,repeated,13,122,5,7
TRPLUC25082462b37566,2025-08-24,UP01,repeated,20,206,6,7
TRPVIS250824a12d7f5c,2025-08-24,AP01,new,12,135,8,10
TRPSUR250824aaea2eed,2025-08-24,GJ01,repeated,7,75,5,6
TRPCHA250824a8ca5974,2025-08-24,CH01,repeated,28,278,7,6
TRPCOI250824cc636c75,2025-08-24,TN01,repeated,21,191,7,6
TRPIND25082481df7815,2025-08-24,MP01,repeated,10,103,7,8
TRPJAI2508242e0dd12f,2025-08-24,RJ01,new,16,229,10,9
TRPSUR2508246421bdce,2025-08-24,GJ01,repeated,15,139,7,6
TRPKOC250824fd7bb652,2025-08-24,KL01,repeated,34,405,9,10
TRPVAD250824ed46ea99,2025-08-24,GJ02,repeated,7,74,6,7
TRPIND250824cab8e1a4,2025-08-24,MP01,repeated,19,175,6,8
TRPLUC2508246f1a1762,2025-08-24,UP01,repeated,9,107,6,6
TRPLUC250824110385d3,2025-08-24,UP01,repeated,14,152,7,5
TRPLUC2508245232dc9b,2025-08-24,UP01,repeated,5,71,5,5
TRPLUC250824d70cd9ff,2025-08-24,UP01,repeated,19,197,6,8
TRPIND2508244a728b0e,2025-08-24,MP01,repeated,13,127,8,9
TRPCHA250824e3d43ae3,2025-08-24,CH01,new,16,170,10,7
TRPSUR250824c732f734,2025-08-24,GJ01,repeated,6,67,7,7
TRPVAD250824827ac805,2025-08-24,GJ02,repeated,7,74,6,7
TRPKOC250824e4e45e6e,2025-08-24,KL01,repeated,10,141,7,8
TRPLUC2508248262820d,2025-08-24,UP01,new,7,89,9,8
TRPJAI25082490159a3b,2025-08-24,RJ01,new,45,577,8,9
TRPLUC25082477e4b50a,2025-08-24,UP01,repeated,14,152,5,7
TRPLUC25082402745c06,2025-08-24,UP01,repeated,10,116,6,5
TRPKOC2508249f60f79b,2025-08-24,KL01,new,21,262,10,8
TRPJAI250824088ef67a,2025-08-24,RJ01,repeated,33,433,8,10
TRPKOC250824479092b0,2025-08-24,KL01,repeated,37,438,8,8
TRPSUR250824e1f7d003,2025-08-24,GJ01,repeated,10,99,7,7
TRPLUC250824b26ae62d,2025-08-24,UP01,repeated,8,98,6,7
TRPVAD250824d3a06667,2025-08-24,GJ02,repeated,8,82,6,6
TRPSUR250824c99acede,2025-08-24,GJ01,repeated,8,83,6,8
TRPLUC2508244e65b3f8,2025-08-24,UP01,repeated,10,116,6,7
TRPJAI250824b4c68006,2025-08-24,RJ01,repeated,16,229,7,8
TRPIND25082463208abe,2025-08-24,MP01,repeated,15,143,9,6
TRPJAI25082455507db3,2025-08-24,RJ01,new,17,241,8,9
TRPLUC250824cfbc30b7,2025-08-24,UP01,new,7,89,9,7
TRPSUR2508240d6b8a3f,2025-08-24,GJ01,new,17,155,7,6
TRPMYS2508241f87b163,2025-08-24,KA01,new,15,185,9,8
TRPLUC250824ad1ec239,2025-08-24,UP01,repeated,15,161,6,8
TRPLUC250824d5595eaf,2025-08-24,UP01,new,14,152,9,7
TRPCHA250824c6fda484,2025-08-24,CH01,new,14,152,8,9
TRPLUC25082404aedd4f,2025-08-24,UP01,new,17,179,7,6
TRPLUC250824a1c70633,2025-08-24,UP01,repeated,19,197,7,8
TRPLUC2508245e538cc4,2025-08-24,UP01,repeated,20,206,7,8
TRPVIS2508249fe78d8b,2025-08-24,AP01,repeated,19,198,9,10
TRPSUR2508240e0cf6dd,2025-08-24,GJ01,new,17,155,8,8
TRPLUC2508248cc8b1b8,2025-08-24,UP01,repeated,8,98,7,6
TRPCHA250824ea11252c,2025-08-24,CH01,new,32,314,9,7
TRPLUC250824cff0f2c1,2025-08-24,UP01,repeated,15,161,7,8
TRPVAD250824db4e0e31,2025-08-24,GJ02,repeated,17,154,7,5
TRPCOI250824694d1708,2025-08-24,TN01,repeated,14,135,6,6
TRPVIS25082413046e4f,2025-08-24,AP01,new,21,216,10,9
TRPVAD25082443a21c90,2025-08-24,GJ02,repeated,18,162,6,8
TRPCHA25082450ba7b4f,2025-08-24,CH01,repeated,26,260,9,8
TRPVAD250824f225b3db,2025-08-24,GJ02,new,18,162,9,7
TRPLUC250824079a0200,2025-08-24,UP01,repeated,8,98,6,8
TRPJAI25082490ffeb33,2025-08-24,RJ01,repeated,41,529,9,9
TRPMYS2508247f6e2139,2025-08-24,KA01,new,25,285,8,8
TRPLUC250824f73fd6c4,2025-08-24,UP01,repeated,14,152,6,6
TRPLUC250824677d0f0d,2025-08-24,UP01,new,8,98,8,6
TRPJAI25082446a50490,2025-08-24,RJ01,repeated,42,541,8,8
TRPVAD250824555ee662,2025-08-24,GJ02,repeated,18,162,7,8
TRPSUR25082488d6b373,2025-08-24,GJ01,repeated,7,75,6,5
TRPLUC2508248b1c918d,2025-08-24,UP01,repeated,7,89,7,7
TRPVIS2508243e20f9bb,2025-08-24,AP01,new,33,324,9,10
TRPSUR2508244f55a515,2025-08-24,GJ01,repeated,12,115,7,6
TRPVIS25082400e4bb39,2025-08-24,AP01,new,14,153,10,10
TRPJAI250824faf273f3,2025-08-24,RJ01,repeated,36,469,8,8
TRPJAI25082436ec7681,2025-08-24,RJ01,new,21,289,8,8
TRPCOI250824c1b9cba7,2025-08-24,TN01,repeated,22,199,9,9
TRPLUC250824ca54b09b,2025-08-24,UP01,repeated,9,107,6,6
TRPSUR2508246a24b194,2025-08-24,GJ01,repeated,11,107,5,5
TRPIND250824a430baf8,2025-08-24,MP01,repeated,22,199,7,8
TRPJAI2508246d7313e6,2025-08-24,RJ01,new,39,505,10,9
TRPKOC2508242903e96e,2025-08-24,KL01,repeated,13,174,9,9
TRPLUC2508240c69b574,2025-08-24,UP01,repeated,8,98,7,8
TRPCOI250824651fe29e,2025-08-24,TN01,repeated,20,183,9,8
TRPVAD250824b203fc7e,2025-08-24,GJ02,new,16,146,9,7
TRPSUR250824217217dc,2025-08-24,GJ01,repeated,14,131,7,6
TRPIND25082496b7c730,2025-08-24,MP01,new,23,207,10,9
TRPJAI250824a87a9faa,2025-08-24,RJ01,new,43,553,8,8
TRPSUR250824d9f3ec9b,2025-08-24,GJ01,new,10,99,8,6
TRPIND25082475412324,2025-08-24,MP01,new,16,151,8,8
TRPLUC250824f67a5a94,2025-08-24,UP01,repeated,8,98,5,7
TRPCOI250824706f2bac,2025-08-24,TN01,repeated,10,103,7,9
TRPLUC250824030607b6,2025-08-24,UP01,repeated,11,125,5,5
TRPIND250824c889d606,2025-08-24,MP01,new,20,183,10,9
TRPLUC25082494d754d1,2025-08-24,UP01,repeated,7,89,5,5
TRPSUR2508246e7accba,2025-08-24,GJ01,repeated,7,75,5,5
TRPSUR250824036c8489,2025-08-24,GJ01,new,6,67,9,7
TRPLUC2508247a27ea0c,2025-08-24,UP01,repeated,13,143,6,6
TRPJAI250824165ab3ba,2025-08-24,RJ01,new,31,409,8,8
TRPJAI2508246e9530eb,2025-08-24,RJ01,repeated,15,217,7,10
TRPSUR25082448fdd541,2025-08-24,GJ01,repeated,5,59,6,6
TRPIND2508244235890c,2025-08-24,MP01,repeated,12,119,9,9
TRPCHA2508248c8b2501,2025-08-24,CH01,new,24,242,9,9
TRPSUR250824fd5e8d3e,2025-08-24,GJ01,repeated,16,147,5,8
TRPJAI25082402ba9d75,2025-08-24,RJ01,new,23,313,10,8
TRPIND2508246259944a,2025-08-24,MP01,repeated,23,207,8,8
TRPJAI25082493152ddb,2025-08-24,RJ01,repeated,36,469,8,9
TRPJAI2508242400e713,2025-08-24,RJ01,repeated,45,577,7,9
TRPMYS25082417ceadc1,2025-08-24,KA01,new,22,255,8,10
TRPLUC250824385dd166,2025-08-24,UP01,repeated,15,161,5,5
TRPIND2508244cd83dd0,2025-08-24,MP01,repeated,17,159,8,6
TRPLUC2508246f5f364e,2025-08-24,UP01,repeated,12,134,5,7
TRPJAI2508242af05e46,2025-08-24,RJ01,repeated,45,577,7,10
TRPSUR25082419cef57f,2025-08-24,GJ01,repeated,15,139,6,8
TRPSUR2508245145307b,2025-08-24,GJ01,repeated,8,83,5,7
TRPLUC250824bc0c98d0,2025-08-24,UP01,new,16,170,9,6
TRPIND2508242de54fe1,2025-08-24,MP01,repeated,23,207,8,7
TRPCHA2508243bcbc8ad,2025-08-24,CH01,new,23,233,7,8
TRPLUC250824ce71fff4,2025-08-24,UP01,new,8,98,9,6
TRPLUC250824ff325cf7,2025-08-24,UP01,repeated,15,161,7,8
TRPSUR250824fb399398,2025-08-24,GJ01,new,16,147,9,7
TRPKOC250824b096fb94,2025-08-24,KL01,new,20,251,10,8
TRPLUC250824415fe5f4,2025-08-24,UP01,repeated,19,197,6,5
TRPCOI250824af17bc86,2025-08-24,TN01,new,14,135,8,8
TRPJAI25082486dc1c3b,2025-08-24,RJ01,new,43,553,9,9
TRPIND2508245619e13b,2025-08-24,MP01,repeated,23,207,8,9
TRPSUR25082431cb8373,2025-08-24,GJ01,repeated,12,115,5,5
TRPKOC2508247c9cbe1f,2025-08-24,KL01,new,31,372,9,10
TRPKOC25082458a94bcd,2025-08-24,KL01,new,24,295,10,9
TRPLUC2508245a02eba0,2025-08-24,UP01,repeated,18,188,7,8
TRPVAD250824e583f87a,2025-08-24,GJ02,repeated,16,146,5,7
TRPJAI2508247c35efa1,2025-08-24,RJ01,new,22,301,10,9
TRPJAI250824712adaf9,2025-08-24,RJ01,new,37,481,10,8
TRPVAD25082470e6fe97,2025-08-24,GJ02,repeated,5,58,5,8
TRPLUC250824581ec68a,2025-08-24,UP01,repeated,20,206,6,8
TRPIND2508249776e0a7,2025-08-24,MP01,repeated,24,215,6,9
TRPJAI250824a9d3c8ab,2025-08-24,RJ01,new,26,349,9,10
TRPSUR250824f9cf45d0,2025-08-24,GJ01,repeated,11,107,7,5
TRPSUR250824a36c25c7,2025-08-24,GJ01,repeated,16,147,6,7
TRPCHA250824c64851af,2025-08-24,CH01,repeated,14,152,8,7
TRPIND250824efd2205d,2025-08-24,MP01,repeated,13,127,6,8
TRPSUR2508249e580906,2025-08-24,GJ01,repeated,5,59,7,5
TRPLUC25082416f754ac,2025-08-24,UP01,repeated,6,80,7,7
TRPIND250824f6dc2de5,2025-08-24,MP01,repeated,18,167,7,8
TRPJAI250824710d9027,2025-08-24,RJ01,new,19,265,10,9
TRPJAI250824d919cfde,2025-08-24,RJ01,repeated,35,457,7,9
TRPSUR25082489262d43,2025-08-24,GJ01,repeated,15,139,5,7
TRPLUC2508242414b3f7,2025-08-24,UP01,repeated,17,179,5,7
TRPSUR250824e61227be,2025-08-24,GJ01,new,5,59,8,8
TRPCOI250824998b1131,2025-08-24,TN01,repeated,15,143,7,8
TRPCHA2508246459100b,2025-08-24,CH01,repeated,35,341,6,9
TRPSUR2508245a7d0b51,2025-08-24,GJ01,repeated,9,91,5,5
TRPVAD2508244e69dddf,2025-08-24,GJ02,repeated,15,138,7,7
TRPLUC250824880a8b8c,2025-08-24,UP01,new,5,71,8,7
TRPIND25082463dfc188,2025-08-24,MP01,new,14,135,7,7
TRPMYS250824ac5d2919,2025-08-24,KA01,new,8,115,10,8
TRPLUC2508247bdc1b5d,2025-08-24,UP01,repeated,16,170,6,6
TRPVIS25082462416acd,2025-08-24,AP01,repeated,22,225,9,10
TRPLUC25082486e25394,2025-08-24,UP01,new,14,152,8,7
TRPLUC2508240a335926,2025-08-24,UP01,repeated,18,188,5,7
TRPLUC250824fb8a5e1f,2025-08-24,UP01,repeated,10,116,6,8
TRPLUC25082452605ef8,2025-08-24,UP01,repeated,11,125,7,7
TRPIND25082457db439d,2025-08-24,MP01,new,8,87,8,8
TRPKOC250824d73b10f6,2025-08-24,KL01,repeated,30,361,9,8
TRPLUC2508243f23d0b1,2025-08-24,UP01,repeated,10,116,6,7
TRPCHA250824f45d7f82,2025-08-24,CH01,repeated,24,242,6,7
TRPLUC250824b410863a,2025-08-24,UP01,repeated,18,188,7,7
TRPCOI250824423c9944,2025-08-24,TN01,new,11,111,8,7
TRPKOC2508241ef49632,2025-08-24,KL01,repeated,35,416,8,8
TRPVIS250824cee25991,2025-08-24,AP01,new,18,189,8,9
TRPSUR2508240be790b9,2025-08-24,GJ01,repeated,12,115,5,6
TRPKOC2508240a63662e,2025-08-24,KL01,repeated,14,185,8,9
TRPVAD25082403924ddb,2025-08-24,GJ02,repeated,12,114,7,6
TRPSUR250824625ab230,2025-08-24,GJ01,new,7,75,9,8
TRPSUR250824e750c207,2025-08-24,GJ01,repeated,5,59,5,6
TRPJAI25082493778e51,2025-08-24,RJ01,new,25,337,10,9
TRPSUR250824a4c60d6a,2025-08-24,GJ01,repeated,16,147,5,6
TRPSUR2508243494cf68,2025-08-24,GJ01,new,9,91,9,6
TRPCHA250824baa2367b,2025-08-24,CH01,new,16,170,7,7
TRPLUC25082464c4b626,2025-08-24,UP01,repeated,20,206,6,6
TRPMYS2508245437b5d4,2025-08-24,KA01,repeated,11,145,9,9
TRPKOC250824d3b93713,2025-08-24,KL01,repeated,35,416,8,10
TRPJAI250824729b8996,2025-08-24,RJ01,repeated,38,493,8,10
TRPKOC2508249b8d0c53,2025-08-24,KL01,new,14,185,10,8
TRPCHA2508247b51aedf,2025-08-24,CH01,new,25,251,7,8
TRPLUC2508243785620b,2025-08-24,UP01,new,19,197,9,7
TRPKOC2508242c391cfc,2025-08-24,KL01,repeated,20,251,7,8
TRPLUC250824644f99b5,2025-08-24,UP01,repeated,5,71,7,8
TRPJAI250824fae2c1e8,2025-08-24,RJ01,new,32,421,10,9
TRPVAD250824c48e79a2,2025-08-24,GJ02,repeated,5,58,7,6
TRPVIS25082421fba034,2025-08-24,AP01,repeated,31,306,7,9
TRPCHA25082483444a5d,2025-08-24,CH01,repeated,32,314,8,9
TRPLUC250824aed82330,2025-08-24,UP01,new,19,197,9,7
TRPSUR2508247b32520d,2025-08-24,GJ01,repeated,14,131,7,7
TRPKOC25082463336a19,2025-08-24,KL01,new,12,163,9,9
TRPCOI250824ad007a26,2025-08-24,TN01,repeated,18,167,6,6
TRPLUC2508242e67af86,2025-08-24,UP01,repeated,17,179,5,6
TRPIND2508249a45cbe2,2025-08-24,MP01,repeated,18,167,6,7
TRPSUR25082459f2e8a5,2025-08-24,GJ01,repeated,10,99,6,5
TRPLUC2508241d0c86f7,2025-08-24,UP01,repeated,18,188,7,5
TRPLUC250824b6c8d625,2025-08-24,UP01,new,5,71,7,6
TRPSUR250824bb0ac03b,2025-08-24,GJ01,repeated,8,83,7,6
TRPIND25082448cbdbec,2025-08-24,MP01,repeated,20,183,9,7
TRPJAI2508248a5e17eb,2025-08-24,RJ01,new,33,433,8,9
TRPLUC2508244af77d3d,2025-08-24,UP01,new,13,143,7,7
TRPIND25082454619727,2025-08-24,MP01,repeated,18,167,8,6
TRPVIS250824c735657e,2025-08-24,AP01,repeated,28,279,8,8
TRPLUC250824c94640cf,2025-08-24,UP01,repeated,12,134,5,8
TRPLUC2508240e42cadf,2025-08-24,UP01,repeated,9,107,7,8
TRPVAD250824b44b753c,2025-08-24,GJ02,repeated,6,66,5,6
TRPCOI25082479d19e32,2025-08-24,TN01,repeated,21,191,9,6
TRPJAI2508242c8c79ce,2025-08-24,RJ01,new,33,433,8,10
TRPJAI25082437564678,2025-08-24,RJ01,repeated,37,481,8,8
TRPVAD250824c3c4c499,2025-08-24,GJ02,repeated,6,66,6,6
TRPJAI250824825b8ea3,2025-08-24,RJ01,new,31,409,10,8
TRPSUR250824b305eb41,2025-08-24,GJ01,repeated,8,83,5,5
TRPCOI2508240ee258ff,2025-08-24,TN01,repeated,16,151,8,8
TRPIND2508242b04e531,2025-08-24,MP01,repeated,25,223,6,9
TRPKOC250824cf771b48,2025-08-24,KL01,new,20,251,9,10
TRPLUC250824809f18e7,2025-08-24,UP01,repeated,16,170,5,7
TRPLUC250824ef9f941a,2025-08-24,UP01,repeated,6,80,5,6
TRPMYS25082402b96d5b,2025-08-24,KA01,new,22,255,9,10
TRPKOC250824995deff2,2025-08-24,KL01,new,15,196,8,9
TRPVIS250824c8fe723e,2025-08-24,AP01,new,34,333,9,9
TRPSUR2508248dc57909,2025-08-24,GJ01,new,12,115,8,8
TRPCOI2508245b2dfdff,2025-08-24,TN01,repeated,13,127,8,7
TRPCHA250824cd771e33,2025-08-24,CH01,new,12,134,7,8
TRPCOI2508240b72a8c3,2025-08-24,TN01,repeated,10,103,6,7
TRPJAI25082446b49034,2025-08-24,RJ01,new,32,421,8,10
TRPVAD250824abc189f9,2025-08-24,GJ02,repeated,16,146,6,5
TRPLUC25082417a18941,2025-08-24,UP01,repeated,15,161,7,7
TRPCHA25082430e5ac59,2025-08-24,CH01,repeated,18,188,7,6
TRPKOC250824b3a8666b,2025-08-24,KL01,new,24,295,10,10
TRPKOC2508240a5a725e,2025-08-24,KL01,new,29,350,10,9
TRPJAI250824851221e5,2025-08-24,RJ01,repeated,36,469,8,8
TRPLUC2508241ce86710,2025-08-24,UP01,new,10,116,7,8
TRPVAD250824b757f19c,2025-08-24,GJ02,new,16,146,7,6
TRPJAI250824b1f75ab1,2025-08-24,RJ01,repeated,33,433,7,9
TRPCHA2508240d602c2e,2025-08-24,CH01,new,14,152,8,8
TRPCHA250824278387ec,2025-08-24,CH01,new,27,269,9,7
TRPIND250824a4bcef72,2025-08-24,MP01,new,18,167,10,8
TRPJAI250824f69cb9a7,2025-08-24,RJ01,repeated,21,289,9,8
TRPMYS2508247f83dc2b,2025-08-24,KA01,new,14,175,10,8
TRPVIS2508248be757dc,2025-08-24,AP01,new,22,225,10,9
TRPJAI2508249bdbdc7f,2025-08-24,RJ01,new,30,397,10,10
TRPJAI250824023ac24c,2025-08-24,RJ01,new,20,277,8,8
TRPJAI25082431ef64c0,2025-08-24,RJ01,new,32,421,10,10
TRPCOI250824b531e454,2025-08-24,TN01,repeated,18,167,8,9
TRPKOC250824ed56480e,2025-08-24,KL01,repeated,33,394,7,8
TRPCOI25082408a129d3,2025-08-24,TN01,new,19,175,9,9
TRPLUC2508247c165040,2025-08-24,UP01,repeated,14,152,5,5
TRPVAD250824f571615f,2025-08-24,GJ02,new,13,122,8,7
TRPJAI250824c013fef1,2025-08-24,RJ01,repeated,40,517,9,8
TRPKOC250824cefd62d7,2025-08-24,KL01,new,23,284,9,10
TRPJAI250824d43aacb3,2025-08-24,RJ01,repeated,37,481,7,10
TRPLUC25082400529339,2025-08-24,UP01,repeated,19,197,6,6
TRPSUR25082429aea5a2,2025-08-24,GJ01,new,10,99,8,7
TRPCOI25082471808110,2025-08-24,TN01,new,21,191,8,9
TRPSUR250824cae7f483,2025-08-24,GJ01,repeated,17,155,6,5
TRPSUR2508245946c3f1,2025-08-24,GJ01,repeated,10,99,5,7
TRPVIS25082450742d81,2025-08-24,AP01,repeated,11,126,9,10
TRPCHA2508243cfa29d1,2025-08-24,CH01,new,24,242,9,9
TRPKOC250824b40fe314,2025-08-24,KL01,repeated,25,306,8,10
TRPVAD250824442f5f3a,2025-08-24,GJ02,repeated,16,146,5,6
TRPLUC250824aebfeca6,2025-08-24,UP01,new,17,179,8,7
TRPJAI250824aea3ae9b,2025-08-24,RJ01,repeated,16,229,8,9
TRPVAD250824bd63fe97,2025-08-24,GJ02,new,12,114,7,8
TRPCOI2508249fe7a692,2025-08-24,TN01,repeated,13,127,7,6
TRPSUR2508244619bd9f,2025-08-24,GJ01,new,11,107,7,6
TRPJAI25082409923ed4,2025-08-24,RJ01,new,43,553,8,10
TRPVIS250824c352e27a,2025-08-24,AP01,repeated,28,279,9,8
TRPVIS2508241f32c00a,2025-08-24,AP01,repeated,18,189,8,10
TRPVAD2508243f6bcb20,2025-08-24,GJ02,repeated,14,130,6,7
TRPSUR250824a6dc86ca,2025-08-24,GJ01,repeated,5,59,5,6
TRPLUC250824795d1320,2025-08-24,UP01,repeated,11,125,6,8
TRPLUC250824c2c640e7,2025-08-24,UP01,repeated,16,170,7,6
TRPJAI2508240f189cac,2025-08-24,RJ01,new,42,541,10,10
TRPIND250824c085e2ea,2025-08-24,MP01,new,16,151,9,9
TRPSUR250824fb8a8656,2025-08-24,GJ01,new,8,83,7,8
TRPJAI250824dbd3525f,2025-08-24,RJ01,new,33,433,9,8
TRPJAI250824dabc8496,2025-08-24,RJ01,repeated,43,553,8,8
TRPCHA2508243445d819,2025-08-24,CH01,repeated,21,215,8,8
TRPJAI25082493d7cbcd,2025-08-24,RJ01,repeated,20,277,7,9
TRPLUC2508244a787586,2025-08-24,UP01,new,14,152,7,7
TRPSUR250824cd10191f,2025-08-24,GJ01,repeated,15,139,7,5
TRPSUR2508245febf646,2025-08-24,GJ01,repeated,14,131,5,7
TRPCHA2508245c7a3b17,2025-08-24,CH01,repeated,28,278,9,9
TRPKOC250824354803a2,2025-08-24,KL01,repeated,11,152,9,8
TRPVAD250824f3fc392e,2025-08-24,GJ02,repeated,13,122,7,7
TRPLUC250824f79c130e,2025-08-24,UP01,repeated,5,71,7,5
TRPMYS25082478dc840b,2025-08-24,KA01,repeated,25,285,7,8
TRPJAI25082487e4f051,2025-08-24,RJ01,new,32,421,9,9
TRPCOI2508246a3e47af,2025-08-24,TN01,repeated,22,199,6,6
TRPJAI250824c255706b,2025-08-24,RJ01,repeated,31,409,8,10
TRPLUC25082451e059e5,2025-08-24,UP01,repeated,13,143,5,7
TRPVIS2508241fb0fe66,2025-08-24,AP01,repeated,33,324,7,9
TRPJAI25082449821cb0,2025-08-24,RJ01,new,33,433,8,9
TRPCOI250824094e06b3,2025-08-24,TN01,new,13,127,8,8
TRPSUR2508244d62d056,2025-08-24,GJ01,repeated,12,115,6,6
TRPCHA250824db99d7e6,2025-08-24,CH01,new,18,188,10,8
TRPLUC25082414df8f62,2025-08-24,UP01,repeated,12,134,7,5
TRPSUR250824b0246269,2025-08-24,GJ01,new,10,99,9,7
TRPCHA250824749d1a76,2025-08-24,CH01,repeated,31,305,6,7
TRPIND2508240fde22b1,2025-08-24,MP01,repeated,19,175,9,9
TRPJAI250824262a6136,2025-08-24,RJ01,new,41,529,8,8
TRPIND2508243cd535fc,2025-08-24,MP01,repeated,10,103,9,9
TRPVIS250824a9824222,2025-08-24,AP01,new,33,324,9,8
TRPJAI250824b7367dc3,2025-08-24,RJ01,new,24,325,9,9
TRPKOC25082405477349,2025-08-24,KL01,repeated,11,152,9,8
TRPCHA250824f4230b08,2025-08-24,CH01,new,16,170,8,7
TRPKOC250824f77b412b,2025-08-24,KL01,new,29,350,9,8
TRPJAI25082427715663,2025-08-24,RJ01,repeated,22,301,9,9
TRPLUC25082460688b06,2025-08-24,UP01,repeated,17,179,5,5
TRPIND250824060bbeef,2025-08-24,MP01,new,12,119,10,8
TRPSUR2508245606813d,2025-08-24,GJ01,repeated,11,107,6,8
TRPVIS250824b3bc24a7,2025-08-24,AP01,repeated,17,180,8,8
TRPSUR250824f937683b,2025-08-24,GJ01,new,10,99,8,7
TRPIND250824caac2f43,2025-08-24,MP01,new,17,159,8,8
TRPSUR25082452065f86,2025-08-24,GJ01,repeated,17,155,7,8
TRPJAI25082486afc979,2025-08-24,RJ01,new,41,529,8,9
TRPLUC25082489ae0e6a,2025-08-24,UP01,new,12,134,7,6
TRPLUC2508242d15a067,2025-08-24,UP01,repeated,9,107,5,6
TRPLUC2508241bdd932d,2025-08-24,UP01,repeated,20,206,7,7
TRPLUC250824e3f3ef2f,2025-08-24,UP01,repeated,16,170,5,6
TRPLUC250824160a3f7e,2025-08-24,UP01,repeated,5,71,6,6
TRPJAI250824e535f29f,2025-08-24,RJ01,repeated,30,397,8,8
TRPCHA250824f4366fe3,2025-08-24,CH01,new,19,197,10,9
TRPLUC2508240f542597,2025-08-24,UP01,repeated,12,134,6,8
TRPCHA2508240bd85e34,2025-08-24,CH01,repeated,15,161,8,6
TRPCOI25082418cbed4a,2025-08-24,TN01,repeated,17,159,9,9
TRPIND250824b6cc883f,2025-08-24,MP01,repeated,11,111,9,9
TRPLUC25082409026848,2025-08-24,UP01,repeated,11,125,5,5
TRPSUR250824bf840f7f,2025-08-24,GJ01,repeated,12,115,6,5
TRPVAD250824d95e6ff3,2025-08-24,GJ02,new,6,66,8,7
TRPVAD250824917560c5,2025-08-24,GJ02,new,5,58,7,7
TRPJAI2508242ace8d0a,2025-08-24,RJ01,new,39,505,10,9
TRPVIS250824980e472b,2025-08-24,AP01,repeated,30,297,8,9
TRPVIS250824e21233c2,2025-08-24,AP01,repeated,24,243,8,9
TRPVIS2508243551a5f5,2025-08-24,AP01,new,18,189,10,10
TRPIND2508247e7a2be1,2025-08-24,MP01,repeated,25,223,6,7
TRPSUR2508248b507c00,2025-08-24,GJ01,repeated,9,91,5,6
TRPJAI2508248ca05b1a,2025-08-24,RJ01,repeated,27,361,8,9
TRPJAI250824a1cab240,2025-08-24,RJ01,new,38,493,9,8
TRPVAD25082492083c38,2025-08-24,GJ02,repeated,11,106,5,8
TRPJAI2508247cb3eb6b,2025-08-24,RJ01,repeated,21,289,8,10
TRPLUC2508246c65b24b,2025-08-24,UP01,repeated,6,80,5,8
TRPLUC250824b50711b1,2025-08-24,UP01,repeated,11,125,6,7
TRPLUC25082415921290,2025-08-24,UP01,repeated,5,71,6,8
TRPJAI25082431b00be9,2025-08-24,RJ01,new,38,493,10,8
TRPLUC250824467f5a95,2025-08-24,UP01,repeated,11,125,5,6
TRPLUC25082402496e42,2025-08-24,UP01,repeated,12,134,6,7
TRPVAD25082470ad6256,2025-08-24,GJ02,repeated,6,66,5,5
TRPIND2508247ef4347f,2025-08-24,MP01,repeated,15,143,6,8
TRPSUR25082426c5ef17,2025-08-24,GJ01,repeated,10,99,7,8
TRPMYS250824f90942ff,2025-08-24,KA01,new,18,215,10,8
TRPLUC250824e1c58e74,2025-08-24,UP01,repeated,18,188,7,6
TRPLUC25082448087932,2025-08-24,UP01,repeated,10,116,7,7
TRPCHA2508246831b395,2025-08-24,CH01,new,31,305,9,7
TRPMYS250824db6ad44e,2025-08-24,KA01,new,9,125,9,9
TRPKOC250824d5360cde,2025-08-24,KL01,repeated,25,306,7,8
TRPLUC25082431c02ba3,2025-08-24,UP01,repeated,8,98,5,6
TRPCHA25082431ace2de,2025-08-24,CH01,new,12,134,7,7
TRPJAI250824f1e5d3b7,2025-08-24,RJ01,repeated,34,445,8,8
TRPKOC250824802c7c35,2025-08-24,KL01,repeated,36,427,9,9
TRPJAI250824ad2bec7d,2025-08-24,RJ01,new,23,313,8,10
TRPJAI2508241420b49d,2025-08-24,RJ01,repeated,20,277,8,8
TRPLUC250824819f6e3e,2025-08-24,UP01,repeated,7,89,7,5
TRPVAD250824aa1d0281,2025-08-24,GJ02,repeated,6,66,7,5
TRPJAI250824d39d8451,2025-08-24,RJ01,repeated,43,553,7,8
TRPCOI2508249d41b08b,2025-08-24,TN01,repeated,21,191,6,7
TRPLUC250824fcc2b46f,2025-08-24,UP01,repeated,6,80,6,6
TRPLUC2508245d42e5d0,2025-08-24,UP01,repeated,14,152,5,6
TRPLUC250824f7b9b298,2025-08-24,UP01,repeated,17,179,7,6
TRPSUR250824fa87293d,2025-08-24,GJ01,repeated,13,123,7,6
TRPCOI2508245bca4fe9,2025-08-24,TN01,repeated,18,167,8,6
TRPKOC2508249f0e42e5,2025-08-24,KL01,new,26,317,10,9
TRPSUR250824a77860e6,2025-08-24,GJ01,repeated,6,67,5,7
TRPVAD25082457c375ae,2025-08-24,GJ02,repeated,9,90,6,7
TRPJAI2508247adb1c5a,2025-08-24,RJ01,new,18,253,10,9
TRPJAI250824df53ea51,2025-08-24,RJ01,new,39,505,8,10
TRPLUC25082471bed61e,2025-08-24,UP01,repeated,5,71,5,5
TRPVIS25082478b27ca8,2025-08-24,AP01,repeated,10,117,7,9
TRPJAI25082461f08c5b,2025-08-24,RJ01,new,36,469,10,10
TRPLUC250824859a2b61,2025-08-24,UP01,new,10,116,7,7
TRPVIS2508241e010ad2,2025-08-24,AP01,new,32,315,10,8
TRPLUC250824e2c4d1ea,2025-08-24,UP01,repeated,18,188,5,6
TRPSUR250824d3b77175,2025-08-24,GJ01,repeated,15,139,7,7
TRPIND250824afa35f6f,2025-08-24,MP01,repeated,8,87,8,9
TRPLUC2508249c343718,2025-08-24,UP01,new,16,170,7,6
TRPJAI250824ff6397fe,2025-08-24,RJ01,new,21,289,8,8
TRPJAI2508249b913643,2025-08-24,RJ01,new,15,217,10,9
TRPLUC250824c62781ff,2025-08-24,UP01,new,7,89,8,6
TRPLUC250824661b422a,2025-08-24,UP01,new,9,107,9,8
TRPLUC250824295b660b,2025-08-24,UP01,repeated,18,188,6,5
TRPCHA250824d79294da,2025-08-24,CH01,new,22,224,7,7
TRPSUR250824818bacf8,2025-08-24,GJ01,new,6,67,9,6
TRPSUR250824ada28d3f,2025-08-24,GJ01,repeated,10,99,5,8
TRPJAI25082446a35b26,2025-08-24,RJ01,new,15,217,8,8
TRPSUR250824507a1e2c,2025-08-24,GJ01,repeated,6,67,7,8
TRPLUC2508242193d8a7,2025-08-24,UP01,new,11,125,9,6
TRPVAD2508247b370e57,2025-08-24,GJ02,repeated,10,98,6,6
TRPLUC2508243dc352ea,2025-08-24,UP01,repeated,14,152,6,8
TRPLUC250824b053c7a7,2025-08-24,UP01,new,11,125,7,8
TRPLUC250824d6762aab,2025-08-24,UP01,repeated,13,143,5,8
TRPJAI2508244232a526,2025-08-24,RJ01,new,40,517,10,8
TRPLUC2508246d9e0ade,2025-08-24,UP01,repeated,18,188,6,8
TRPLUC25082493325327,2025-08-24,UP01,repeated,9,107,7,5
TRPLUC25082412bfb0b5,2025-08-24,UP01,repeated,16,170,6,8
TRPJAI250824bc68b588,2025-08-24,RJ01,new,27,361,8,10
TRPKOC250824641af9b3,2025-08-24,KL01,new,23,284,9,8
TRPIND25082487e0b421,2025-08-24,MP01,repeated,14,135,6,7
TRPJAI250824f14ff7f4,2025-08-24,RJ01,repeated,15,217,7,8
TRPLUC2508242dcfbaaf,2025-08-24,UP01,repeated,13,143,6,7
TRPSUR25082419bd971c,2025-08-24,GJ01,repeated,7,75,6,6
TRPKOC250824649680e5,2025-08-24,KL01,new,12,163,8,8
TRPSUR25082486404519,2025-08-24,GJ01,repeated,12,115,6,6
TRPSUR250824a63e20ff,2025-08-24,GJ01,new,14,131,7,8
TRPIND250824010ef8b2,2025-08-24,MP01,new,17,159,8,9
TRPJAI250824f2d5a35e,2025-08-24,RJ01,new,29,385,9,8
TRPJAI2508243c948ce7,2025-08-24,RJ01,repeated,29,385,7,8
TRPKOC250824fca10c9b,2025-08-24,KL01,repeated,38,449,9,10
TRPKOC250824db1a0c27,2025-08-24,KL01,new,31,372,8,10
TRPVAD250824d3eb23ea,2025-08-24,GJ02,repeated,13,122,6,6
TRPKOC2508248a71d04e,2025-08-24,KL01,new,25,306,10,8
TRPVAD25082432c4e65d,2025-08-24,GJ02,new,18,162,8,8
TRPLUC250824cb86ed25,2025-08-24,UP01,repeated,15,161,6,6
TRPLUC2508248118cbb7,2025-08-24,UP01,repeated,20,206,6,6
TRPVAD25082410183033,2025-08-24,GJ02,new,5,58,7,8
TRPLUC250824f6996889,2025-08-24,UP01,repeated,20,206,5,8
TRPKOC250824bacf786f,2025-08-24,KL01,new,25,306,9,8
TRPJAI25082421a62fed,2025-08-24,RJ01,new,39,505,8,10
TRPCOI250824409e662c,2025-08-24,TN01,new,12,119,10,8
TRPJAI250824867e28b9,2025-08-24,RJ01,new,38,493,9,9
TRPLUC250824b1b8b2d9,2025-08-24,UP01,repeated,10,116,7,8
TRPJAI25082434360470,2025-08-24,RJ01,new,26,349,8,8
TRPCOI2508241cb17cca,2025-08-24,TN01,repeated,19,175,7,8
TRPLUC250824a1f9b971,2025-08-24,UP01,repeated,8,98,5,6
TRPKOC250824bfa6d29b,2025-08-24,KL01,repeated,25,306,8,9
TRPKOC250824e6efd732,2025-08-24,KL01,new,20,251,8,8
TRPJAI250824ef190d17,2025-08-24,RJ01,new,20,277,8,10
TRPCOI250824690ee4a8,2025-08-24,TN01,new,19,175,8,8
TRPVAD25082464bd0e0c,2025-08-24,GJ02,repeated,6,66,6,8
TRPLUC250824dd9fe69b,2025-08-24,UP01,repeated,19,197,7,6
TRPVAD2508243da19f16,2025-08-24,GJ02,repeated,13,122,5,6
TRPJAI25082434e6e1b2,2025-08-24,RJ01,new,30,397,8,10
TRPLUC250824c1f324a3,2025-08-24,UP01,repeated,8,98,5,6
TRPLUC250824b97e42ed,2025-08-24,UP01,new,6,80,8,6
TRPJAI250824507a7020,2025-08-24,RJ01,new,31,409,10,8
TRPLUC2508243647806d,2025-08-24,UP01,repeated,5,71,5,6
TRPLUC250824b15b04d6,2025-08-24,UP01,repeated,15,161,6,8
TRPLUC25082435bcb9b4,2025-08-24,UP01,repeated,5,71,6,5
TRPIND250824dc7cd2a0,2025-08-24,MP01,repeated,9,95,9,7
TRPLUC250824b7a39b0f,2025-08-24,UP01,new,6,80,7,7
TRPKOC250824fba51135,2025-08-24,KL01,new,17,218,10,9
TRPSUR25082412bc3c0c,2025-08-24,GJ01,new,5,59,9,7
TRPVIS25082404db395b,2025-08-24,AP01,repeated,11,126,8,9
TRPJAI25082454e0fbe4,2025-08-24,RJ01,repeated,37,481,8,8
TRPIND2508244789be9c,2025-08-24,MP01,new,13,127,10,7
TRPCHA25082445c49fa0,2025-08-24,CH01,repeated,21,215,6,7
TRPIND250824bf97fff5,2025-08-24,MP01,new,13,127,8,8
TRPIND2508242e98a124,2025-08-24,MP01,repeated,16,151,6,7
TRPIND2508243917e651,2025-08-24,MP01,repeated,20,183,9,9
TRPVAD250824be5a6cb1,2025-08-24,GJ02,repeated,13,122,7,7
TRPCHA25082413a90534,2025-08-24,CH01,new,26,260,10,8
TRPSUR250824a0187a52,2025-08-24,GJ01,repeated,8,83,5,6
TRPLUC2508242afc6065,2025-08-24,UP01,repeated,5,71,5,8
TRPLUC2508245d73d0c6,2025-08-24,UP01,repeated,18,188,7,7
TRPLUC2508247dd295d9,2025-08-24,UP01,repeated,8,98,5,5
TRPCOI250824f972d92f,2025-08-24,TN01,repeated,22,199,8,6
TRPSUR2508242048901f,2025-08-24,GJ01,new,9,91,7,6
TRPSUR250824047df02d,2025-08-24,GJ01,repeated,12,115,7,5
TRPKOC2508246448166e,2025-08-24,KL01,new,24,295,10,10
TRPLUC2508246770888d,2025-08-24,UP01,repeated,17,179,6,8
TRPSUR250824c2e31bed,2025-08-24,GJ01,repeated,10,99,6,7
TRPSUR2508243be3d127,2025-08-24,GJ01,new,6,67,9,6
TRPIND250824b7c2155c,2025-08-24,MP01,new,23,207,8,9
TRPVIS25082493df928c,2025-08-24,AP01,new,14,153,9,8
TRPLUC250824eeff814e,2025-08-24,UP01,repeated,7,89,7,7
TRPSUR250824bff65c0c,2025-08-24,GJ01,new,12,115,7,6
TRPIND250824978569b6,2025-08-24,MP01,repeated,25,223,6,6
TRPIND250824092d7384,2025-08-24,MP01,repeated,19,175,9,6
TRPCHA250824269afb30,2025-08-24,CH01,new,13,143,7,9
TRPCOI250824975ea91a,2025-08-24,TN01,new,15,143,8,9
TRPSUR2508245abcd74b,2025-08-24,GJ01,repeated,11,107,6,6
TRPKOC250824e44baa57,2025-08-24,KL01,repeated,27,328,8,8
TRPCOI250824bc784a56,2025-08-24,TN01,new,13,127,8,8
TRPLUC2508242b581f7f,2025-08-24,UP01,new,7,89,8,7
TRPVAD2508245e4b81a4,2025-08-24,GJ02,repeated,6,66,5,7
TRPJAI25082481f0cf8c,2025-08-24,RJ01,repeated,22,301,7,8
TRPIND25082498f3bb57,2025-08-24,MP01,repeated,13,127,8,7
TRPKOC2508248d5b5f82,2025-08-24,KL01,new,30,361,10,9
TRPLUC250824b9386770,2025-08-24,UP01,repeated,20,206,6,6
TRPIND2508243aed8246,2025-08-24,MP01,new,10,103,8,9
TRPLUC2508248c04b7fa,2025-08-24,UP01,repeated,11,125,5,5
TRPSUR2508246f2dcce3,2025-08-24,GJ01,repeated,6,67,6,7
TRPSUR2508243cb9e7e8,2025-08-24,GJ01,repeated,17,155,6,5
TRPJAI250824f6161574,2025-08-24,RJ01,repeated,38,493,7,8
TRPIND2508245114ac05,2025-08-24,MP01,repeated,12,119,9,7
TRPLUC2508246f3fbdbf,2025-08-24,UP01,repeated,9,107,6,6
TRPJAI250824305f62ee,2025-08-24,RJ01,repeated,41,529,7,8
TRPJAI250824d0c8b0fe,2025-08-24,RJ01,repeated,45,577,8,9
TRPVIS250824ff0a8b47,2025-08-24,AP01,repeated,27,270,7,8
TRPKOC2508240c7bf781,2025-08-24,KL01,repeated,24,295,8,10
TRPKOC2508247ac024f5,2025-08-24,KL01,new,18,229,8,9
TRPVIS25082462e1c1fc,2025-08-24,AP01,repeated,17,180,9,8
TRPKOC250824cfd4390d,2025-08-24,KL01,new,12,163,10,8
TRPKOC2508248fa7dab4,2025-08-24,KL01,new,25,306,10,8
TRPKOC25082426620e2e,2025-08-24,KL01,new,36,427,10,8
TRPLUC2508248d1ae8de,2025-08-24,UP01,repeated,20,206,7,5
TRPLUC250824f1e80989,2025-08-24,UP01,repeated,15,161,6,6
TRPCOI250824347a117d,2025-08-24,TN01,repeated,22,199,9,6
TRPJAI2508245eb43c26,2025-08-24,RJ01,new,28,373,8,10
TRPKOC2508248f889c0f,2025-08-24,KL01,new,30,361,9,10
TRPIND25082467187953,2025-08-24,MP01,repeated,19,175,9,7
TRPIND2508243fb79084,2025-08-24,MP01,repeated,11,111,7,8
TRPSUR25082461a64f47,2025-08-24,GJ01,new,15,139,7,7
TRPIND2508245b493ea8,2025-08-24,MP01,repeated,19,175,8,7
TRPLUC250824aefe25ca,2025-08-24,UP01,repeated,20,206,5,7
TRPJAI25082452839a51,2025-08-24,RJ01,new,40,517,9,9
TRPLUC25082433857f4f,2025-08-24,UP01,new,10,116,9,8
TRPSUR250824bc445f7f,2025-08-24,GJ01,new,16,147,7,6
TRPJAI250824dc602468,2025-08-24,RJ01,new,26,349,9,9
TRPCOI25082462761b1c,2025-08-24,TN01,repeated,15,143,6,7
TRPJAI250824f56fe6b0,2025-08-24,RJ01,repeated,26,349,7,9
TRPIND250824db05c6e5,2025-08-24,MP01,repeated,24,215,9,9
TRPKOC250824e157960e,2025-08-24,KL01,new,36,427,10,9
TRPCHA250824989ca4fb,2025-08-24,CH01,repeated,33,323,7,7
TRPIND2508249698d8e7,2025-08-24,MP01,repeated,8,87,6,6
TRPLUC2508248bf78d79,2025-08-24,UP01,repeated,12,134,7,7
TRPIND2508247e635698,2025-08-24,MP01,new,23,207,7,9
TRPCHA250824d7faa6f5,2025-08-24,CH01,new,18,188,9,8
TRPJAI25082453d9ca54,2025-08-24,RJ01,new,21,289,10,9
TRPSUR25082488d1a9f6,2025-08-24,GJ01,repeated,12,115,7,7
TRPIND250824db4c7840,2025-08-24,MP01,repeated,14,135,6,8
TRPJAI250824f16f1c3b,2025-08-24,RJ01,new,34,445,9,9
TRPIND250824c727fd55,2025-08-24,MP01,repeated,22,199,9,9
TRPLUC250824c733ed44,2025-08-24,UP01,repeated,13,143,5,8
TRPLUC25082436fef5f3,2025-08-24,UP01,new,11,125,8,7
TRPCHA250824ff501942,2025-08-24,CH01,new,22,224,10,9
TRPSUR2508241a531b45,2025-08-24,GJ01,repeated,7,75,5,7
TRPLUC2508242140429a,2025-08-24,UP01,repeated,13,143,5,8
TRPSUR250824afb48286,2025-08-24,GJ01,repeated,11,107,6,7
TRPIND250824de5efa41,2025-08-24,MP01,repeated,16,151,7,7
TRPLUC250824e4a9eed0,2025-08-24,UP01,repeated,16,170,7,8
TRPCOI25082494f3671a,2025-08-24,TN01,new,15,143,8,8
TRPLUC25082485e7e8d6,2025-08-24,UP01,repeated,9,107,7,7
TRPJAI250824c65dafb5,2025-08-24,RJ01,new,17,241,8,10
TRPKOC250824fc095fcd,2025-08-24,KL01,new,17,218,9,9
TRPSUR250824ef125f45,2025-08-24,GJ01,new,15,139,9,6
TRPSUR250824db6244b4,2025-08-24,GJ01,repeated,14,131,6,5
TRPIND2508241bde9524,2025-08-24,MP01,repeated,16,151,9,7
TRPKOC250824af2ff8c3,2025-08-24,KL01,new,34,405,10,10
TRPLUC25082434bd3b32,2025-08-24,UP01,repeated,20,206,5,7
TRPJAI25082450d11349,2025-08-24,RJ01,new,23,313,10,9
TRPLUC250824da9beb9d,2025-08-24,UP01,repeated,9,107,6,6
TRPKOC250824947c8335,2025-08-24,KL01,new,20,251,10,8
TRPIND250824b69b8ad2,2025-08-24,MP01,new,10,103,10,8
TRPKOC250824b3d2f139,2025-08-24,KL01,repeated,10,141,9,9
TRPJAI250824270c2eee,2025-08-24,RJ01,new,22,301,8,8
TRPSUR250824327722c2,2025-08-24,GJ01,new,17,155,9,7
TRPCHA2508241dbb63b3,2025-08-24,CH01,repeated,12,134,8,7
TRPJAI2508247d59459f,2025-08-24,RJ01,new,39,505,10,8
TRPSUR250824372f519a,2025-08-24,GJ01,repeated,10,99,7,7
TRPKOC250824681ec43f,2025-08-24,KL01,new,16,207,9,9
TRPJAI25082439c2c9da,2025-08-24,RJ01,new,29,385,9,8
TRPCOI25082423e4af82,2025-08-24,TN01,repeated,17,159,9,9
TRPCHA250824205a6da3,2025-08-24,CH01,repeated,14,152,9,8
TRPLUC2508240aff1fe9,2025-08-24,UP01,repeated,8,98,5,7
TRPJAI25082487767271,2025-08-24,RJ01,new,31,409,9,8
TRPLUC250824fd5d9e84,2025-08-24,UP01,repeated,11,125,7,7
TRPCOI250824f7c259f8,2025-08-24,TN01,new,10,103,9,7
TRPCHA250824aa60f51e,2025-08-24,CH01,repeated,31,305,7,9
TRPMYS2508247a489614,2025-08-24,KA01,new,10,135,9,9
TRPCHA2508243db53019,2025-08-24,CH01,repeated,19,197,7,9
TRPLUC250824126786e0,2025-08-24,UP01,repeated,17,179,6,6
TRPCHA250824a4c02c0b,2025-08-24,CH01,new,19,197,9,9
TRPLUC2508245e8d7288,2025-08-24,UP01,repeated,11,125,7,5
TRPJAI250824c510832a,2025-08-24,RJ01,new,32,421,8,8
TRPCHA250824c38c0a9e,2025-08-24,CH01,repeated,16,170,9,6
TRPCHA250824662545ae,2025-08-24,CH01,repeated,27,269,9,9
TRPLUC250824d4985577,2025-08-24,UP01,repeated,17,179,7,7
TRPLUC250824da526974,2025-08-24,UP01,repeated,19,197,7,5
TRPLUC25082491f34ffd,2025-08-24,UP01,repeated,15,161,7,6
TRPJAI250824238662a8,2025-08-24,RJ01,new,25,337,10,10
TRPVIS250824ac3e91ad,2025-08-24,AP01,repeated,15,162,9,9
TRPLUC2508245726652d,2025-08-24,UP01,new,19,197,8,6
TRPIND25082482289479,2025-08-24,MP01,repeated,24,215,7,6
TRPJAI250824519f82ca,2025-08-24,RJ01,repeated,21,289,7,9
TRPCHA250824e7a5a943,2025-08-24,CH01,repeated,23,233,6,8
TRPMYS2508249f72dbba,2025-08-24,KA01,new,25,285,8,10
TRPSUR2508241a5ee8b2,2025-08-24,GJ01,repeated,13,123,7,5
TRPLUC2508243834cfda,2025-08-24,UP01,repeated,13,143,7,6
TRPCHA250824ba901a47,2025-08-24,CH01,new,19,197,7,9
TRPSUR2508245a73e148,2025-08-24,GJ01,repeated,12,115,6,5
TRPLUC2508242aa87ae7,2025-08-24,UP01,repeated,20,206,6,6
TRPCHA25082433b8a2b9,2025-08-24,CH01,repeated,28,278,6,8
TRPLUC250824c6c1ad7c,2025-08-24,UP01,new,7,89,8,8
TRPCOI25082486451bad,2025-08-24,TN01,repeated,21,191,8,7
TRPVIS250824da6488ed,2025-08-24,AP01,new,19,198,8,8
TRPLUC250824a0886b9a,2025-08-24,UP01,repeated,17,179,5,7
TRPSUR250824db64548a,2025-08-24,GJ01,new,7,75,7,8
TRPSUR250824153d406f,2025-08-24,GJ01,repeated,6,67,6,7
TRPIND2508245a2bf0b3,2025-08-24,MP01,new,19,175,7,8
TRPKOC250824ce6d164c,2025-08-24,KL01,repeated,25,306,8,8
TRPLUC250824e4dc8011,2025-08-24,UP01,repeated,19,197,7,7
TRPLUC250824171ccc4a,2025-08-24,UP01,repeated,6,80,6,7
TRPIND250824c5f98671,2025-08-24,MP01,repeated,19,175,6,9
TRPLUC250824249d65e8,2025-08-24,UP01,repeated,9,107,6,7
TRPJAI2508242dcce299,2025-08-24,RJ01,new,31,409,9,10
TRPSUR250824f45f4475,2025-08-24,GJ01,new,11,107,7,7
TRPIND2508243b01b27e,2025-08-24,MP01,repeated,14,135,9,8
TRPVIS2508240f107335,2025-08-24,AP01,new,28,279,10,8
TRPSUR250824ae57f815,2025-08-24,GJ01,new,6,67,7,7
TRPLUC2508246134a36a,2025-08-24,UP01,new,5,71,7,7
TRPCHA250824f931e7b3,2025-08-24,CH01,repeated,26,260,6,7
TRPLUC2508248ec9d62d,2025-08-24,UP01,repeated,6,80,7,8
TRPSUR250824ced8bd44,2025-08-24,GJ01,new,16,147,8,8
TRPCHA25082468fd434c,2025-08-24,CH01,repeated,35,341,9,8
TRPLUC2508247ef8d275,2025-08-24,UP01,repeated,13,143,5,5
TRPLUC250824054cbb79,2025-08-24,UP01,repeated,20,206,7,5
TRPSUR25082485925fee,2025-08-24,GJ01,repeated,9,91,5,7
TRPCHA250824c4f55353,2025-08-24,CH01,repeated,17,179,6,8
TRPIND250824ca4931b2,2025-08-24,MP01,new,21,191,8,8
TRPVIS250824221a1829,2025-08-24,AP01,new,26,261,9,10
TRPKOC2508248179b728,2025-08-24,KL01,new,16,207,10,10
TRPVAD25082477fd66b2,2025-08-24,GJ02,repeated,6,66,7,7
TRPLUC250824aab127f0,2025-08-24,UP01,repeated,18,188,6,6
TRPCOI25082479c486c8,2025-08-24,TN01,new,12,119,7,7
TRPIND2508246e05d6b3,2025-08-24,MP01,new,10,103,7,9
TRPKOC2508247143f8e8,2025-08-24,KL01,repeated,13,174,7,8
TRPSUR250824c529ff13,2025-08-24,GJ01,repeated,13,123,5,8
TRPJAI250824cedbb995,2025-08-24,RJ01,new,30,397,10,9
TRPMYS2508248a84e3aa,2025-08-24,KA01,new,17,205,10,8
TRPCHA250824eefaa7bc,2025-08-24,CH01,new,32,314,10,8
TRPIND2508246e9701dc,2025-08-24,MP01,repeated,8,87,7,6
TRPVIS250824f04f7174,2025-08-24,AP01,repeated,33,324,9,8
TRPCOI2508247e7aa7de,2025-08-24,TN01,repeated,16,151,8,6
TRPLUC250824f300a961,2025-08-24,UP01,repeated,5,71,5,5
TRPLUC250824304fb4e5,2025-08-24,UP01,new,7,89,8,7
TRPSUR2508245987e4f9,2025-08-24,GJ01,repeated,5,59,7,7
TRPIND25082441ef03e9,2025-08-24,MP01,repeated,14,135,6,9
TRPJAI25082402e41798,2025-08-24,RJ01,new,31,409,9,10
TRPJAI250824e7b57a94,2025-08-24,RJ01,repeated,25,337,9,9
TRPJAI25082493d2e42a,2025-08-24,RJ01,new,35,457,8,10
TRPIND250824fd939efa,2025-08-24,MP01,repeated,15,143,9,9
TRPLUC250824f342c268,2025-08-24,UP01,repeated,15,161,5,8
TRPVAD25082408cbb424,2025-08-24,GJ02,new,5,58,7,6
TRPCOI250824fe41e23e,2025-08-24,TN01,repeated,14,135,8,6
TRPCHA2508249ab6cac7,2025-08-24,CH01,repeated,26,260,7,6
TRPLUC250824a99055cd,2025-08-24,UP01,repeated,11,125,5,7
TRPIND25082439f74cfc,2025-08-24,MP01,new,20,183,10,7
TRPCOI250824009e33fd,2025-08-24,TN01,new,22,199,7,7
TRPCOI25082465b2ad3c,2025-08-24,TN01,new,21,191,8,9
TRPJAI2508249f91e3c4,2025-08-24,RJ01,new,26,349,10,10
TRPVIS250824a11a9a08,2025-08-24,AP01,new,26,261,9,10
TRPLUC250824adb92049,2025-08-24,UP01,new,15,161,7,6
TRPIND250824e51d1919,2025-08-24,MP01,new,14,135,8,7
TRPCHA250824ab6cf947,2025-08-24,CH01,new,22,224,10,7
TRPSUR2508249158834c,2025-08-24,GJ01,repeated,8,83,6,8
TRPLUC250824cc78cdb5,2025-08-24,UP01,repeated,18,188,5,6
TRPJAI2508249e8fb5e3,2025-08-24,RJ01,repeated,21,289,8,8
TRPVIS250824deda232f,2025-08-24,AP01,new,26,261,9,8
TRPCOI250824faf5f7d3,2025-08-24,TN01,repeated,22,199,6,6
TRPJAI25082461f2724e,2025-08-24,RJ01,repeated,24,325,7,10
TRPJAI2508246c7eb328,2025-08-24,RJ01,repeated,16,229,7,8
TRPSUR2508244b3781f4,2025-08-24,GJ01,new,5,59,9,6
TRPLUC250824901e996f,2025-08-24,UP01,new,20,206,9,6
TRPLUC250824204c236a,2025-08-24,UP01,new,6,80,9,6
TRPLUC250824d07d61cf,2025-08-24,UP01,new,18,188,7,6
TRPVIS250824cca7d7e0,2025-08-24,AP01,new,15,162,8,10
TRPIND250824734c0514,2025-08-24,MP01,new,8,87,9,9
TRPCHA2508244a4ef0bb,2025-08-24,CH01,new,34,332,10,9
TRPKOC250824a922e0c7,2025-08-24,KL01,repeated,32,383,7,10
TRPCHA2508240f006edf,2025-08-24,CH01,new,26,260,10,9
TRPJAI250824f782ad79,2025-08-24,RJ01,new,42,541,9,10
TRPKOC250824a1049314,2025-08-24,KL01,new,19,240,8,8
TRPVAD2508248415e820,2025-08-24,GJ02,repeated,11,106,5,6
TRPLUC2508244b460770,2025-08-24,UP01,new,20,206,7,6
TRPVIS2508249073838a,2025-08-24,AP01,repeated,26,261,8,8
TRPVAD250824996f33ba,2025-08-24,GJ02,repeated,10,98,5,7
TRPVIS2508248d646019,2025-08-24,AP01,repeated,29,288,8,10
TRPJAI2508249ebdb07f,2025-08-24,RJ01,repeated,45,577,8,9
TRPVAD250824505ff832,2025-08-24,GJ02,repeated,8,82,7,5
TRPVAD250824fd373a58,2025-08-24,GJ02,repeated,13,122,5,5
TRPSUR2508240123c15c,2025-08-24,GJ01,repeated,9,91,6,5
TRPCHA2508249586c0e8,2025-08-24,CH01,repeated,23,233,6,8
TRPKOC2508244a9d84d5,2025-08-24,KL01,new,19,240,9,9
TRPSUR25082414ddfc9b,2025-08-24,GJ01,repeated,17,155,7,6
TRPJAI250824bdcb1e3d,2025-08-24,RJ01,new,35,457,10,9
TRPSUR250824fb438b58,2025-08-24,GJ01,repeated,9,91,6,7
TRPLUC2508247e28947d,2025-08-24,UP01,repeated,9,107,6,7
TRPLUC250824c25a2e57,2025-08-24,UP01,repeated,7,89,7,7
TRPJAI250824f400bc50,2025-08-24,RJ01,new,27,361,8,10
TRPKOC250824c3760da7,2025-08-24,KL01,new,36,427,9,9
TRPVIS25082445e5848d,2025-08-24,AP01,repeated,35,342,7,10
TRPCOI2508242a03f72e,2025-08-24,TN01,repeated,16,151,8,6
TRPLUC25082422c31d26,2025-08-24,UP01,repeated,14,152,6,6
TRPCOI250824ebfce21e,2025-08-24,TN01,repeated,14,135,9,6
TRPKOC2508248909a4a1,2025-08-24,KL01,new,33,394,10,8
TRPCOI2508247414f039,2025-08-24,TN01,repeated,12,119,8,9
TRPSUR2508248ba04514,2025-08-24,GJ01,new,12,115,7,7
TRPVIS2508242494b5c9,2025-08-24,AP01,repeated,15,162,9,10
TRPKOC2508244bcda62f,2025-08-24,KL01,new,16,207,9,8
TRPSUR2508243f327f24,2025-08-24,GJ01,repeated,13,123,7,7
TRPVIS25082436a586fd,2025-08-24,AP01,repeated,15,162,9,8
TRPJAI250824a9cd6077,2025-08-24,RJ01,repeated,33,433,7,10
TRPCHA250824071b4dfb,2025-08-24,CH01,repeated,17,179,8,8
TRPCHA250824d251886a,2025-08-24,CH01,repeated,28,278,7,7
TRPLUC2508243f9525cf,2025-08-24,UP01,repeated,16,170,5,7
TRPIND250824ca6e54df,2025-08-24,MP01,repeated,22,199,6,7
TRPKOC250824f6492314,2025-08-24,KL01,repeated,11,152,7,8
TRPLUC250824fcb0b43d,2025-08-24,UP01,repeated,17,179,7,6
TRPCHA250824c800af0d,2025-08-24,CH01,new,23,233,7,9
TRPSUR25082404d6f1ae,2025-08-24,GJ01,repeated,10,99,6,6
TRPSUR250824eae0f0f2,2025-08-24,GJ01,repeated,13,123,5,7
TRPLUC2508247187a656,2025-08-24,UP01,repeated,5,71,6,7
TRPSUR2508242c7dc75c,2025-08-24,GJ01,new,9,91,9,8
TRPSUR2508246e8591e0,2025-08-24,GJ01,repeated,7,75,5,6
TRPVIS250824f2c80d62,2025-08-24,AP01,new,33,324,9,8
TRPSUR250824a405a410,2025-08-24,GJ01,new,11,107,8,7
TRPCOI2508244d5ad062,2025-08-24,TN01,repeated,8,87,8,6
TRPSUR250824b847dfb4,2025-08-24,GJ01,repeated,10,99,6,6
TRPLUC250824ffa6e675,2025-08-24,UP01,repeated,14,152,5,6
TRPSUR25082433219ff9,2025-08-24,GJ01,repeated,17,155,6,6
TRPLUC2508242dd3bad2,2025-08-24,UP01,repeated,17,179,5,5
TRPCHA2508248e76632e,2025-08-24,CH01,new,29,287,7,8
TRPCHA250824bb68ebd9,2025-08-24,CH01,repeated,32,314,7,9
TRPCHA250824a3fb9397,2025-08-24,CH01,repeated,34,332,7,7
TRPJAI25082441073a59,2025-08-24,RJ01,new,39,505,8,9
TRPCHA25082493af7baf,2025-08-24,CH01,repeated,31,305,9,9
TRPLUC2508241784adc8,2025-08-24,UP01,repeated,19,197,7,5
TRPLUC25082453c99eee,2025-08-24,UP01,new,13,143,7,8
TRPSUR2508246b611016,2025-08-24,GJ01,repeated,16,147,5,7
TRPKOC250824fd49e317,2025-08-24,KL01,new,18,229,9,10
TRPJAI25082498d2a205,2025-08-24,RJ01,new,36,469,9,8
TRPSUR250824c2aff440,2025-08-24,GJ01,repeated,16,147,5,7
TRPSUR25082424c64975,2025-08-24,GJ01,repeated,16,147,7,8
TRPSUR2508246aef29b0,2025-08-24,GJ01,repeated,12,115,6,5
TRPCHA2508247b98b9d4,2025-08-24,CH01,repeated,24,242,6,9
TRPJAI2508243ab70d54,2025-08-24,RJ01,repeated,41,529,8,9
TRPCHA2508242b29fd5c,2025-08-24,CH01,new,12,134,7,9
TRPVIS250824f3ea77e3,2025-08-24,AP01,new,24,243,9,9
TRPVAD2508243d386308,2025-08-24,GJ02,new,7,74,9,8
TRPLUC250824f4d82309,2025-08-24,UP01,new,10,116,9,7
TRPSUR2508242bb565a3,2025-08-24,GJ01,repeated,12,115,6,6
TRPVIS250824e71d0a86,2025-08-24,AP01,new,34,333,9,9
TRPIND250824aa5412e0,2025-08-24,MP01,repeated,13,127,6,6
TRPJAI250824cc533eb7,2025-08-24,RJ01,repeated,34,445,8,8
TRPVIS2508248c09dff0,2025-08-24,AP01,repeated,25,252,8,10
TRPJAI2508243dd0f245,2025-08-24,RJ01,new,18,253,8,10
TRPJAI250824f1027535,2025-08-24,RJ01,new,31,409,8,9
TRPLUC25082495bb340a,2025-08-24,UP01,repeated,10,116,5,8
TRPSUR250824a5c845fc,2025-08-24,GJ01,repeated,10,99,6,8
TRPSUR2508246f52e6da,2025-08-24,GJ01,repeated,17,155,7,8
TRPKOC25082425461037,2025-08-24,KL01,repeated,31,372,9,10
TRPKOC250824eddcd46d,2025-08-24,KL01,repeated,19,240,9,8
TRPVIS250824d5d35af0,2025-08-24,AP01,new,18,189,9,10
TRPIND25082418d5d1bf,2025-08-24,MP01,repeated,22,199,6,7
TRPJAI250824b4958b61,2025-08-24,RJ01,new,23,313,10,10
TRPMYS250824f57940e4,2025-08-24,KA01,new,9,125,9,9
TRPVAD250824cd979ea6,2025-08-24,GJ02,new,8,82,7,6
TRPCHA250824271ed3a6,2025-08-24,CH01,new,35,341,8,7
TRPKOC250824262b7f85,2025-08-24,KL01,repeated,11,152,9,9
TRPJAI250824fd7004a8,2025-08-24,RJ01,repeated,30,397,4,4
TRPVAD2508244727bd0c,2025-08-24,GJ02,repeated,6,66,7,7
TRPVAD25082426140b4b,2025-08-24,GJ02,repeated,7,74,5,8
TRPKOC2508241a84ad8b,2025-08-24,KL01,repeated,25,306,9,10
TRPJAI250824021ab49e,2025-08-24,RJ01,repeated,21,289,7,9
TRPLUC2508245422cfd5,2025-08-24,UP01,new,12,134,8,7
TRPSUR250824f7f2c328,2025-08-24,GJ01,repeated,15,139,5,6
TRPSUR250824ca693795,2025-08-24,GJ01,repeated,17,155,6,6
TRPKOC250824446f454b,2025-08-24,KL01,new,35,416,10,8
TRPLUC250824f55c285d,2025-08-24,UP01,repeated,16,170,6,8
TRPSUR2508248d38090e,2025-08-24,GJ01,repeated,14,131,5,5
TRPCOI2508249290e46b,2025-08-24,TN01,new,8,87,8,8
TRPVAD250824ad50bf7d,2025-08-24,GJ02,repeated,9,90,6,7
TRPLUC250824219eeb8a,2025-08-24,UP01,repeated,20,206,6,5
TRPCHA25082432f4ed90,2025-08-24,CH01,repeated,24,242,7,7
TRPLUC2508241830a8b0,2025-08-24,UP01,repeated,10,116,5,8
TRPSUR250824661d3363,2025-08-24,GJ01,repeated,10,99,5,6
TRPLUC250824b854b69d,2025-08-24,UP01,repeated,17,179,7,8
TRPCHA25082475adb308,2025-08-24,CH01,repeated,25,251,7,7
TRPVIS25082451a5184b,2025-08-24,AP01,repeated,24,243,9,8
TRPSUR250824cc424f3b,2025-08-24,GJ01,new,15,139,7,7
TRPLUC25082493e5a572,2025-08-24,UP01,new,11,125,7,7
TRPSUR25082409c44ac8,2025-08-24,GJ01,repeated,13,123,6,7
TRPSUR25082456e1c7fc,2025-08-24,GJ01,repeated,14,131,5,5
TRPLUC250824fd81659f,2025-08-24,UP01,repeated,15,161,7,5
TRPSUR250824252fc75a,2025-08-24,GJ01,new,8,83,8,6
TRPKOC250824f180e35c,2025-08-24,KL01,repeated,20,251,7,9
TRPSUR2508242d5bdbcc,2025-08-24,GJ01,repeated,7,75,6,5
TRPCOI250824e99fb651,2025-08-24,TN01,new,21,191,8,9
TRPCHA2508240b94d597,2025-08-24,CH01,new,35,341,8,8
TRPJAI2508246c932c2a,2025-08-24,RJ01,new,36,469,9,10
TRPCHA2508247b6becac,2025-08-24,CH01,repeated,15,161,8,6
TRPCHA25082449dcac57,2025-08-24,CH01,new,29,287,7,9
TRPCOI250824f54914f5,2025-08-24,TN01,repeated,10,103,7,8
TRPVAD250824af154d78,2025-08-24,GJ02,new,7,74,8,6
TRPSUR250824d89e7b27,2025-08-24,GJ01,repeated,9,91,6,5
TRPJAI25082439f4ab20,2025-08-24,RJ01,new,38,493,10,8
TRPJAI2508245da25d91,2025-08-24,RJ01,repeated,41,529,9,8
TRPMYS25082438134f78,2025-08-24,KA01,new,20,235,8,10
TRPJAI2508245d306fa4,2025-08-24,RJ01,new,41,529,8,8
TRPSUR250824701973a7,2025-08-24,GJ01,repeated,7,75,6,7
TRPMYS250824eafd31f7,2025-08-24,KA01,new,19,225,8,8
TRPKOC250824f61f02dd,2025-08-24,KL01,new,27,328,9,10
TRPVIS25082430bc19b1,2025-08-24,AP01,new,35,342,8,10
TRPVAD250824d5861fe8,2025-08-24,GJ02,new,8,82,7,6
TRPLUC2508244714bb49,2025-08-24,UP01,repeated,15,161,5,5
TRPMYS2508243379fb24,2025-08-24,KA01,new,15,185,8,10
TRPCHA250824a3d6551f,2025-08-24,CH01,new,32,314,9,7
TRPVIS250824812d288e,2025-08-24,AP01,repeated,12,135,7,8
TRPVAD25082431137502,2025-08-24,GJ02,repeated,12,114,6,8
TRPKOC250824e977ade8,2025-08-24,KL01,new,20,251,8,10
TRPLUC25082434ae4e27,2025-08-24,UP01,repeated,15,161,7,6
TRPJAI250824d2b53824,2025-08-24,RJ01,new,36,469,9,10
TRPLUC25082427fe696e,2025-08-24,UP01,repeated,12,134,7,7
TRPJAI250824a0447ada,2025-08-24,RJ01,repeated,20,277,8,8
TRPLUC250824c688c3a0,2025-08-24,UP01,repeated,15,161,7,8
TRPIND25082426668aa0,2025-08-24,MP01,new,24,215,8,8
TRPKOC2508249f6402e2,2025-08-24,KL01,new,21,262,10,10
TRPJAI250824049d3128,2025-08-24,RJ01,new,19,265,8,9
TRPJAI250824e86bda26,2025-08-24,RJ01,repeated,30,397,7,8
TRPKOC25082492b86309,2025-08-24,KL01,new,34,405,9,9
TRPJAI2508245bafeeeb,2025-08-24,RJ01,repeated,20,277,8,9
TRPJAI2508248c72c0a3,2025-08-24,RJ01,new,44,565,9,9
TRPCHA2508243355d8c1,2025-08-24,CH01,repeated,20,206,6,8
TRPSUR250824a87bd32a,2025-08-24,GJ01,new,16,147,7,8
TRPLUC250824e83fee8e,2025-08-24,UP01,repeated,8,98,6,6
TRPKOC250824f49f77d7,2025-08-24,KL01,new,37,438,10,9
TRPIND250824e270f629,2025-08-24,MP01,new,20,183,10,7
TRPCHA25082429d18204,2025-08-24,CH01,new,12,134,10,7
TRPLUC250824ac4a77d0,2025-08-24,UP01,repeated,17,179,6,7
TRPSUR250824f43cc8bd,2025-08-24,GJ01,repeated,5,59,5,5
TRPJAI250824d8c5404a,2025-08-24,RJ01,new,27,361,8,8
TRPLUC250824a9c44966,2025-08-24,UP01,repeated,20,206,7,5
TRPIND2508244f9afc75,2025-08-24,MP01,repeated,20,183,6,6
TRPCOI2508243e6d72af,2025-08-24,TN01,repeated,13,127,6,9
TRPSUR2508244b3ad396,2025-08-24,GJ01,repeated,9,91,5,7
TRPKOC250824bdb6c923,2025-08-24,KL01,repeated,33,394,9,8
TRPMYS2508247048943b,2025-08-24,KA01,repeated,17,205,9,8
TRPLUC250824f024d297,2025-08-24,UP01,repeated,15,161,5,8
TRPCOI250824b87f1528,2025-08-24,TN01,repeated,22,199,6,6
TRPCHA2508248ede0a3d,2025-08-24,CH01,repeated,35,341,6,7
TRPJAI250824489d4998,2025-08-24,RJ01,repeated,22,301,7,9
TRPKOC2508241cc8ce52,2025-08-24,KL01,repeated,15,196,9,10
TRPVAD2508243a1ef1ac,2025-08-24,GJ02,repeated,11,106,5,5
TRPJAI2508246d91694f,2025-08-24,RJ01,new,16,229,8,8
TRPLUC25082445f0f146,2025-08-24,UP01,repeated,18,188,5,6
TRPIND2508249cdcb9e3,2025-08-24,MP01,repeated,15,143,7,9
TRPLUC250824fb1f4155,2025-08-24,UP01,repeated,11,125,5,7
TRPSUR25082495c88342,2025-08-24,GJ01,repeated,11,107,6,6
TRPSUR250824097098e1,2025-08-24,GJ01,repeated,16,147,5,6
TRPJAI250824f913ae74,2025-08-24,RJ01,new,29,385,8,10
TRPKOC250824ab229b0a,2025-08-24,KL01,new,36,427,8,8
TRPSUR25082475d60095,2025-08-24,GJ01,repeated,8,83,5,8
TRPCOI25082456c8fe52,2025-08-24,TN01,repeated,19,175,6,9
TRPLUC2508246dfedc31,2025-08-24,UP01,repeated,8,98,7,5
TRPSUR25082403b9c25b,2025-08-24,GJ01,new,14,131,7,6
TRPKOC250824e50b1921,2025-08-24,KL01,new,22,273,8,9
TRPLUC250824fffff155,2025-08-24,UP01,repeated,11,125,6,8
TRPLUC250824a222c184,2025-08-24,UP01,repeated,10,116,5,5
TRPIND250824a26b51dc,2025-08-24,MP01,repeated,23,207,9,7
TRPSUR250824bf811fe2,2025-08-24,GJ01,repeated,16,147,5,8
TRPVIS250824466b54ee,2025-08-24,AP01,new,16,171,10,10
TRPLUC250824760df0e9,2025-08-24,UP01,repeated,15,161,5,6
TRPCHA250824381f8cc3,2025-08-24,CH01,repeated,17,179,6,6
TRPCOI250824fc1b4703,2025-08-24,TN01,new,10,103,8,9
TRPCHA2508245dfefdff,2025-08-24,CH01,new,34,332,9,8
TRPMYS250824c9b8a8f1,2025-08-24,KA01,new,24,275,9,10
TRPKOC250824451cd9b5,2025-08-24,KL01,new,11,152,8,8
TRPCOI25082425e08510,2025-08-24,TN01,new,15,143,10,7
TRPKOC250824f2870d23,2025-08-24,KL01,new,22,273,10,10
TRPSUR250824d8858a8d,2025-08-24,GJ01,repeated,14,131,7,6
TRPJAI250824de9b4ef7,2025-08-24,RJ01,new,29,385,8,10
TRPLUC25082498aee8e7,2025-08-24,UP01,repeated,11,125,6,5
TRPLUC2508245b3c71b2,2025-08-24,UP01,repeated,5,71,7,6
TRPLUC250824ef915f03,2025-08-24,UP01,repeated,15,161,5,8
TRPMYS25082432c597ab,2025-08-24,KA01,new,13,165,10,8
TRPMYS250824b82871bd,2025-08-24,KA01,new,22,255,9,10
TRPIND2508240e8e210e,2025-08-24,MP01,new,15,143,7,9
TRPLUC2508240cca0a61,2025-08-24,UP01,new,13,143,9,8
TRPIND25082408c30daa,2025-08-24,MP01,repeated,13,127,7,7
TRPJAI250824afa2faba,2025-08-24,RJ01,repeated,34,445,8,9
TRPSUR25082443c69515,2025-08-24,GJ01,repeated,5,59,6,6
TRPSUR25082494c92c6a,2025-08-24,GJ01,repeated,7,75,7,5
TRPLUC250824f5b3ba65,2025-08-24,UP01,repeated,14,152,5,8
TRPMYS25082474c54a52,2025-08-24,KA01,new,12,155,10,9
TRPJAI2508240083f2f2,2025-08-24,RJ01,new,31,409,10,10
TRPJAI25082421f64741,2025-08-24,RJ01,repeated,35,457,8,10
TRPJAI25082490e4b877,2025-08-24,RJ01,new,15,217,9,8
TRPLUC250824f6332070,2025-08-24,UP01,repeated,20,206,5,7
TRPSUR25082412940941,2025-08-24,GJ01,repeated,10,99,6,6
TRPCOI2508244459a0ff,2025-08-24,TN01,new,19,175,7,9
TRPLUC250824f5030297,2025-08-24,UP01,repeated,5,71,5,7
TRPJAI25082497721b72,2025-08-24,RJ01,new,41,529,10,10
TRPJAI2508245bda38ea,2025-08-24,RJ01,repeated,23,313,7,8
TRPIND250824466c591f,2025-08-24,MP01,repeated,15,143,9,6
TRPVAD2508245caed919,2025-08-24,GJ02,repeated,16,146,6,7
TRPCHA2508244534c018,2025-08-24,CH01,repeated,27,269,7,8
TRPJAI2508244eef2663,2025-08-24,RJ01,repeated,27,361,7,10
TRPIND25082403575126,2025-08-24,MP01,repeated,24,215,6,9
TRPLUC250824b23ca6d1,2025-08-24,UP01,new,6,80,9,7
TRPSUR2508244a688b16,2025-08-24,GJ01,new,8,83,7,8
TRPLUC2508243962567b,2025-08-24,UP01,repeated,19,197,5,8
TRPCHA250824a3734ea4,2025-08-24,CH01,new,34,332,10,7
TRPCHA250824d9fb6675,2025-08-24,CH01,repeated,27,269,9,7
TRPJAI250824b95d3ecf,2025-08-24,RJ01,repeated,22,301,9,9
TRPLUC2508248948e20a,2025-08-24,UP01,new,9,107,9,8
TRPCHA2508244066f8cb,2025-08-24,CH01,new,17,179,8,7
TRPCHA25082476be3ae9,2025-08-24,CH01,new,14,152,9,8
TRPLUC25082415621516,2025-08-24,UP01,repeated,6,80,5,5
TRPCHA2508241ccfa826,2025-08-24,CH01,new,31,305,7,8
TRPVAD2508243f760ccf,2025-08-24,GJ02,repeated,6,66,6,8
TRPJAI25082488388d59,2025-08-24,RJ01,new,22,301,9,10
TRPCHA2508247f1ece50,2025-08-24,CH01,repeated,20,206,7,7
TRPVIS250824017906ae,2025-08-24,AP01,new,17,180,10,8
TRPMYS2508242efc1def,2025-08-24,KA01,repeated,10,135,9,8
TRPLUC250824489ed929,2025-08-24,UP01,repeated,20,206,5,6
TRPVAD250824ecc2bbc7,2025-08-24,GJ02,new,10,98,8,8
TRPSUR250824187cf754,2025-08-24,GJ01,repeated,10,99,5,7
TRPVAD250824ccd28f26,2025-08-24,GJ02,repeated,15,138,5,5
TRPVAD25082441c8f05d,2025-08-24,GJ02,repeated,18,162,6,6
TRPCHA250824f10601b0,2025-08-24,CH01,repeated,21,215,8,9
TRPCOI2508248ade7a6c,2025-08-24,TN01,new,8,87,10,9
TRPCOI25082425b4e741,2025-08-24,TN01,repeated,8,87,6,8
TRPCHA25082484ffd313,2025-08-24,CH01,new,13,143,9,9
TRPKOC25082408c5e1ff,2025-08-24,KL01,repeated,13,174,7,10
TRPLUC2508244e4b4727,2025-08-24,UP01,repeated,14,152,7,5
TRPLUC250824bb28a382,2025-08-24,UP01,repeated,5,71,6,6
TRPMYS250824a6e55e42,2025-08-24,KA01,repeated,10,135,7,10
TRPMYS2508247074eea2,2025-08-24,KA01,new,20,235,8,8
TRPVIS250824e3235c17,2025-08-24,AP01,repeated,22,225,8,9
TRPJAI25082483b010b0,2025-08-24,RJ01,new,29,385,9,10
TRPCHA250824a781c3bd,2025-08-24,CH01,repeated,26,260,9,7
TRPJAI250824206bd429,2025-08-24,RJ01,new,27,361,10,10
TRPJAI250824b07c194e,2025-08-24,RJ01,repeated,21,289,7,8
TRPIND25082472476106,2025-08-24,MP01,new,18,167,9,8
TRPVIS2508246031d710,2025-08-24,AP01,new,33,324,8,10
TRPSUR250824743bf252,2025-08-24,GJ01,new,6,67,8,6
TRPKOC25082430d2dc3d,2025-08-24,KL01,new,16,207,10,10
TRPIND25082474d64f75,2025-08-24,MP01,new,9,95,8,8
TRPLUC250824638c9698,2025-08-24,UP01,repeated,16,170,7,6
TRPLUC25082472d3ac3e,2025-08-24,UP01,repeated,7,89,7,8
TRPKOC250824e9b4c8ea,2025-08-24,KL01,repeated,35,416,8,10
TRPLUC2508240e35c931,2025-08-24,UP01,repeated,11,125,6,6
TRPCHA250824090e3e79,2025-08-24,CH01,new,12,134,10,8
TRPVAD2508240f4b7137,2025-08-24,GJ02,repeated,15,138,5,7
TRPSUR250824e3f53e27,2025-08-24,GJ01,repeated,9,91,7,7
TRPVIS250824a0931cd1,2025-08-24,AP01,repeated,27,270,7,9
TRPVIS2508247aee65e7,2025-08-24,AP01,new,35,342,9,10
TRPJAI25082426826dab,2025-08-24,RJ01,repeated,39,505,7,10
TRPCHA250824474ac669,2025-08-24,CH01,repeated,19,197,6,7
TRPVAD250824aeaa3969,2025-08-24,GJ02,repeated,6,66,5,5
TRPSUR250824139c479a,2025-08-24,GJ01,new,10,99,7,7
TRPMYS2508245b1911ed,2025-08-24,KA01,new,9,125,10,10
TRPKOC250824782fcc04,2025-08-24,KL01,repeated,13,174,9,9
TRPSUR2508244c9fa8c7,2025-08-24,GJ01,repeated,5,59,7,6
TRPKOC250824e4db64f9,2025-08-24,KL01,new,13,174,10,10
TRPKOC2508248f8abb84,2025-08-24,KL01,repeated,14,185,7,9
TRPJAI2508249795e5c9,2025-08-24,RJ01,new,30,397,8,9
TRPVAD2508244671d8e3,2025-08-24,GJ02,new,18,162,8,6
TRPSUR250824f7c6e672,2025-08-24,GJ01,repeated,11,107,6,5
TRPSUR2508246ce1ef53,2025-08-24,GJ01,repeated,17,155,7,8
TRPJAI2508240f6dffcf,2025-08-24,RJ01,repeated,40,517,8,9
TRPLUC25082445a1ef7c,2025-08-24,UP01,new,20,206,9,8
TRPJAI250824dc345238,2025-08-24,RJ01,repeated,36,469,8,10
TRPSUR250824e0097cf2,2025-08-24,GJ01,new,6,67,8,6
TRPMYS25082480c38420,2025-08-24,KA01,repeated,10,135,9,9
TRPMYS250824b7f58310,2025-08-24,KA01,repeated,9,125,9,8
TRPVIS250824da0178fe,2025-08-24,AP01,repeated,19,198,9,10
TRPLUC250824be7264dc,2025-08-24,UP01,repeated,9,107,5,7
TRPLUC250824ac842c27,2025-08-24,UP01,repeated,10,116,6,5
TRPVAD250824d157e858,2025-08-24,GJ02,repeated,18,162,6,7
TRPIND250824e554b623,2025-08-24,MP01,repeated,19,175,8,7
TRPIND2508244c3dfd68,2025-08-24,MP01,repeated,19,175,9,6
TRPJAI250824c4d9c6e5,2025-08-24,RJ01,new,26,349,9,9
TRPJAI2508245e5706cd,2025-08-24,RJ01,new,38,493,8,9
TRPSUR250824136df9db,2025-08-24,GJ01,repeated,6,67,7,5
TRPVAD2508242581fd4b,2025-08-24,GJ02,repeated,5,58,5,7
TRPJAI2508243616a77e,2025-08-24,RJ01,new,27,361,9,10
TRPKOC250824408aae25,2025-08-24,KL01,repeated,30,361,9,10
TRPJAI250824903a9c86,2025-08-24,RJ01,new,44,565,9,10
TRPVAD250824fd09934d,2025-08-24,GJ02,repeated,5,58,7,6
TRPKOC250824ea418371,2025-08-24,KL01,repeated,16,207,7,9
TRPSUR250824ac63f735,2025-08-24,GJ01,repeated,12,115,6,6
TRPCOI25082418a0cbd8,2025-08-24,TN01,repeated,13,127,8,9
TRPJAI250824f6479b92,2025-08-24,RJ01,repeated,43,553,9,10
TRPCHA250824908b8374,2025-08-24,CH01,new,19,197,9,7
TRPSUR25082431472615,2025-08-24,GJ01,repeated,5,59,6,8
TRPVAD2508247de6c8cf,2025-08-24,GJ02,repeated,5,58,6,8
TRPKOC250824bcd27c42,2025-08-24,KL01,new,28,339,9,8
TRPKOC25082411b96baa,2025-08-24,KL01,new,38,449,8,10
TRPVAD2508240a7ccf9d,2025-08-24,GJ02,new,11,106,2,4
TRPJAI2508248fd36614,2025-08-24,RJ01,new,32,421,8,10
TRPIND250824a8a5143a,2025-08-24,MP01,new,12,119,9,8
TRPSUR25082491d7d293,2025-08-24,GJ01,repeated,7,75,6,7
TRPKOC250824dea4ff29,2025-08-24,KL01,new,25,306,8,8
TRPKOC25082480e6eee8,2025-08-24,KL01,repeated,28,339,9,10
TRPCHA2508244e51baf3,2025-08-24,CH01,new,34,332,7,9
TRPVAD25082477eea210,2025-08-24,GJ02,repeated,5,58,7,5
TRPIND2508247e054590,2025-08-24,MP01,repeated,11,111,9,8
TRPIND2508245dad2b7f,2025-08-24,MP01,repeated,10,103,8,7
TRPLUC2508247e3a2e97,2025-08-24,UP01,repeated,18,188,5,5
TRPKOC250824d777febf,2025-08-24,KL01,new,22,273,9,9
TRPSUR25082499fbf985,2025-08-24,GJ01,repeated,7,75,5,6
TRPSUR25082454713ece,2025-08-24,GJ01,repeated,9,91,6,8
TRPLUC2508249baf502a,2025-08-24,UP01,repeated,13,143,6,6
TRPLUC2508247f1ad0fe,2025-08-24,UP01,repeated,5,71,7,6
TRPCHA250824833ca31f,2025-08-24,CH01,new,13,143,8,7
TRPLUC250824c2785ab4,2025-08-24,UP01,repeated,12,134,7,6
TRPVIS250824f04e6ffd,2025-08-24,AP01,new,24,243,10,10
TRPMYS2508242c53c3ed,2025-08-24,KA01,new,11,145,8,10
TRPLUC2508240ac9cf92,2025-08-24,UP01,new,6,80,9,7
TRPLUC2508243870ceca,2025-08-24,UP01,repeated,6,80,6,7
TRPLUC250824c6d6d225,2025-08-24,UP01,repeated,7,89,7,8
TRPLUC25082421a219dd,2025-08-24,UP01,repeated,18,188,7,5
TRPVAD250824dfc9ceb4,2025-08-24,GJ02,repeated,13,122,6,5
TRPMYS250824ce4163cf,2025-08-24,KA01,new,24,275,10,8
TRPKOC2508245e36d316,2025-08-24,KL01,repeated,13,174,9,10
TRPLUC250824641e872b,2025-08-24,UP01,repeated,14,152,5,7
TRPIND250824e3b854eb,2025-08-24,MP01,new,16,151,9,9
TRPSUR250824cd3a91d9,2025-08-24,GJ01,new,16,147,9,7
TRPSUR25082430380933,2025-08-24,GJ01,repeated,14,131,6,7
TRPJAI250824b08dda81,2025-08-24,RJ01,new,15,217,9,8
TRPVIS2508243241678a,2025-08-24,AP01,repeated,13,144,7,9
TRPVAD250824b5921021,2025-08-24,GJ02,new,5,58,8,8
TRPIND250824a3fcc8e6,2025-08-24,MP01,new,12,119,9,9
TRPKOC2508249a0e4d53,2025-08-24,KL01,repeated,13,174,8,10
TRPLUC25082498ce1a4b,2025-08-24,UP01,new,13,143,8,8
TRPJAI25082485bea989,2025-08-24,RJ01,new,35,457,9,10
TRPLUC250824ea77b57e,2025-08-24,UP01,repeated,11,125,6,7
TRPLUC250824a05fc5b3,2025-08-24,UP01,new,14,152,7,7
TRPSUR25082495674de9,2025-08-24,GJ01,repeated,8,83,5,8
TRPCHA2508243a6ee550,2025-08-24,CH01,new,24,242,7,9
TRPCHA250824b0e2e7e9,2025-08-24,CH01,repeated,30,296,6,9
TRPIND250824332f52d1,2025-08-24,MP01,new,20,183,10,8
TRPSUR250824a0645ef4,2025-08-24,GJ01,repeated,11,107,7,8
TRPVAD250824022860e3,2025-08-24,GJ02,repeated,7,74,7,6
TRPLUC250824735c3d14,2025-08-24,UP01,repeated,14,152,6,7
TRPSUR2508249d1bfe3b,2025-08-24,GJ01,repeated,6,67,7,8
TRPJAI25082426142c4c,2025-08-24,RJ01,new,40,517,8,9
TRPJAI2508241be916ef,2025-08-24,RJ01,new,40,517,10,9
TRPJAI2508240376e5e8,2025-08-24,RJ01,new,38,493,8,9
TRPSUR25082440978f03,2025-08-24,GJ01,repeated,8,83,5,5
TRPIND250824342dce8a,2025-08-24,MP01,repeated,21,191,7,8
TRPKOC250824685a869e,2025-08-24,KL01,new,34,405,9,8
TRPVAD2508247f74c1d8,2025-08-24,GJ02,new,8,82,8,8
TRPIND250824d171746a,2025-08-24,MP01,new,17,159,10,8
TRPLUC2508245a3130e1,2025-08-24,UP01,repeated,7,89,5,6
TRPJAI250824880ba5fb,2025-08-24,RJ01,repeated,39,505,8,9
TRPCOI2508246d37576a,2025-08-24,TN01,repeated,21,191,6,9
TRPJAI2508240ce7ab23,2025-08-24,RJ01,new,19,265,9,9
TRPLUC2508246a5e1d65,2025-08-24,UP01,repeated,10,116,5,6
TRPKOC25082456e030c9,2025-08-24,KL01,repeated,23,284,8,9
TRPLUC250824281c7bf0,2025-08-24,UP01,repeated,17,179,7,6
TRPLUC250824a0ac67a6,2025-08-24,UP01,new,10,116,7,7
TRPSUR2508245b28f10e,2025-08-24,GJ01,repeated,17,155,5,7
TRPCHA2508248decf99f,2025-08-24,CH01,repeated,20,206,9,8
TRPSUR250824fade39a8,2025-08-24,GJ01,repeated,13,123,5,6
TRPCHA2508240dbd3007,2025-08-24,CH01,new,28,278,7,8
TRPSUR250824c94f6af0,2025-08-24,GJ01,repeated,6,67,7,5
TRPKOC250824165abc39,2025-08-24,KL01,new,14,185,10,9
TRPCHA25082401c1333b,2025-08-24,CH01,repeated,20,206,6,8
TRPVIS250824955b6940,2025-08-24,AP01,new,25,252,9,10
TRPSUR250824853c6893,2025-08-24,GJ01,repeated,7,75,7,7
TRPCHA25082481004655,2025-08-24,CH01,new,26,260,8,9
TRPIND25082453c57a59,2025-08-24,MP01,new,25,223,8,9
TRPCHA2508240f56921f,2025-08-24,CH01,repeated,17,179,8,6
TRPCHA25082409dcfc78,2025-08-24,CH01,new,13,143,8,9
TRPSUR250824bd3c4b5f,2025-08-24,GJ01,new,16,147,8,7
TRPVIS250824789eaef5,2025-08-24,AP01,repeated,34,333,8,8
TRPVAD2508249591bd65,2025-08-24,GJ02,repeated,14,130,6,8
TRPKOC250824abc25bf1,2025-08-24,KL01,repeated,29,350,9,9
TRPVAD250824ead89d84,2025-08-24,GJ02,repeated,17,154,6,6
TRPKOC2508249f366b3c,2025-08-24,KL01,new,20,251,9,10
TRPJAI250824b177757f,2025-08-24,RJ01,new,38,493,10,10
TRPIND2508241f708485,2025-08-24,MP01,repeated,17,159,9,7
TRPVAD250824de392819,2025-08-24,GJ02,repeated,18,162,5,5
TRPSUR250824c7a46d5d,2025-08-24,GJ01,repeated,9,91,5,7
TRPLUC2508246c61fcb5,2025-08-24,UP01,repeated,9,107,7,6
TRPSUR250824bac7e1d6,2025-08-24,GJ01,repeated,7,75,7,7
TRPCHA250824245834a0,2025-08-24,CH01,new,24,242,10,7
TRPIND250824d8f741c9,2025-08-24,MP01,repeated,20,183,6,6
TRPLUC2508245a5e90fc,2025-08-24,UP01,repeated,10,116,7,6
TRPKOC250824e6d3aa8b,2025-08-24,KL01,repeated,35,416,8,10
TRPIND2508245d8617af,2025-08-24,MP01,repeated,11,111,7,7
TRPMYS25082428bc7153,2025-08-24,KA01,new,8,115,10,9
TRPCOI250824098df8bf,2025-08-24,TN01,repeated,12,119,8,8
TRPMYS250824c7bf89a2,2025-08-24,KA01,new,18,215,8,10
TRPCHA2508241f2e293f,2025-08-24,CH01,new,16,170,7,9
TRPSUR2508246119238f,2025-08-24,GJ01,new,16,147,7,7
TRPCOI2508241e59131a,2025-08-24,TN01,new,16,151,9,8
TRPIND250824d80aeead,2025-08-24,MP01,repeated,12,119,7,9
TRPLUC2508243127ad80,2025-08-24,UP01,new,10,116,8,6
TRPVIS250824de171c0e,2025-08-24,AP01,repeated,23,234,8,9
TRPVAD250824038b99ac,2025-08-24,GJ02,repeated,15,138,5,6
TRPCOI250824c50034f8,2025-08-24,TN01,repeated,21,191,9,9
TRPSUR250824182c1455,2025-08-24,GJ01,repeated,13,123,5,5
TRPSUR250824194a798d,2025-08-24,GJ01,new,14,131,7,8
TRPLUC25082426e3305a,2025-08-24,UP01,repeated,5,71,5,6
TRPJAI2508245e35f78c,2025-08-24,RJ01,new,35,457,9,8
TRPIND25082495a9b81f,2025-08-24,MP01,new,16,151,9,8
TRPVAD250824f322ceb7,2025-08-24,GJ02,new,11,106,7,8
TRPLUC2508249ccc0205,2025-08-24,UP01,repeated,5,71,6,5
TRPSUR250824c8ff4f74,2025-08-24,GJ01,new,15,139,8,8
TRPSUR2508243194e951,2025-08-24,GJ01,repeated,14,131,7,6
TRPSUR250824b8aad827,2025-08-24,GJ01,repeated,7,75,7,5
TRPLUC250824a1a33ea8,2025-08-24,UP01,repeated,13,143,6,7
TRPLUC2508243e89c805,2025-08-24,UP01,repeated,11,125,6,7
TRPIND250824acbe3cc0,2025-08-24,MP01,repeated,21,191,9,9
TRPCHA250824297a87b9,2025-08-24,CH01,new,17,179,9,9
TRPJAI25082462b59657,2025-08-24,RJ01,repeated,42,541,7,9
TRPLUC25082427179448,2025-08-24,UP01,repeated,10,116,7,8
TRPLUC2508242d275de2,2025-08-24,UP01,repeated,18,188,6,7
TRPKOC25082461fd206c,2025-08-24,KL01,repeated,28,339,8,8
TRPLUC250824d6245081,2025-08-24,UP01,new,14,152,7,7
TRPSUR2508248a0ed885,2025-08-24,GJ01,repeated,16,147,6,7
TRPLUC25082420b6794b,2025-08-24,UP01,repeated,16,170,6,7
TRPLUC2508244212905c,2025-08-24,UP01,repeated,17,179,5,7
TRPCHA2508241d5f03dc,2025-08-24,CH01,repeated,20,206,6,6
TRPMYS2508242f1e8f62,2025-08-24,KA01,new,19,225,9,8
TRPJAI250824b7c946c4,2025-08-24,RJ01,repeated,17,241,9,9
TRPCOI2508248cdaa864,2025-08-24,TN01,repeated,12,119,7,9
TRPJAI25082474d15b31,2025-08-24,RJ01,repeated,24,325,3,1
TRPSUR250824f6ce0d21,2025-08-24,GJ01,repeated,10,99,6,7
TRPLUC250824b250b223,2025-08-24,UP01,repeated,20,206,5,6
TRPLUC25082407b07c40,2025-08-24,UP01,repeated,12,134,7,7
TRPSUR2508241b18e198,2025-08-24,GJ01,repeated,11,107,7,8
TRPJAI250824c0e14099,2025-08-24,RJ01,new,30,397,10,9
TRPLUC2508245ff8939f,2025-08-24,UP01,repeated,9,107,6,8
TRPSUR25082424e5b595,2025-08-24,GJ01,new,5,59,7,8
TRPKOC250824b407bcdd,2025-08-24,KL01,repeated,27,328,7,10
TRPKOC250824df9814dc,2025-08-24,KL01,new,20,251,9,10
TRPCHA250824e38bca9a,2025-08-24,CH01,new,27,269,8,8
TRPSUR250824795508aa,2025-08-24,GJ01,repeated,7,75,5,8
TRPIND250824e4c257ab,2025-08-24,MP01,new,23,207,10,7
TRPVIS25082483fd608a,2025-08-24,AP01,repeated,23,234,8,9
TRPJAI250824c9a9a238,2025-08-24,RJ01,new,18,253,9,8
TRPCOI250824cbca53ef,2025-08-24,TN01,repeated,8,87,7,6
TRPLUC2508241a5b5b96,2025-08-24,UP01,repeated,11,125,5,7
TRPLUC2508244fd598e5,2025-08-24,UP01,repeated,15,161,7,6
TRPVAD250824c791bb64,2025-08-24,GJ02,new,13,122,8,8
TRPCHA2508245a01126c,2025-08-24,CH01,repeated,22,224,8,8
TRPIND25082492736e59,2025-08-24,MP01,new,14,135,8,8
TRPIND2508245ecb9237,2025-08-24,MP01,repeated,8,87,6,9
TRPLUC2508247b23606d,2025-08-24,UP01,repeated,7,89,5,8
TRPCOI2508246bdd38f4,2025-08-24,TN01,repeated,17,159,8,7
TRPCOI2508248c1ec2a3,2025-08-24,TN01,new,21,191,10,7
TRPKOC25082456e0c6ad,2025-08-24,KL01,new,36,427,9,10
TRPCOI250824c87a26c8,2025-08-24,TN01,new,22,199,9,9
TRPSUR2508243e6968e5,2025-08-24,GJ01,new,10,99,9,8
TRPJAI250824a49e3a9e,2025-08-24,RJ01,repeated,41,529,8,9
TRPVAD25082443cbdc72,2025-08-24,GJ02,repeated,17,154,6,8
TRPLUC25082495d27f0a,2025-08-24,UP01,repeated,5,71,5,6
TRPSUR250824dae14dc8,2025-08-24,GJ01,repeated,7,75,5,5
TRPLUC250824fafcd9cf,2025-08-24,UP01,repeated,7,89,5,8
TRPLUC250824ad0dc148,2025-08-24,UP01,repeated,19,197,7,6
TRPKOC250824e3d7238e,2025-08-24,KL01,repeated,28,339,9,8
TRPVAD250824f177ca2c,2025-08-24,GJ02,new,15,138,7,7
TRPJAI250824a1def004,2025-08-24,RJ01,new,21,289,9,9
TRPLUC250824596f0d1b,2025-08-24,UP01,new,16,170,8,8
TRPCOI250824e71ea01f,2025-08-24,TN01,repeated,14,135,7,9
TRPVAD2508249fb38674,2025-08-24,GJ02,new,11,106,8,7
TRPLUC250824b72abd07,2025-08-24,UP01,repeated,9,107,6,7
TRPLUC250824bfcffeb8,2025-08-24,UP01,repeated,10,116,5,8
TRPIND250824cb5adac5,2025-08-24,MP01,repeated,11,111,7,9
TRPVAD250824272914f6,2025-08-24,GJ02,new,13,122,7,7
TRPCOI2508249e9746ea,2025-08-24,TN01,new,20,183,9,7
TRPKOC250824552fe02f,2025-08-24,KL01,new,35,416,10,10
TRPIND2508244253297e,2025-08-24,MP01,repeated,25,223,9,7
TRPVIS25082436982c9d,2025-08-24,AP01,repeated,11,126,7,10
TRPMYS250824610d2703,2025-08-24,KA01,new,25,285,9,10
TRPLUC250824aef954dd,2025-08-24,UP01,repeated,17,179,6,6
TRPSUR250824630d9002,2025-08-24,GJ01,repeated,8,83,6,6
TRPLUC250824c0ba6bf2,2025-08-24,UP01,repeated,6,80,5,6
TRPIND2508242b406fcb,2025-08-24,MP01,repeated,11,111,6,8
TRPLUC250824498750d4,2025-08-24,UP01,repeated,12,134,7,6
TRPLUC25082464eb455d,2025-08-24,UP01,repeated,13,143,6,5
TRPCOI250824914198f5,2025-08-24,TN01,repeated,12,119,8,8
TRPKOC25082476a99c4d,2025-08-24,KL01,repeated,33,394,8,8
TRPCOI250824c5a7ef48,2025-08-24,TN01,new,12,119,9,9
TRPKOC250824cce68418,2025-08-24,KL01,new,34,405,10,10
TRPJAI2508245fbadc15,2025-08-24,RJ01,new,40,517,10,8
TRPLUC25082471493833,2025-08-24,UP01,repeated,14,152,5,5
TRPJAI250824f91ca2e1,2025-08-24,RJ01,repeated,17,241,8,8
TRPLUC250824f5b15b3a,2025-08-24,UP01,new,13,143,7,8
TRPIND250824262aeb4d,2025-08-24,MP01,new,13,127,8,8
TRPKOC250824ac9b7803,2025-08-24,KL01,new,17,218,10,9
TRPKOC250824b90c813a,2025-08-24,KL01,repeated,30,361,8,10
TRPJAI25082496dbfffa,2025-08-24,RJ01,repeated,17,241,7,10
TRPJAI2508245fd1b568,2025-08-24,RJ01,new,28,373,8,8
TRPLUC25082463d1745b,2025-08-24,UP01,new,11,125,8,6
TRPLUC250824616b3e85,2025-08-24,UP01,repeated,11,125,6,7
TRPSUR250824591ed461,2025-08-24,GJ01,repeated,15,139,6,7
TRPSUR250824e3f45d0e,2025-08-24,GJ01,repeated,8,83,7,7
TRPLUC250824184c4722,2025-08-24,UP01,new,10,116,8,8
TRPSUR250824de0556c8,2025-08-24,GJ01,repeated,8,83,6,8
TRPJAI2508241201bf70,2025-08-24,RJ01,new,43,553,10,10
TRPJAI250824772b6636,2025-08-24,RJ01,new,27,361,10,10
TRPKOC250824800ce344,2025-08-24,KL01,repeated,32,383,8,10
TRPCOI250824cd042673,2025-08-24,TN01,repeated,12,119,9,7
TRPIND2508245640e5f4,2025-08-24,MP01,new,25,223,8,8
TRPLUC250824130caff7,2025-08-24,UP01,repeated,17,179,5,8
TRPLUC250824e1c497fc,2025-08-24,UP01,new,6,80,8,8
TRPLUC2508240e11f590,2025-08-24,UP01,repeated,13,143,6,7
TRPSUR250824646aff45,2025-08-24,GJ01,repeated,12,115,6,7
TRPJAI25082425a15596,2025-08-24,RJ01,repeated,30,397,7,8
TRPLUC2508244deae498,2025-08-24,UP01,repeated,5,71,5,6
TRPJAI25082484e6cbc0,2025-08-24,RJ01,repeated,41,529,9,8
TRPJAI2508241e41b391,2025-08-24,RJ01,repeated,35,457,9,9
TRPLUC2508241493305d,2025-08-24,UP01,repeated,10,116,7,6
TRPLUC2508242adb825b,2025-08-24,UP01,new,8,98,7,8
TRPSUR25082446479d26,2025-08-24,GJ01,repeated,14,131,7,6
TRPSUR25082462c6a304,2025-08-24,GJ01,repeated,6,67,6,8
TRPCHA250824ee10b052,2025-08-24,CH01,new,30,296,8,7
TRPLUC250824e67522d0,2025-08-24,UP01,repeated,20,206,5,6
TRPIND250824294e7077,2025-08-24,MP01,repeated,19,175,6,8
TRPVIS2508246d8e18b6,2025-08-24,AP01,repeated,31,306,8,8
TRPVAD250824246bcf98,2025-08-24,GJ02,new,14,130,9,8
TRPIND2508242c8adf80,2025-08-24,MP01,repeated,25,223,7,9
TRPJAI2508242cf23be7,2025-08-24,RJ01,repeated,35,457,8,9
TRPKOC2508245fff3529,2025-08-24,KL01,new,15,196,10,10
TRPVAD250824d7113da5,2025-08-24,GJ02,repeated,14,130,7,5
TRPJAI2508245c80f071,2025-08-24,RJ01,repeated,43,553,9,9
TRPIND250824af12bc07,2025-08-24,MP01,repeated,25,223,6,9
TRPLUC250824b26f18df,2025-08-24,UP01,new,18,188,8,8
TRPIND250824f0a47458,2025-08-24,MP01,repeated,21,191,6,6
TRPVAD25082432e65225,2025-08-24,GJ02,repeated,6,66,6,6
TRPJAI25082429752a15,2025-08-24,RJ01,repeated,34,445,8,8
TRPKOC250824b107452c,2025-08-24,KL01,new,30,361,8,9
TRPLUC25082466b543ec,2025-08-24,UP01,repeated,19,197,6,7
TRPCHA25082498a7d89a,2025-08-24,CH01,repeated,24,242,8,8
TRPJAI250824044b4f40,2025-08-24,RJ01,new,26,349,10,8
TRPLUC25082444c55f44,2025-08-24,UP01,repeated,6,80,6,8
TRPLUC250824b62f3309,2025-08-24,UP01,repeated,15,161,5,6
TRPSUR2508241c815fbb,2025-08-24,GJ01,repeated,14,131,5,6
TRPSUR250824be9cb740,2025-08-24,GJ01,repeated,10,99,7,6
TRPLUC25082407db7cf1,2025-08-24,UP01,repeated,16,170,5,5
TRPKOC250824c274f542,2025-08-24,KL01,new,17,218,10,10
TRPLUC25082435bd0d49,2025-08-24,UP01,repeated,20,206,7,8
TRPKOC2508241c9ecfea,2025-08-24,KL01,new,37,438,9,9
TRPKOC250824aa6e7054,2025-08-24,KL01,new,13,174,10,8
TRPCOI250824285a7465,2025-08-24,TN01,new,17,159,8,7
TRPLUC250824e9eafdf2,2025-08-24,UP01,new,14,152,8,7
TRPMYS250824d8add15e,2025-08-24,KA01,new,17,205,10,9
TRPCOI250824fa0c51d9,2025-08-24,TN01,repeated,17,159,7,7
TRPKOC250824a7fb6822,2025-08-24,KL01,repeated,18,229,9,9
TRPVIS2508242162f42e,2025-08-24,AP01,repeated,17,180,9,8
TRPKOC2508247ade1f2b,2025-08-24,KL01,new,23,284,10,8
TRPKOC2508248d83f888,2025-08-24,KL01,new,17,218,9,10
TRPKOC250824eb5493a9,2025-08-24,KL01,repeated,36,427,8,10
TRPVIS2508246288c16d,2025-08-24,AP01,new,23,234,9,8
TRPVAD2508247a6536d2,2025-08-24,GJ02,repeated,7,74,6,5
TRPSUR250824ee2a92bc,2025-08-24,GJ01,repeated,9,91,6,8
TRPKOC25082429a88066,2025-08-24,KL01,repeated,21,262,7,9
TRPLUC250824da645efb,2025-08-24,UP01,repeated,13,143,7,5
TRPJAI250824dd9e73c3,2025-08-24,RJ01,repeated,33,433,9,9
TRPJAI2508243f75cc5b,2025-08-24,RJ01,repeated,44,565,9,8
TRPSUR250824044dec7d,2025-08-24,GJ01,repeated,13,123,6,8
TRPMYS25082456418ae9,2025-08-24,KA01,new,13,165,8,8
TRPLUC250824fa6403e4,2025-08-24,UP01,repeated,13,143,7,5
TRPCHA2508242b0ae555,2025-08-24,CH01,repeated,16,170,7,7
TRPKOC250824af9fcc22,2025-08-24,KL01,repeated,13,174,9,9
TRPLUC250824daa66de5,2025-08-24,UP01,repeated,8,98,7,6
TRPIND250824a674e32f,2025-08-24,MP01,new,16,151,9,9
TRPMYS250824a6cbc7c5,2025-08-24,KA01,new,24,275,9,8
TRPVAD250824e1665ea2,2025-08-24,GJ02,new,9,90,9,7
TRPIND250824cd24f475,2025-08-24,MP01,new,25,223,9,9
TRPJAI250824cf5b05ad,2025-08-24,RJ01,new,31,409,10,8
TRPVAD2508246496766d,2025-08-24,GJ02,repeated,17,154,7,5
TRPVIS2508245c8eb5d4,2025-08-24,AP01,repeated,34,333,8,10
TRPIND2508241e3a4cec,2025-08-24,MP01,repeated,10,103,8,7
TRPVIS2508248259db24,2025-08-24,AP01,repeated,19,198,7,10
TRPVAD250824ab82cfad,2025-08-24,GJ02,repeated,18,162,7,7
TRPLUC250824a63fb142,2025-08-24,UP01,repeated,10,116,6,6
TRPLUC250824afbc83b0,2025-08-24,UP01,repeated,8,98,7,5
TRPJAI2508242282456d,2025-08-24,RJ01,new,45,577,8,9
TRPIND25082421b89f0f,2025-08-24,MP01,repeated,11,111,7,6
TRPJAI250824bfb52948,2025-08-24,RJ01,new,30,397,8,8
TRPJAI250824909a38b3,2025-08-24,RJ01,new,37,481,10,9
TRPJAI250824a9996383,2025-08-24,RJ01,repeated,23,313,8,8
TRPLUC250824bae6560f,2025-08-24,UP01,new,12,134,8,7
TRPLUC2508240ba601f9,2025-08-24,UP01,repeated,16,170,7,6
TRPSUR25082429cf65b3,2025-08-24,GJ01,repeated,6,67,6,7
TRPLUC2508249f6cba73,2025-08-24,UP01,repeated,16,170,5,8
TRPMYS250824e96068f6,2025-08-24,KA01,new,16,195,9,10
TRPSUR250824252ee776,2025-08-24,GJ01,repeated,10,99,5,8
TRPVAD2508243a8e11b7,2025-08-24,GJ02,new,8,82,7,6
TRPCHA25082473fb1b34,2025-08-24,CH01,new,24,242,9,7
TRPLUC25082474952c02,2025-08-24,UP01,repeated,19,197,5,7
TRPCHA2508243fcded31,2025-08-24,CH01,repeated,20,206,7,8
TRPKOC2508241af2ea35,2025-08-24,KL01,new,14,185,10,9
TRPCOI250824b95154cc,2025-08-24,TN01,new,22,199,8,8
TRPJAI2508249f55589a,2025-08-24,RJ01,new,42,541,8,8
TRPIND250824d3fade22,2025-08-24,MP01,repeated,9,95,6,8
TRPIND2508242ba934b4,2025-08-24,MP01,repeated,22,199,6,9
TRPVIS250824f5a78438,2025-08-24,AP01,repeated,11,126,8,9
TRPLUC25082433ee9d6c,2025-08-24,UP01,new,5,71,9,7
TRPJAI2508244366dd00,2025-08-24,RJ01,repeated,19,265,9,9
TRPLUC2508241277f368,2025-08-24,UP01,repeated,16,170,4,1
TRPCOI25082480d7d0f5,2025-08-24,TN01,repeated,12,119,7,6
TRPVAD250824033c9fc9,2025-08-24,GJ02,repeated,14,130,5,7
TRPJAI2508247c78a76a,2025-08-24,RJ01,new,26,349,8,10
TRPLUC250824ce06c93a,2025-08-24,UP01,repeated,18,188,7,6
TRPKOC250824301a1add,2025-08-24,KL01,new,26,317,10,9
TRPLUC2508247205eb11,2025-08-24,UP01,repeated,11,125,7,5
TRPSUR250824ec138f9c,2025-08-24,GJ01,repeated,17,155,7,7
TRPIND25082400f35243,2025-08-24,MP01,repeated,21,191,8,6
TRPLUC25082404fb006c,2025-08-24,UP01,repeated,18,188,7,8
TRPMYS250824d3c18c52,2025-08-24,KA01,new,20,235,9,8
TRPJAI2508247f6cd94e,2025-08-24,RJ01,new,21,289,9,8
TRPJAI2508247e849a41,2025-08-24,RJ01,repeated,17,241,8,9
TRPSUR250824d49b661e,2025-08-24,GJ01,repeated,9,91,5,6
TRPCHA250824458179ba,2025-08-24,CH01,new,22,224,10,8
TRPVIS250824a59c175b,2025-08-24,AP01,new,29,288,9,9
TRPKOC250824cfada633,2025-08-24,KL01,new,27,328,9,9
TRPCHA250824194f2a35,2025-08-24,CH01,new,26,260,7,8
TRPLUC25082467517b05,2025-08-24,UP01,new,14,152,7,6
TRPLUC2508240c1d1c36,2025-08-24,UP01,new,14,152,9,8
TRPCOI250824f663f4cc,2025-08-24,TN01,repeated,16,151,7,9
TRPLUC250824991ec6ff,2025-08-24,UP01,repeated,15,161,7,5
TRPVAD2508245cfa720a,2025-08-24,GJ02,repeated,11,106,6,6
TRPSUR2508241554cd7a,2025-08-24,GJ01,repeated,8,83,5,5
TRPCHA2508242c9e45df,2025-08-24,CH01,new,32,314,7,7
TRPCHA250824651b4079,2025-08-24,CH01,repeated,20,206,8,8
TRPLUC2508244556385f,2025-08-24,UP01,repeated,20,206,7,8
TRPCHA250824e46c362f,2025-08-24,CH01,new,32,314,7,8
TRPJAI250824799cdbd6,2025-08-24,RJ01,new,45,577,10,8
TRPKOC250824420e9bc5,2025-08-24,KL01,new,35,416,9,9
TRPLUC25082461b35ee4,2025-08-24,UP01,repeated,12,134,5,6
TRPCHA250824d624ecb8,2025-08-24,CH01,new,35,341,7,8
TRPCHA25082461d38373,2025-08-24,CH01,repeated,32,314,7,7
TRPJAI250824bb9b2486,2025-08-24,RJ01,repeated,23,313,7,9
TRPVAD2508248d26f771,2025-08-24,GJ02,new,15,138,8,8
TRPLUC2508240f11366a,2025-08-24,UP01,repeated,10,116,5,8
TRPCHA2508248d45b3d2,2025-08-24,CH01,new,34,332,9,9
TRPLUC250824acc65961,2025-08-24,UP01,repeated,6,80,6,6
TRPJAI250824d0d07e5e,2025-08-24,RJ01,new,16,229,8,8
TRPVAD25082413bb6b6b,2025-08-24,GJ02,repeated,5,58,5,7
TRPKOC2508248bf4f1e3,2025-08-24,KL01,new,35,416,10,10
TRPKOC25082471b96333,2025-08-24,KL01,new,31,372,8,9
TRPJAI2508242db120b3,2025-08-24,RJ01,repeated,33,433,7,10
TRPSUR250824ba7fd108,2025-08-24,GJ01,repeated,13,123,5,6
TRPCOI250824f9204a10,2025-08-24,TN01,new,14,135,7,9
TRPJAI250824228b91a7,2025-08-24,RJ01,new,44,565,10,10
TRPCHA2508243ed2ac09,2025-08-24,CH01,new,29,287,8,9
TRPJAI25082438d29c0f,2025-08-24,RJ01,repeated,21,289,9,9
TRPLUC2508249e9fbb10,2025-08-24,UP01,repeated,8,98,5,5
TRPVAD2508248f48da55,2025-08-24,GJ02,new,17,154,8,7
TRPLUC25082443e89ea0,2025-08-24,UP01,repeated,10,116,5,6
TRPCOI250824c8ccab02,2025-08-24,TN01,new,9,95,7,9
TRPSUR250824760492d1,2025-08-24,GJ01,new,16,147,9,7
TRPJAI25082446c1fbf4,2025-08-24,RJ01,new,16,229,10,9
TRPLUC2508247f79f316,2025-08-24,UP01,repeated,11,125,6,6
TRPJAI250824c7018c58,2025-08-24,RJ01,repeated,37,481,8,10
TRPVAD250824d9f62b50,2025-08-24,GJ02,new,8,82,7,6
TRPKOC250824939f7c1f,2025-08-24,KL01,repeated,19,240,9,10
TRPCHA250824e21624f0,2025-08-24,CH01,new,33,323,7,7
TRPKOC2508244decbfc8,2025-08-24,KL01,new,36,427,10,9
TRPKOC25082484ead41e,2025-08-24,KL01,new,25,306,9,8
TRPLUC250824b360bb49,2025-08-24,UP01,new,17,179,7,6
TRPKOC250824c5447b68,2025-08-24,KL01,new,30,361,10,8
TRPLUC25082458b2644b,2025-08-24,UP01,repeated,9,107,6,5
TRPCOI25082446d096fb,2025-08-24,TN01,new,17,159,8,8
TRPVIS250824552c1370,2025-08-24,AP01,new,32,315,10,9
TRPJAI2508243b80ba81,2025-08-24,RJ01,repeated,34,445,9,8
TRPSUR2508244d06eeae,2025-08-24,GJ01,repeated,11,107,7,6
TRPJAI250824484b72a3,2025-08-24,RJ01,new,15,217,2,3
TRPIND250824ff20302b,2025-08-24,MP01,repeated,17,159,8,8
TRPCHA25082456f19db3,2025-08-24,CH01,repeated,21,215,6,7
TRPJAI250824ef5041a6,2025-08-24,RJ01,repeated,24,325,8,10
TRPJAI250824bd320f83,2025-08-24,RJ01,repeated,36,469,7,8
TRPCHA2508241fa725dd,2025-08-24,CH01,repeated,29,287,6,7
TRPSUR250824a210f038,2025-08-24,GJ01,repeated,7,75,7,5
TRPIND2508247f0143fb,2025-08-24,MP01,repeated,25,223,7,6
TRPMYS250824b5aac80c,2025-08-24,KA01,new,12,155,9,9
TRPKOC250824c18df286,2025-08-24,KL01,new,18,229,9,10
TRPCHA2508247e47db61,2025-08-24,CH01,new,35,341,9,9
TRPLUC250824aeb5032f,2025-08-24,UP01,repeated,7,89,5,7
TRPKOC250824430bd93a,2025-08-24,KL01,repeated,16,207,7,9
TRPVIS250824736b6154,2025-08-24,AP01,repeated,30,297,7,8
TRPKOC2508249f3295ff,2025-08-24,KL01,new,13,174,9,8
TRPSUR250824f2529ea2,2025-08-24,GJ01,repeated,13,123,7,5
TRPKOC2508249b68f102,2025-08-24,KL01,new,16,207,8,8
TRPVAD25082477d4a9f5,2025-08-24,GJ02,repeated,6,66,7,5
TRPMYS250824fc656282,2025-08-24,KA01,repeated,8,115,7,10
TRPLUC25082413b95cea,2025-08-24,UP01,repeated,8,98,7,6
TRPIND2508249aa47c26,2025-08-24,MP01,repeated,17,159,9,9
TRPLUC250824b2adb51b,2025-08-24,UP01,new,10,116,8,8
TRPJAI25082440b0b4d6,2025-08-24,RJ01,new,41,529,8,10
TRPLUC250824a0f6bb82,2025-08-24,UP01,repeated,17,179,5,6
TRPSUR250824f3cf1ea2,2025-08-24,GJ01,repeated,12,115,6,7
TRPJAI250824b3efd9aa,2025-08-24,RJ01,new,42,541,10,8
TRPMYS250824b5566505,2025-08-24,KA01,new,15,185,8,10
TRPSUR250824a686ddb0,2025-08-24,GJ01,new,11,107,8,7
TRPIND250824a4a08e68,2025-08-24,MP01,repeated,24,215,6,7
TRPCHA25082414e9567a,2025-08-24,CH01,repeated,25,251,9,7
TRPLUC250824970aeff3,2025-08-24,UP01,repeated,17,179,7,6
TRPLUC2508249eec6dc6,2025-08-24,UP01,new,17,179,8,6
TRPJAI250824a69eda3d,2025-08-24,RJ01,repeated,45,577,9,9
TRPLUC250824b5de5e53,2025-08-24,UP01,repeated,19,197,5,5
TRPLUC250824cf148c4c,2025-08-24,UP01,new,14,152,9,7
TRPIND2508245204ae85,2025-08-24,MP01,new,9,95,7,7
TRPSUR250824b6e8a502,2025-08-24,GJ01,repeated,12,115,6,6
TRPCHA250824c7f51b81,2025-08-24,CH01,repeated,13,143,8,9
TRPSUR250824d0dd5f9e,2025-08-24,GJ01,repeated,6,67,5,5
TRPLUC250824e23d348b,2025-08-24,UP01,repeated,9,107,5,8
TRPLUC25082404ac5eca,2025-08-24,UP01,repeated,12,134,5,8
TRPVAD250824bb5898c7,2025-08-24,GJ02,repeated,18,162,5,8
TRPSUR2508247e976552,2025-08-24,GJ01,repeated,6,67,7,5
TRPLUC250824f7b0c10b,2025-08-24,UP01,new,14,152,7,8
TRPVAD250824e7ca5455,2025-08-24,GJ02,repeated,7,74,6,7
TRPJAI250824836fcd3f,2025-08-24,RJ01,new,24,325,9,8
TRPJAI250824640499f1,2025-08-24,RJ01,repeated,40,517,8,8
TRPCHA25082418ce669f,2025-08-24,CH01,repeated,15,161,8,6
TRPSUR25082418727e8d,2025-08-24,GJ01,repeated,14,131,7,6
TRPJAI2508243e083563,2025-08-24,RJ01,repeated,24,325,7,9
TRPVIS250824cb3adf22,2025-08-24,AP01,new,29,288,9,10
TRPLUC2508245d7ff83f,2025-08-24,UP01,new,13,143,8,8
TRPJAI250824e228d942,2025-08-24,RJ01,repeated,36,469,9,8
TRPSUR250824cdf5c88f,2025-08-24,GJ01,repeated,12,115,7,8
TRPCHA25082446ace9c7,2025-08-24,CH01,repeated,25,251,6,8
TRPSUR250824ba9bc1da,2025-08-24,GJ01,repeated,11,107,7,6
TRPIND2508243c13c456,2025-08-24,MP01,new,23,207,7,8
TRPCOI2508249f2f46c6,2025-08-24,TN01,repeated,22,199,8,6
TRPKOC250824dc447cfb,2025-08-24,KL01,new,30,361,9,10
TRPJAI2508243f7691bb,2025-08-24,RJ01,new,15,217,8,9
TRPVAD25082479389c5f,2025-08-24,GJ02,repeated,6,66,5,7
TRPIND250824a3040deb,2025-08-24,MP01,new,19,175,9,9
TRPSUR25082471a7d8e4,2025-08-24,GJ01,repeated,11,107,6,8
TRPCHA25082481232b8b,2025-08-24,CH01,new,26,260,10,8
TRPSUR250824e9183d61,2025-08-24,GJ01,new,16,147,7,7
TRPLUC250824e987d2c6,2025-08-24,UP01,repeated,16,170,6,5
TRPLUC2508243bd17fe8,2025-08-24,UP01,repeated,20,206,5,7
TRPKOC250824295aaf12,2025-08-24,KL01,new,27,328,10,9
TRPSUR2508245aeeef32,2025-08-24,GJ01,new,10,99,8,7
TRPCOI25082447638016,2025-08-24,TN01,repeated,16,151,6,7
TRPVAD2508249f66ca5a,2025-08-24,GJ02,new,18,162,7,8
TRPCHA25082449095aed,2025-08-24,CH01,repeated,19,197,8,7
TRPLUC250824729247d7,2025-08-24,UP01,repeated,18,188,6,6
TRPCOI250824a8972d19,2025-08-24,TN01,repeated,12,119,8,7
