trip_id,date,city_id,passenger_type,distance_travelled(km),fare_amount,passenger_rating,driver_rating
TRPIND25081620f10bee,2025-08-16,MP01,new,15,143,10,7
TRPCOI2508160c640fc0,2025-08-16,TN01,repeated,20,183,6,8
TRPSUR250816d5a2802c,2025-08-16,GJ01,repeated,10,99,7,5
TRPSUR2508160a6babec,2025-08-16,GJ01,repeated,14,131,6,5
TRPCHA250816babdc0d9,2025-08-16,CH01,new,28,278,10,8
TRPCHA2508167ed4fad0,2025-08-16,CH01,new,26,260,8,8
TRPJAI25081681ea71e1,2025-08-16,RJ01,repeated,31,409,9,9
TRPCHA250816a50ef509,2025-08-16,CH01,repeated,34,332,9,6
TRPCHA250816243b4357,2025-08-16,CH01,new,30,296,7,9
TRPVIS25081644e2343a,2025-08-16,AP01,new,25,252,8,10
TRPJAI250816ccc0c0ef,2025-08-16,RJ01,new,26,349,8,10
TRPKOC250816dd3a5221,2025-08-16,KL01,new,13,174,10,10
TRPSUR250816daa67302,2025-08-16,GJ01,repeated,10,99,5,5
TRPCOI250816c12e836f,2025-08-16,TN01,new,9,95,7,9
TRPLUC250816a282d140,2025-08-16,UP01,repeated,8,98,6,8
TRPCOI25081640929412,2025-08-16,TN01,new,19,175,8,7
TRPJAI250816112ee241,2025-08-16,RJ01,repeated,15,217,9,9
TRPSUR2508169ca4068d,2025-08-16,GJ01,new,15,139,8,7
TRPSUR25081600798d62,2025-08-16,GJ01,repeated,12,115,5,5
TRPIND250816659db201,2025-08-16,MP01,repeated,8,87,9,8
TRPKOC250816c0a39694,2025-08-16,KL01,new,10,141,8,8
TRPLUC2508163d01f76c,2025-08-16,UP01,repeated,9,107,6,6
TRPCHA2508163c959b52,2025-08-16,CH01,repeated,31,305,6,6
TRPCOI2508166ab77812,2025-08-16,TN01,repeated,19,175,6,9
TRPKOC25081610a4e5ce,2025-08-16,KL01,new,18,229,9,8
TRPVIS25081644ad812e,2025-08-16,AP01,new,16,171,9,10
TRPCHA250816f3a0d37d,2025-08-16,CH01,new,20,206,7,8
TRPLUC25081609419c78,2025-08-16,UP01,new,18,188,7,8
TRPLUC250816ac843ad2,2025-08-16,UP01,repeated,17,179,6,6
TRPIND250816cb3870f5,2025-08-16,MP01,repeated,11,111,7,7
TRPIND250816b4d37714,2025-08-16,MP01,repeated,19,175,9,6
TRPCHA25081686764b58,2025-08-16,CH01,new,20,206,8,8
TRPLUC2508164636f5ef,2025-08-16,UP01,repeated,11,125,6,8
TRPIND250816d6f6d280,2025-08-16,MP01,repeated,11,111,7,6
TRPJAI2508161871b091,2025-08-16,RJ01,repeated,16,229,7,8
TRPKOC250816a9064b59,2025-08-16,KL01,repeated,22,273,9,8
TRPIND2508160514f882,2025-08-16,MP01,repeated,15,143,7,9
TRPVAD25081619a92b50,2025-08-16,GJ02,new,18,162,9,7
TRPLUC2508162d661686,2025-08-16,UP01,new,8,98,7,7
TRPKOC250816935c9b4c,2025-08-16,KL01,repeated,13,174,7,8
TRPCOI2508168302a2f2,2025-08-16,TN01,repeated,22,199,6,8
TRPVIS250816152e860c,2025-08-16,AP01,repeated,34,333,7,8
TRPJAI2508160051833b,2025-08-16,RJ01,repeated,20,277,9,9
TRPCHA250816c65adbe5,2025-08-16,CH01,repeated,15,161,9,7
TRPJAI2508164cf914fb,2025-08-16,RJ01,new,31,409,8,9
TRPJAI25081664e32975,2025-08-16,RJ01,new,39,505,10,8
TRPLUC250816d688aba0,2025-08-16,UP01,repeated,11,125,3,3
TRPCOI250816e781c674,2025-08-16,TN01,new,11,111,9,8
TRPIND250816d1604bb9,2025-08-16,MP01,repeated,9,95,9,8
TRPIND2508164822c361,2025-08-16,MP01,new,11,111,9,9
TRPJAI250816e1e66290,2025-08-16,RJ01,repeated,39,505,7,10
TRPIND25081657a51a70,2025-08-16,MP01,new,21,191,7,9
TRPLUC250816455f9c72,2025-08-16,UP01,repeated,20,206,7,8
TRPJAI250816fdac7d53,2025-08-16,RJ01,new,43,553,9,9
TRPJAI2508165f865b4b,2025-08-16,RJ01,new,27,361,10,10
TRPKOC250816655e01d9,2025-08-16,KL01,repeated,23,284,8,9
TRPLUC250816c67bbf0d,2025-08-16,UP01,repeated,8,98,5,8
TRPJAI25081618c88a4c,2025-08-16,RJ01,repeated,26,349,9,10
TRPKOC25081691f23b4d,2025-08-16,KL01,new,11,152,10,8
TRPLUC250816725a71ce,2025-08-16,UP01,repeated,9,107,5,8
TRPVIS2508166b013e9e,2025-08-16,AP01,new,18,189,8,10
TRPIND2508162ce30034,2025-08-16,MP01,repeated,12,119,9,7
TRPVIS250816f5ab431e,2025-08-16,AP01,repeated,26,261,9,10
TRPSUR250816fd7dbc1a,2025-08-16,GJ01,repeated,8,83,6,5
TRPSUR250816d74cb651,2025-08-16,GJ01,repeated,16,147,5,5
TRPSUR250816e1ae3285,2025-08-16,GJ01,repeated,7,75,6,5
TRPJAI2508165cfeafda,2025-08-16,RJ01,repeated,28,373,8,9
TRPKOC2508169ce3b1e0,2025-08-16,KL01,repeated,27,328,9,8
TRPJAI2508164f0c02eb,2025-08-16,RJ01,new,19,265,8,10
TRPJAI250816a931766b,2025-08-16,RJ01,new,41,529,9,9
TRPSUR25081644b81692,2025-08-16,GJ01,repeated,10,99,6,7
TRPVIS2508165d8cc7e4,2025-08-16,AP01,new,31,306,8,9
TRPJAI25081603eb84ae,2025-08-16,RJ01,repeated,35,457,7,8
TRPMYS25081631f17154,2025-08-16,KA01,new,9,125,10,9
TRPJAI25081697946f86,2025-08-16,RJ01,repeated,30,397,7,10
TRPKOC2508167361a8bd,2025-08-16,KL01,new,11,152,10,10
TRPLUC250816184062d4,2025-08-16,UP01,repeated,20,206,6,7
TRPVIS250816676ba20e,2025-08-16,AP01,new,12,135,8,8
TRPVAD250816c528a702,2025-08-16,GJ02,repeated,7,74,5,7
TRPKOC250816215c2c8a,2025-08-16,KL01,repeated,28,339,7,10
TRPKOC2508165836a85d,2025-08-16,KL01,new,38,449,8,9
TRPCHA250816ef312efd,2025-08-16,CH01,repeated,30,296,9,8
TRPJAI250816023199db,2025-08-16,RJ01,new,33,433,9,8
TRPVAD2508160ff79057,2025-08-16,GJ02,repeated,7,74,7,7
TRPJAI2508160663058a,2025-08-16,RJ01,new,40,517,10,10
TRPCHA250816dba2dc5c,2025-08-16,CH01,repeated,22,224,6,7
TRPJAI250816d8f25cbd,2025-08-16,RJ01,repeated,23,313,7,9
TRPIND250816f6b50a23,2025-08-16,MP01,repeated,23,207,8,6
TRPLUC250816b5735e03,2025-08-16,UP01,repeated,17,179,5,8
TRPVAD250816c87c718e,2025-08-16,GJ02,new,5,58,7,8
TRPVAD25081687d6fee0,2025-08-16,GJ02,repeated,13,122,7,7
TRPJAI250816674efe00,2025-08-16,RJ01,repeated,33,433,7,8
TRPLUC2508160b794de9,2025-08-16,UP01,repeated,6,80,5,5
TRPSUR2508166a68de1d,2025-08-16,GJ01,repeated,8,83,7,7
TRPJAI250816e3489951,2025-08-16,RJ01,new,37,481,9,9
TRPLUC250816177b36c9,2025-08-16,UP01,repeated,14,152,6,6
TRPJAI250816e0e07220,2025-08-16,RJ01,new,34,445,9,10
TRPLUC250816730d163b,2025-08-16,UP01,new,8,98,8,7
TRPMYS25081623c0afe8,2025-08-16,KA01,new,9,125,9,10
TRPLUC25081640a03cda,2025-08-16,UP01,repeated,11,125,6,8
TRPJAI2508161ed109fb,2025-08-16,RJ01,repeated,22,301,9,10
TRPVIS2508166da82b08,2025-08-16,AP01,repeated,33,324,8,9
TRPJAI25081684c564ab,2025-08-16,RJ01,repeated,37,481,8,9
TRPSUR250816d05973f6,2025-08-16,GJ01,repeated,14,131,5,7
TRPSUR250816a594e9d2,2025-08-16,GJ01,new,8,83,8,8
TRPCHA250816a9c87b1d,2025-08-16,CH01,repeated,25,251,6,6
TRPVAD25081634d56c94,2025-08-16,GJ02,new,13,122,7,6
TRPVIS250816d1a474ea,2025-08-16,AP01,new,28,279,10,9
TRPVAD2508161d21c399,2025-08-16,GJ02,new,10,98,8,6
TRPVAD25081690becef4,2025-08-16,GJ02,repeated,13,122,5,5
TRPIND250816f1fc1e16,2025-08-16,MP01,repeated,19,175,9,7
TRPSUR25081650aa6043,2025-08-16,GJ01,new,10,99,7,7
TRPCHA250816b229678a,2025-08-16,CH01,repeated,15,161,6,9
TRPCHA25081641fe45f5,2025-08-16,CH01,repeated,30,296,7,9
TRPKOC25081674e0bce7,2025-08-16,KL01,new,18,229,9,9
TRPCHA250816146c90d6,2025-08-16,CH01,repeated,14,152,9,8
TRPVAD250816455f0d73,2025-08-16,GJ02,new,13,122,8,6
TRPCHA250816d0a69e56,2025-08-16,CH01,new,25,251,10,9
TRPCOI2508163d27bbac,2025-08-16,TN01,new,9,95,8,7
TRPLUC250816e8249158,2025-08-16,UP01,repeated,6,80,6,7
TRPVAD25081622568828,2025-08-16,GJ02,new,7,74,9,8
TRPLUC2508167e4018ce,2025-08-16,UP01,repeated,11,125,7,8
TRPKOC2508169204803c,2025-08-16,KL01,new,32,383,9,9
TRPVIS250816550745f1,2025-08-16,AP01,new,21,216,10,8
TRPJAI2508164fc50e34,2025-08-16,RJ01,repeated,27,361,8,8
TRPJAI250816116395c2,2025-08-16,RJ01,new,22,301,9,10
TRPJAI250816160a7333,2025-08-16,RJ01,new,17,241,10,8
TRPJAI250816dd6898d9,2025-08-16,RJ01,repeated,24,325,8,8
TRPSUR2508160b5a30f4,2025-08-16,GJ01,repeated,8,83,7,6
TRPLUC250816cf8be21e,2025-08-16,UP01,repeated,14,152,7,8
TRPVIS250816999ba1a8,2025-08-16,AP01,new,35,342,8,9
TRPJAI25081690572d7e,2025-08-16,RJ01,new,30,397,8,8
TRPLUC25081671891948,2025-08-16,UP01,new,5,71,9,7
TRPVAD2508168bada9fa,2025-08-16,GJ02,new,10,98,9,7
TRPLUC2508160103fafc,2025-08-16,UP01,repeated,6,80,6,5
TRPSUR25081666e1313e,2025-08-16,GJ01,repeated,12,115,7,7
TRPCHA250816bdd0b12b,2025-08-16,CH01,new,24,242,10,8
TRPKOC250816d423f6e2,2025-08-16,KL01,new,16,207,9,8
TRPCOI250816a20b8529,2025-08-16,TN01,repeated,12,119,6,9
TRPCOI250816c903600a,2025-08-16,TN01,repeated,11,111,8,6
TRPJAI2508164e6ee7a5,2025-08-16,RJ01,new,23,313,10,8
TRPKOC2508162f547b33,2025-08-16,KL01,repeated,16,207,9,9
TRPKOC250816445e1836,2025-08-16,KL01,new,10,141,8,10
TRPJAI250816ed13bf66,2025-08-16,RJ01,new,25,337,8,8
TRPSUR250816ea49f79e,2025-08-16,GJ01,new,11,107,7,7
TRPLUC250816003e1ae0,2025-08-16,UP01,repeated,8,98,7,5
TRPIND250816950a1bb5,2025-08-16,MP01,repeated,12,119,6,8
TRPLUC250816f08928cb,2025-08-16,UP01,repeated,18,188,6,8
TRPKOC250816952d8a3e,2025-08-16,KL01,new,16,207,9,8
TRPIND250816ae8d8d42,2025-08-16,MP01,repeated,15,143,7,8
TRPLUC250816630d4e58,2025-08-16,UP01,repeated,14,152,7,8
TRPMYS25081604a941e1,2025-08-16,KA01,new,10,135,8,10
TRPLUC250816f594b873,2025-08-16,UP01,new,8,98,8,7
TRPJAI250816a9a0b45b,2025-08-16,RJ01,repeated,24,325,9,8
TRPVIS25081668b49152,2025-08-16,AP01,new,35,342,9,8
TRPLUC25081632560719,2025-08-16,UP01,new,17,179,7,6
TRPJAI250816e351fdee,2025-08-16,RJ01,new,17,241,10,8
TRPCHA2508162683f38b,2025-08-16,CH01,new,16,170,9,7
TRPIND250816a8c9e1a0,2025-08-16,MP01,repeated,19,175,9,7
TRPVIS250816c10c99c4,2025-08-16,AP01,repeated,12,135,7,9
TRPCHA25081633d8f983,2025-08-16,CH01,repeated,22,224,8,6
TRPJAI250816da629c8a,2025-08-16,RJ01,new,43,553,9,10
TRPJAI250816bd1b3650,2025-08-16,RJ01,repeated,37,481,7,8
TRPSUR250816a224d477,2025-08-16,GJ01,repeated,10,99,7,5
TRPLUC25081629e14502,2025-08-16,UP01,new,6,80,9,7
TRPLUC250816c2231b6c,2025-08-16,UP01,new,9,107,9,8
TRPSUR250816943082b0,2025-08-16,GJ01,repeated,16,147,5,8
TRPLUC250816b495e02b,2025-08-16,UP01,new,14,152,8,8
TRPCHA25081603fae451,2025-08-16,CH01,repeated,22,224,6,9
TRPSUR250816d8af1c81,2025-08-16,GJ01,repeated,10,99,5,8
TRPJAI2508169a5ad30c,2025-08-16,RJ01,new,36,469,9,8
TRPKOC2508163bb0260f,2025-08-16,KL01,repeated,30,361,7,9
TRPLUC250816bd852569,2025-08-16,UP01,repeated,20,206,7,7
TRPSUR250816f8fc7b04,2025-08-16,GJ01,repeated,17,155,7,6
TRPLUC2508160c291f3c,2025-08-16,UP01,repeated,12,134,5,8
TRPJAI25081699024aa4,2025-08-16,RJ01,new,37,481,8,9
TRPLUC2508161f8044a6,2025-08-16,UP01,repeated,19,197,7,7
TRPKOC25081626f3f0ca,2025-08-16,KL01,new,12,163,10,9
TRPJAI2508169b9cea8d,2025-08-16,RJ01,new,34,445,10,9
TRPIND250816c016e5be,2025-08-16,MP01,repeated,23,207,6,6
TRPCHA250816a031a6aa,2025-08-16,CH01,repeated,26,260,6,6
TRPSUR250816fb6393fd,2025-08-16,GJ01,repeated,15,139,5,5
TRPCHA25081658b14c3c,2025-08-16,CH01,repeated,32,314,7,7
TRPJAI2508169b13fde1,2025-08-16,RJ01,repeated,30,397,8,8
TRPMYS250816bda3a518,2025-08-16,KA01,repeated,8,115,9,8
TRPCHA2508167da23412,2025-08-16,CH01,new,29,287,7,8
TRPLUC25081620d6c456,2025-08-16,UP01,repeated,15,161,5,5
TRPVAD2508168b0efe16,2025-08-16,GJ02,repeated,9,90,6,5
TRPKOC25081678e35796,2025-08-16,KL01,repeated,12,163,7,9
TRPCHA2508160affc156,2025-08-16,CH01,repeated,27,269,6,8
TRPLUC250816fb84f3c7,2025-08-16,UP01,repeated,5,71,5,7
TRPCOI250816c90a8513,2025-08-16,TN01,repeated,11,111,8,7
TRPLUC250816d43b46f1,2025-08-16,UP01,repeated,13,143,6,8
TRPSUR250816df087289,2025-08-16,GJ01,repeated,15,139,6,7
TRPLUC2508168c7677fe,2025-08-16,UP01,repeated,20,206,6,8
TRPSUR250816f839fbc3,2025-08-16,GJ01,repeated,8,83,7,7
TRPSUR2508168ac57455,2025-08-16,GJ01,repeated,14,131,7,8
TRPIND25081601bddeb1,2025-08-16,MP01,repeated,16,151,9,6
TRPVAD2508163f4d9678,2025-08-16,GJ02,new,11,106,7,6
TRPVAD2508169ad55be2,2025-08-16,GJ02,new,13,122,9,6
TRPSUR25081626773b9b,2025-08-16,GJ01,repeated,14,131,7,6
TRPKOC2508161334ddad,2025-08-16,KL01,new,28,339,9,8
TRPSUR25081609260f45,2025-08-16,GJ01,repeated,8,83,7,5
TRPLUC250816ff0cf3b6,2025-08-16,UP01,new,13,143,7,7
TRPLUC2508166b9f08aa,2025-08-16,UP01,repeated,5,71,6,7
TRPJAI2508164686fc6a,2025-08-16,RJ01,new,25,337,10,8
TRPJAI2508168076c36e,2025-08-16,RJ01,new,42,541,8,8
TRPCOI250816921fdc43,2025-08-16,TN01,repeated,22,199,9,6
TRPKOC2508163db068ca,2025-08-16,KL01,new,20,251,10,9
TRPLUC2508164747e80a,2025-08-16,UP01,new,10,116,7,8
TRPSUR250816bc5a18d4,2025-08-16,GJ01,repeated,5,59,5,8
TRPSUR250816bb0f6d62,2025-08-16,GJ01,repeated,8,83,5,7
TRPSUR25081690483e23,2025-08-16,GJ01,repeated,7,75,5,7
TRPIND250816386fba27,2025-08-16,MP01,new,23,207,7,7
TRPJAI250816e0185851,2025-08-16,RJ01,new,45,577,10,8
TRPSUR2508162435fed9,2025-08-16,GJ01,new,12,115,7,6
TRPJAI250816d6754ebe,2025-08-16,RJ01,new,21,289,8,8
TRPLUC250816bb20cd9b,2025-08-16,UP01,repeated,12,134,6,8
TRPCHA2508165a12505a,2025-08-16,CH01,new,33,323,8,9
TRPVAD250816cd3c3278,2025-08-16,GJ02,repeated,5,58,6,7
TRPVAD250816423f912d,2025-08-16,GJ02,repeated,13,122,5,8
TRPCHA250816026e45ab,2025-08-16,CH01,new,23,233,8,8
TRPKOC25081630b3a3ea,2025-08-16,KL01,repeated,32,383,9,10
TRPKOC25081691a4e556,2025-08-16,KL01,new,28,339,9,10
TRPSUR25081687d673dd,2025-08-16,GJ01,new,11,107,7,8
TRPJAI250816d680fa20,2025-08-16,RJ01,new,36,469,9,8
TRPIND2508165a05bccb,2025-08-16,MP01,repeated,11,111,8,7
TRPJAI2508164b3d6bb1,2025-08-16,RJ01,new,29,385,10,9
TRPLUC2508161c411317,2025-08-16,UP01,repeated,13,143,7,6
TRPMYS250816e23a55fd,2025-08-16,KA01,new,18,215,8,8
TRPKOC25081664c82164,2025-08-16,KL01,new,33,394,10,9
TRPKOC25081683aaabd3,2025-08-16,KL01,repeated,29,350,8,8
TRPCOI2508167826c914,2025-08-16,TN01,repeated,13,127,7,9
TRPLUC250816342be2ba,2025-08-16,UP01,repeated,16,170,5,5
TRPIND2508162430836b,2025-08-16,MP01,new,18,167,9,8
TRPVAD250816646b67c9,2025-08-16,GJ02,new,7,74,7,8
TRPKOC2508169a875b84,2025-08-16,KL01,new,15,196,8,10
TRPIND250816e4776057,2025-08-16,MP01,repeated,8,87,6,7
TRPCHA25081633a5374d,2025-08-16,CH01,new,15,161,10,8
TRPJAI2508164ba3d007,2025-08-16,RJ01,new,39,505,10,10
TRPSUR25081685adf4a0,2025-08-16,GJ01,new,12,115,8,8
TRPCOI2508169eb86086,2025-08-16,TN01,new,13,127,10,7
TRPIND2508165b95b4cc,2025-08-16,MP01,new,18,167,7,9
TRPJAI25081637508a0d,2025-08-16,RJ01,repeated,41,529,8,10
TRPJAI250816016b9205,2025-08-16,RJ01,repeated,24,325,8,8
TRPSUR250816f841b911,2025-08-16,GJ01,new,10,99,9,6
TRPVIS250816f5a06b77,2025-08-16,AP01,new,19,198,10,9
TRPCHA250816b0d8e00f,2025-08-16,CH01,new,35,341,9,9
TRPCOI2508169a0ec66c,2025-08-16,TN01,repeated,19,175,8,7
TRPVIS250816c39cf77e,2025-08-16,AP01,repeated,22,225,9,10
TRPVIS250816c100dfed,2025-08-16,AP01,new,31,306,8,8
TRPJAI25081644b79a0c,2025-08-16,RJ01,new,35,457,9,10
TRPLUC250816b53c2158,2025-08-16,UP01,repeated,9,107,5,5
TRPSUR25081613a4d732,2025-08-16,GJ01,repeated,5,59,6,8
TRPJAI2508162d985e23,2025-08-16,RJ01,new,38,493,10,9
TRPCOI25081671527897,2025-08-16,TN01,new,10,103,10,8
TRPSUR250816459e5f91,2025-08-16,GJ01,repeated,6,67,5,6
TRPJAI250816ec9c1230,2025-08-16,RJ01,new,35,457,9,10
TRPKOC2508162b65de2e,2025-08-16,KL01,new,35,416,8,9
TRPCOI250816ae1f6f4a,2025-08-16,TN01,new,22,199,7,8
TRPLUC25081653a714fe,2025-08-16,UP01,new,9,107,8,7
TRPKOC250816670df651,2025-08-16,KL01,repeated,32,383,8,9
TRPCHA2508166661d16b,2025-08-16,CH01,repeated,32,314,8,9
TRPCOI2508169ec55877,2025-08-16,TN01,new,15,143,8,9
TRPLUC250816cac42d37,2025-08-16,UP01,new,6,80,9,8
TRPLUC2508169b45c877,2025-08-16,UP01,new,16,170,7,7
TRPVAD2508163c7f2da2,2025-08-16,GJ02,new,18,162,7,8
TRPSUR250816d2e04114,2025-08-16,GJ01,new,8,83,8,8
TRPLUC250816adc04b55,2025-08-16,UP01,repeated,5,71,5,8
TRPLUC25081615666957,2025-08-16,UP01,repeated,12,134,7,5
TRPKOC250816a35d3046,2025-08-16,KL01,repeated,28,339,8,10
TRPLUC2508168ec09ad2,2025-08-16,UP01,repeated,20,206,6,5
TRPCHA250816770cd32b,2025-08-16,CH01,new,31,305,9,9
TRPSUR2508161eb50d6a,2025-08-16,GJ01,repeated,12,115,5,8
TRPKOC250816fba9dc25,2025-08-16,KL01,repeated,34,405,8,8
TRPSUR2508163d58ea59,2025-08-16,GJ01,repeated,17,155,5,5
TRPKOC2508167a5e100f,2025-08-16,KL01,repeated,19,240,8,8
TRPJAI2508167d5c78f9,2025-08-16,RJ01,new,30,397,9,8
TRPLUC25081640500489,2025-08-16,UP01,new,12,134,7,6
TRPCHA25081659a42631,2025-08-16,CH01,repeated,14,152,6,8
TRPCHA25081618ef4aad,2025-08-16,CH01,repeated,21,215,9,8
TRPIND25081664cc1d2f,2025-08-16,MP01,new,22,199,10,8
TRPKOC250816580b0976,2025-08-16,KL01,repeated,31,372,8,10
TRPKOC25081677406c0e,2025-08-16,KL01,new,22,273,8,9
TRPLUC250816dcdda679,2025-08-16,UP01,repeated,5,71,5,7
TRPJAI250816d91be4a3,2025-08-16,RJ01,new,45,577,9,10
TRPJAI250816b51dc210,2025-08-16,RJ01,new,24,325,9,10
TRPIND25081687e6afd3,2025-08-16,MP01,repeated,8,87,6,6
TRPJAI250816c674912d,2025-08-16,RJ01,repeated,17,241,9,8
TRPCHA2508164f0bf416,2025-08-16,CH01,repeated,25,251,6,9
TRPLUC250816acb3dd39,2025-08-16,UP01,new,11,125,7,8
TRPVAD25081663ab752b,2025-08-16,GJ02,new,7,74,7,7
TRPCHA2508169552d11e,2025-08-16,CH01,repeated,32,314,7,7
TRPJAI250816724f131f,2025-08-16,RJ01,new,27,361,10,8
TRPSUR2508162399a8ac,2025-08-16,GJ01,repeated,6,67,7,5
TRPLUC25081657bde73e,2025-08-16,UP01,repeated,17,179,7,7
TRPKOC25081699eaf96a,2025-08-16,KL01,new,12,163,8,8
TRPLUC250816f5d20be8,2025-08-16,UP01,repeated,18,188,5,7
TRPCHA2508168f28ad14,2025-08-16,CH01,repeated,16,170,8,8
TRPMYS2508161fd041c3,2025-08-16,KA01,new,14,175,9,9
TRPVAD250816a939fdf2,2025-08-16,GJ02,new,13,122,9,6
TRPKOC2508169e9c6a98,2025-08-16,KL01,repeated,16,207,8,10
TRPVAD2508160381bf05,2025-08-16,GJ02,new,13,122,7,8
TRPLUC25081660c76b9b,2025-08-16,UP01,repeated,5,71,7,6
TRPSUR25081669f006af,2025-08-16,GJ01,repeated,10,99,7,5
TRPCHA250816a34d5372,2025-08-16,CH01,repeated,34,332,7,7
TRPSUR250816abbf55e7,2025-08-16,GJ01,repeated,9,91,7,5
TRPJAI250816511a8d5f,2025-08-16,RJ01,new,32,421,10,10
TRPJAI250816a2fd9698,2025-08-16,RJ01,repeated,30,397,9,10
TRPLUC2508162cce22d0,2025-08-16,UP01,repeated,6,80,5,6
TRPSUR250816e77fa072,2025-08-16,GJ01,repeated,13,123,6,5
TRPVAD250816579e7268,2025-08-16,GJ02,repeated,12,114,6,8
TRPLUC25081686557744,2025-08-16,UP01,repeated,16,170,6,8
TRPLUC250816819c5681,2025-08-16,UP01,new,19,197,9,6
TRPCHA25081672cc7bb4,2025-08-16,CH01,new,21,215,9,8
TRPSUR25081661a3c132,2025-08-16,GJ01,repeated,12,115,5,6
TRPIND2508163f193b8a,2025-08-16,MP01,new,10,103,8,8
TRPLUC2508165c6471c9,2025-08-16,UP01,repeated,8,98,6,8
TRPJAI2508168455cf2b,2025-08-16,RJ01,repeated,16,229,9,8
TRPSUR25081677e65498,2025-08-16,GJ01,repeated,11,107,7,5
TRPCOI250816e8944fb3,2025-08-16,TN01,repeated,20,183,7,9
TRPSUR25081604b7f5af,2025-08-16,GJ01,repeated,16,147,5,8
TRPJAI250816073049e9,2025-08-16,RJ01,repeated,31,409,8,8
TRPSUR250816e9931e3c,2025-08-16,GJ01,repeated,17,155,7,8
TRPIND250816a7e3a2f0,2025-08-16,MP01,repeated,12,119,8,8
TRPLUC250816f993f060,2025-08-16,UP01,repeated,5,71,7,7
TRPIND250816ea24b749,2025-08-16,MP01,repeated,20,183,6,6
TRPSUR2508167f5e6529,2025-08-16,GJ01,repeated,17,155,5,5
TRPLUC250816812a6251,2025-08-16,UP01,repeated,14,152,7,8
TRPIND250816baf23720,2025-08-16,MP01,repeated,23,207,9,8
TRPCOI250816ea8367e0,2025-08-16,TN01,new,11,111,9,7
TRPJAI250816834bd1ca,2025-08-16,RJ01,new,23,313,9,8
TRPVIS2508166f97892e,2025-08-16,AP01,repeated,20,207,7,10
TRPLUC250816f0fb0a1b,2025-08-16,UP01,repeated,10,116,5,5
TRPSUR250816abda62db,2025-08-16,GJ01,repeated,6,67,5,7
TRPLUC250816860ada8c,2025-08-16,UP01,repeated,6,80,7,5
TRPJAI25081602a737dc,2025-08-16,RJ01,repeated,29,385,7,10
TRPIND2508163f3aa4e3,2025-08-16,MP01,new,13,127,9,8
TRPSUR25081668ea7e74,2025-08-16,GJ01,repeated,14,131,7,6
TRPIND250816a9727f91,2025-08-16,MP01,new,19,175,9,7
TRPCOI250816122f595a,2025-08-16,TN01,new,12,119,8,7
TRPLUC2508162ae2563e,2025-08-16,UP01,new,12,134,9,6
TRPSUR250816d4e4024f,2025-08-16,GJ01,repeated,7,75,6,6
TRPSUR2508169634e55c,2025-08-16,GJ01,repeated,7,75,7,6
TRPIND25081683b30c15,2025-08-16,MP01,new,11,111,7,7
TRPJAI250816f7b1df09,2025-08-16,RJ01,new,25,337,8,9
TRPLUC250816d5f4c875,2025-08-16,UP01,repeated,8,98,6,8
TRPVAD25081623a6413d,2025-08-16,GJ02,new,8,82,7,7
TRPLUC250816f0725783,2025-08-16,UP01,repeated,9,107,5,5
TRPCHA25081680325be0,2025-08-16,CH01,repeated,35,341,9,9
TRPJAI250816866fc5c7,2025-08-16,RJ01,repeated,38,493,7,8
TRPVIS250816a15cccc5,2025-08-16,AP01,repeated,33,324,7,9
TRPLUC2508163042aae2,2025-08-16,UP01,repeated,17,179,7,7
TRPJAI250816fc6ccefb,2025-08-16,RJ01,new,20,277,10,8
TRPCHA250816cfe8c9a4,2025-08-16,CH01,repeated,17,179,6,6
TRPSUR250816b921dd69,2025-08-16,GJ01,repeated,7,75,6,8
TRPSUR250816c00959d3,2025-08-16,GJ01,new,17,155,7,7
TRPKOC2508166d7583f1,2025-08-16,KL01,new,22,273,10,9
TRPKOC250816c6e77be5,2025-08-16,KL01,new,19,240,10,9
TRPLUC250816169887d8,2025-08-16,UP01,repeated,8,98,5,6
TRPIND25081631ed4cdb,2025-08-16,MP01,repeated,11,111,9,7
TRPMYS2508161128c2c8,2025-08-16,KA01,new,11,145,9,10
TRPIND2508168f35ba7e,2025-08-16,MP01,repeated,12,119,9,7
TRPJAI250816437a323d,2025-08-16,RJ01,new,33,433,10,8
TRPJAI250816fed67738,2025-08-16,RJ01,new,44,565,9,9
TRPIND250816d7fd53ad,2025-08-16,MP01,repeated,19,175,7,7
TRPCOI2508165759900e,2025-08-16,TN01,new,9,95,8,9
TRPSUR250816e2deaf26,2025-08-16,GJ01,repeated,7,75,5,7
TRPVIS250816a29ede56,2025-08-16,AP01,new,31,306,10,10
TRPVAD25081668bdd67c,2025-08-16,GJ02,repeated,16,146,5,8
TRPJAI25081623395f89,2025-08-16,RJ01,repeated,21,289,7,8
TRPIND250816406f5a83,2025-08-16,MP01,repeated,20,183,7,9
TRPJAI250816d107f163,2025-08-16,RJ01,new,28,373,8,10
TRPCOI250816dab59c4c,2025-08-16,TN01,new,20,183,8,9
TRPCHA250816b16c304f,2025-08-16,CH01,repeated,35,341,8,9
TRPIND2508167844dda3,2025-08-16,MP01,new,23,207,7,7
TRPLUC25081623ce4083,2025-08-16,UP01,new,13,143,7,6
TRPLUC250816a165b73f,2025-08-16,UP01,repeated,14,152,5,5
TRPIND25081639b51218,2025-08-16,MP01,new,15,143,8,8
TRPKOC250816d0cc1247,2025-08-16,KL01,new,33,394,8,8
TRPCHA250816ab6b8374,2025-08-16,CH01,repeated,23,233,7,7
TRPKOC250816ccd970af,2025-08-16,KL01,repeated,26,317,8,9
TRPKOC25081668681646,2025-08-16,KL01,repeated,18,229,7,10
TRPKOC250816871411a3,2025-08-16,KL01,new,10,141,9,9
TRPLUC250816f5ee4eb1,2025-08-16,UP01,repeated,20,206,5,7
TRPSUR2508168cc23577,2025-08-16,GJ01,repeated,10,99,5,5
TRPKOC25081660ffb584,2025-08-16,KL01,repeated,31,372,7,10
TRPVIS250816cc5173a4,2025-08-16,AP01,new,29,288,8,9
TRPLUC2508167155167b,2025-08-16,UP01,repeated,14,152,7,7
TRPIND250816977718d0,2025-08-16,MP01,repeated,22,199,6,7
TRPKOC2508160325c25e,2025-08-16,KL01,repeated,25,306,9,9
TRPIND250816e1327b6c,2025-08-16,MP01,repeated,23,207,7,9
TRPLUC25081671f3bedd,2025-08-16,UP01,repeated,7,89,5,8
TRPLUC2508165b540ad4,2025-08-16,UP01,repeated,14,152,5,7
TRPCOI250816c4c2e656,2025-08-16,TN01,new,22,199,9,9
TRPJAI2508169557a85c,2025-08-16,RJ01,new,37,481,8,10
TRPSUR250816008f4a7c,2025-08-16,GJ01,repeated,14,131,6,7
TRPSUR25081605295622,2025-08-16,GJ01,repeated,6,67,7,8
TRPIND250816509e1a00,2025-08-16,MP01,repeated,10,103,7,7
TRPJAI250816db67eaa6,2025-08-16,RJ01,repeated,26,349,9,10
TRPMYS2508162dca03a0,2025-08-16,KA01,new,22,255,10,10
TRPCOI25081643e36a87,2025-08-16,TN01,repeated,10,103,8,7
TRPCOI250816fd99ef29,2025-08-16,TN01,repeated,22,199,7,9
TRPVAD25081690ff2475,2025-08-16,GJ02,new,15,138,7,7
TRPVAD25081645a3ff81,2025-08-16,GJ02,new,10,98,9,7
TRPSUR250816450dcd9d,2025-08-16,GJ01,repeated,12,115,7,8
TRPLUC250816cdf0c4f7,2025-08-16,UP01,repeated,20,206,6,6
TRPSUR250816d05f6266,2025-08-16,GJ01,repeated,11,107,7,6
TRPCHA2508166ef6a7c3,2025-08-16,CH01,repeated,32,314,7,7
TRPMYS250816bc092165,2025-08-16,KA01,new,18,215,10,8
TRPVAD25081668500dc0,2025-08-16,GJ02,repeated,16,146,5,6
TRPCHA250816d67234f1,2025-08-16,CH01,new,32,314,10,9
TRPIND250816b09747f8,2025-08-16,MP01,repeated,16,151,7,9
TRPLUC25081688d8b3a2,2025-08-16,UP01,repeated,5,71,7,6
TRPLUC250816be70b380,2025-08-16,UP01,repeated,15,161,6,6
TRPCOI250816ef975e87,2025-08-16,TN01,repeated,16,151,9,8
TRPKOC250816a482095e,2025-08-16,KL01,new,22,273,10,8
TRPKOC250816d8079fd9,2025-08-16,KL01,new,33,394,8,10
TRPCOI250816adaeb64d,2025-08-16,TN01,new,9,95,9,8
TRPIND250816e7228186,2025-08-16,MP01,repeated,13,127,6,6
TRPLUC2508165d426d08,2025-08-16,UP01,repeated,8,98,7,5
TRPCHA250816e3963907,2025-08-16,CH01,repeated,33,323,8,7
TRPIND25081606f79f05,2025-08-16,MP01,repeated,18,167,9,8
TRPLUC2508160158b8ed,2025-08-16,UP01,repeated,5,71,5,8
TRPVAD250816f01ad06e,2025-08-16,GJ02,new,5,58,8,6
TRPMYS2508164b2a0c45,2025-08-16,KA01,repeated,10,135,7,8
TRPJAI250816e2983a12,2025-08-16,RJ01,repeated,19,265,7,9
TRPSUR2508165502a452,2025-08-16,GJ01,new,13,123,7,6
TRPJAI25081644121f02,2025-08-16,RJ01,repeated,19,265,7,9
TRPVIS25081624ce4f8d,2025-08-16,AP01,repeated,33,324,8,8
TRPJAI250816cccbef54,2025-08-16,RJ01,new,35,457,9,10
TRPLUC25081617f62af7,2025-08-16,UP01,new,9,107,8,7
TRPJAI2508161b8d6a11,2025-08-16,RJ01,new,45,577,9,8
TRPVAD2508165e300a02,2025-08-16,GJ02,new,8,82,9,7
TRPCHA250816961df200,2025-08-16,CH01,repeated,25,251,9,7
TRPKOC250816eee79d72,2025-08-16,KL01,new,18,229,9,8
TRPLUC2508160ca9da3f,2025-08-16,UP01,repeated,16,170,6,5
TRPMYS2508167e64b7ba,2025-08-16,KA01,repeated,23,265,9,9
TRPIND250816f984cd69,2025-08-16,MP01,new,21,191,8,8
TRPKOC25081667703f45,2025-08-16,KL01,repeated,34,405,8,10
TRPSUR25081614eb22f9,2025-08-16,GJ01,repeated,10,99,5,8
TRPIND2508164ef71af5,2025-08-16,MP01,repeated,19,175,8,6
TRPJAI250816d125f663,2025-08-16,RJ01,new,37,481,10,9
TRPSUR2508167a1da98e,2025-08-16,GJ01,new,10,99,7,7
TRPCHA25081654d8544a,2025-08-16,CH01,new,14,152,9,7
TRPSUR2508167d6ccc86,2025-08-16,GJ01,new,8,83,8,6
TRPSUR250816bcb0bfc8,2025-08-16,GJ01,repeated,6,67,6,5
TRPVIS25081690a1892a,2025-08-16,AP01,new,23,234,9,8
TRPVAD250816e57b994a,2025-08-16,GJ02,repeated,7,74,5,8
TRPSUR250816c8e45ba4,2025-08-16,GJ01,repeated,6,67,6,8
TRPVAD25081685b9bc31,2025-08-16,GJ02,repeated,10,98,5,6
TRPCOI250816c14cec81,2025-08-16,TN01,repeated,13,127,8,6
TRPJAI25081689dcccce,2025-08-16,RJ01,new,30,397,8,10
TRPVAD250816e8a8c482,2025-08-16,GJ02,repeated,11,106,6,5
TRPJAI2508166e14b30e,2025-08-16,RJ01,new,44,565,9,9
TRPJAI250816cc4ef9aa,2025-08-16,RJ01,repeated,40,517,9,10
TRPSUR250816d0f21090,2025-08-16,GJ01,repeated,7,75,7,8
TRPKOC250816504eb2d5,2025-08-16,KL01,repeated,18,229,9,8
TRPKOC250816d1e1f078,2025-08-16,KL01,repeated,21,262,8,9
TRPJAI25081618d586db,2025-08-16,RJ01,new,31,409,8,9
TRPSUR250816fbf7dd9d,2025-08-16,GJ01,repeated,12,115,5,5
TRPKOC250816396cfd6d,2025-08-16,KL01,repeated,19,240,8,9
TRPSUR2508161d4273ef,2025-08-16,GJ01,repeated,5,59,5,7
TRPVAD250816bbe1572b,2025-08-16,GJ02,repeated,10,98,5,8
TRPVAD250816a3ba8929,2025-08-16,GJ02,repeated,15,138,7,5
TRPCOI250816fe2795e5,2025-08-16,TN01,new,18,167,9,7
TRPKOC2508169b02e646,2025-08-16,KL01,new,16,207,10,8
TRPJAI25081671083304,2025-08-16,RJ01,repeated,19,265,7,10
TRPVAD25081659474a5d,2025-08-16,GJ02,repeated,18,162,7,8
TRPLUC250816cb3535ad,2025-08-16,UP01,new,8,98,9,6
TRPLUC25081674edb7ad,2025-08-16,UP01,repeated,11,125,7,5
TRPJAI250816b96b7a5b,2025-08-16,RJ01,repeated,40,517,8,9
TRPCHA250816fae0fedf,2025-08-16,CH01,new,17,179,7,8
TRPKOC25081642bdd2b4,2025-08-16,KL01,repeated,38,449,7,10
TRPSUR25081616181734,2025-08-16,GJ01,repeated,8,83,7,8
TRPLUC250816647d0f84,2025-08-16,UP01,repeated,5,71,6,7
TRPVAD250816a3f0a362,2025-08-16,GJ02,repeated,9,90,6,8
TRPJAI250816b53c8e8d,2025-08-16,RJ01,repeated,16,229,9,10
TRPCHA2508169cdbe130,2025-08-16,CH01,repeated,26,260,9,7
TRPLUC250816c4df2fd0,2025-08-16,UP01,repeated,12,134,5,8
TRPVIS250816b150f268,2025-08-16,AP01,repeated,34,333,7,9
TRPIND2508163630c840,2025-08-16,MP01,new,22,199,10,7
TRPLUC250816559eba84,2025-08-16,UP01,repeated,9,107,6,5
TRPJAI25081613e06143,2025-08-16,RJ01,new,26,349,8,10
TRPIND250816e73a9ce8,2025-08-16,MP01,repeated,12,119,9,8
TRPSUR2508164a016c96,2025-08-16,GJ01,new,15,139,8,6
TRPLUC250816cc15892e,2025-08-16,UP01,new,17,179,7,7
TRPLUC250816ac6464fb,2025-08-16,UP01,repeated,13,143,7,8
TRPKOC2508164b9269c2,2025-08-16,KL01,repeated,17,218,9,8
TRPCHA25081622cb0edf,2025-08-16,CH01,repeated,35,341,8,8
TRPCOI25081676c353c5,2025-08-16,TN01,new,21,191,10,8
TRPCOI25081649da9d8c,2025-08-16,TN01,repeated,18,167,6,6
TRPSUR2508161a60931c,2025-08-16,GJ01,repeated,6,67,5,8
TRPVAD25081656b5bfe1,2025-08-16,GJ02,repeated,5,58,5,5
TRPJAI2508168fd8852f,2025-08-16,RJ01,repeated,33,433,9,8
TRPSUR25081633b6056a,2025-08-16,GJ01,repeated,12,115,7,7
TRPCHA2508160b0bc4aa,2025-08-16,CH01,new,21,215,7,8
TRPJAI2508163a229959,2025-08-16,RJ01,new,15,217,10,9
TRPVAD2508168b9c9506,2025-08-16,GJ02,new,5,58,9,8
TRPIND2508167ee0cbe1,2025-08-16,MP01,new,13,127,9,7
TRPSUR25081686dfe1b1,2025-08-16,GJ01,new,11,107,9,8
TRPVAD2508161a8ca84e,2025-08-16,GJ02,new,12,114,9,6
TRPJAI2508167b784a73,2025-08-16,RJ01,new,24,325,10,8
TRPVIS25081621b80242,2025-08-16,AP01,new,13,144,9,8
TRPCOI250816f66d2935,2025-08-16,TN01,new,15,143,8,9
TRPLUC2508160ea4caaf,2025-08-16,UP01,new,8,98,9,7
TRPLUC25081635aa7dd2,2025-08-16,UP01,repeated,10,116,6,7
TRPLUC2508166a920af9,2025-08-16,UP01,repeated,12,134,5,7
TRPSUR250816c5c35385,2025-08-16,GJ01,new,15,139,8,8
TRPJAI2508163fe9e313,2025-08-16,RJ01,new,34,445,9,9
TRPSUR2508169bc6ac7e,2025-08-16,GJ01,repeated,5,59,7,5
TRPKOC250816e5e7a970,2025-08-16,KL01,new,18,229,10,9
TRPCOI250816274f8cc1,2025-08-16,TN01,repeated,19,175,9,9
TRPVIS250816e934b465,2025-08-16,AP01,new,16,171,10,10
TRPSUR2508162727f4ad,2025-08-16,GJ01,repeated,9,91,6,5
TRPLUC250816edbe725a,2025-08-16,UP01,new,5,71,7,7
TRPJAI250816dc253013,2025-08-16,RJ01,repeated,20,277,8,9
TRPLUC25081691e4cc01,2025-08-16,UP01,repeated,12,134,6,8
TRPKOC250816970047d3,2025-08-16,KL01,new,15,196,9,9
TRPVIS250816f9a3c418,2025-08-16,AP01,new,21,216,9,8
TRPSUR2508160900c003,2025-08-16,GJ01,new,16,147,7,6
TRPVIS25081666cdd2d1,2025-08-16,AP01,new,23,234,10,8
TRPJAI2508160ec7f2ca,2025-08-16,RJ01,repeated,31,409,7,8
TRPKOC250816520198bf,2025-08-16,KL01,repeated,21,262,7,8
TRPSUR25081617614d15,2025-08-16,GJ01,repeated,5,59,6,6
TRPLUC250816d140612f,2025-08-16,UP01,repeated,16,170,6,8
TRPKOC25081651f8183c,2025-08-16,KL01,repeated,34,405,8,9
TRPMYS2508166d479ca3,2025-08-16,KA01,repeated,24,275,7,10
TRPIND2508163d9b8644,2025-08-16,MP01,repeated,25,223,7,7
TRPMYS250816d6479049,2025-08-16,KA01,new,8,115,9,10
TRPMYS2508161df06dd9,2025-08-16,KA01,new,12,155,9,9
TRPIND250816a383b088,2025-08-16,MP01,repeated,15,143,8,8
TRPLUC2508167d50a636,2025-08-16,UP01,repeated,5,71,7,6
TRPLUC2508167e9898c1,2025-08-16,UP01,repeated,15,161,5,7
TRPLUC250816b8ce44d9,2025-08-16,UP01,repeated,10,116,7,6
TRPJAI250816b3e1e0c4,2025-08-16,RJ01,new,26,349,9,8
TRPLUC250816e41815f2,2025-08-16,UP01,repeated,14,152,6,5
TRPKOC25081643677521,2025-08-16,KL01,repeated,16,207,8,9
TRPSUR2508165097b7a9,2025-08-16,GJ01,repeated,12,115,5,5
TRPIND250816604ed586,2025-08-16,MP01,repeated,8,87,8,7
TRPIND2508160674dbb1,2025-08-16,MP01,repeated,12,119,6,9
TRPLUC250816e340a8e8,2025-08-16,UP01,repeated,19,197,6,8
TRPIND25081620fbba97,2025-08-16,MP01,new,10,103,10,8
TRPJAI2508163809ddce,2025-08-16,RJ01,new,32,421,9,9
TRPSUR250816eb852cd3,2025-08-16,GJ01,repeated,7,75,6,6
TRPCHA2508163401b831,2025-08-16,CH01,repeated,12,134,7,9
TRPSUR25081613d6d45f,2025-08-16,GJ01,repeated,16,147,5,7
TRPMYS2508160d0720c5,2025-08-16,KA01,new,20,235,9,8
TRPLUC250816efed04b7,2025-08-16,UP01,new,12,134,7,6
TRPKOC250816f686443d,2025-08-16,KL01,repeated,30,361,8,8
TRPLUC25081605ede163,2025-08-16,UP01,repeated,17,179,6,5
TRPJAI250816ca1dbdce,2025-08-16,RJ01,new,21,289,10,9
TRPVAD250816e2cfdeb6,2025-08-16,GJ02,repeated,11,106,7,5
TRPKOC2508164361442d,2025-08-16,KL01,new,15,196,8,9
TRPJAI250816001afc69,2025-08-16,RJ01,new,45,577,8,8
TRPVAD2508161d75cd29,2025-08-16,GJ02,repeated,6,66,5,8
TRPIND250816fbb1d2f3,2025-08-16,MP01,repeated,24,215,7,9
TRPVAD25081618262267,2025-08-16,GJ02,new,8,82,7,7
TRPLUC2508165686fd62,2025-08-16,UP01,repeated,8,98,7,8
TRPLUC25081670dd1fd1,2025-08-16,UP01,repeated,14,152,5,7
TRPJAI250816ccc4bfe1,2025-08-16,RJ01,new,31,409,10,9
TRPKOC250816f626aea5,2025-08-16,KL01,new,32,383,10,8
TRPVIS250816555f7f0d,2025-08-16,AP01,new,18,189,8,10
TRPIND250816f092b532,2025-08-16,MP01,repeated,23,207,9,8
TRPVIS25081608532fb7,2025-08-16,AP01,repeated,10,117,8,10
TRPMYS250816c0233e27,2025-08-16,KA01,new,17,205,8,9
TRPLUC2508167f4cbaeb,2025-08-16,UP01,repeated,14,152,5,7
TRPMYS2508166addf5fb,2025-08-16,KA01,new,16,195,10,10
TRPLUC250816316f4854,2025-08-16,UP01,repeated,12,134,7,6
TRPLUC250816facada97,2025-08-16,UP01,repeated,19,197,6,6
TRPVAD250816a2568082,2025-08-16,GJ02,new,15,138,9,7
TRPKOC2508166862f3e8,2025-08-16,KL01,new,33,394,8,10
TRPVIS250816836c2e6a,2025-08-16,AP01,repeated,24,243,7,8
TRPLUC2508163eb27ac7,2025-08-16,UP01,repeated,7,89,6,7
TRPSUR250816fc264d74,2025-08-16,GJ01,new,9,91,8,8
TRPJAI250816852bd5bc,2025-08-16,RJ01,new,30,397,8,8
TRPKOC250816d477669b,2025-08-16,KL01,new,24,295,8,10
TRPLUC250816438eef2c,2025-08-16,UP01,repeated,6,80,5,7
TRPJAI250816c5b075e3,2025-08-16,RJ01,new,32,421,10,9
TRPSUR250816b1fd144b,2025-08-16,GJ01,new,13,123,7,6
TRPJAI25081658d449af,2025-08-16,RJ01,new,19,265,9,8
TRPLUC2508163ad47ac9,2025-08-16,UP01,repeated,15,161,7,5
TRPCHA250816a9450574,2025-08-16,CH01,new,13,143,8,9
TRPVAD250816f3213f74,2025-08-16,GJ02,repeated,10,98,7,6
TRPCHA2508163f20d654,2025-08-16,CH01,new,35,341,9,7
TRPMYS250816a434e7b7,2025-08-16,KA01,new,15,185,8,9
TRPSUR250816918f46fb,2025-08-16,GJ01,new,8,83,8,8
TRPSUR250816381aade2,2025-08-16,GJ01,repeated,5,59,6,6
TRPSUR25081685707240,2025-08-16,GJ01,repeated,17,155,7,8
TRPSUR250816b0c87eb3,2025-08-16,GJ01,new,17,155,7,8
TRPJAI250816c31647a4,2025-08-16,RJ01,new,18,253,10,10
TRPJAI250816fc7f73d0,2025-08-16,RJ01,new,26,349,9,10
TRPSUR250816af3b25a5,2025-08-16,GJ01,repeated,5,59,5,6
TRPJAI25081673166be2,2025-08-16,RJ01,new,25,337,10,9
TRPJAI250816349e015a,2025-08-16,RJ01,repeated,41,529,7,8
TRPLUC2508166ae7579b,2025-08-16,UP01,repeated,19,197,7,7
TRPCOI2508165b58a88c,2025-08-16,TN01,new,9,95,7,9
TRPCOI2508161dfdc68a,2025-08-16,TN01,repeated,20,183,8,8
TRPCOI2508166f094d25,2025-08-16,TN01,repeated,19,175,9,7
TRPLUC250816c99a8811,2025-08-16,UP01,new,17,179,7,8
TRPVAD250816223b7533,2025-08-16,GJ02,repeated,14,130,7,5
TRPKOC250816387a5724,2025-08-16,KL01,repeated,33,394,7,9
TRPJAI250816f65636b5,2025-08-16,RJ01,new,44,565,8,10
TRPJAI25081659e671c4,2025-08-16,RJ01,new,25,337,10,9
TRPSUR250816fb661801,2025-08-16,GJ01,repeated,6,67,7,6
TRPJAI250816527fea1d,2025-08-16,RJ01,new,21,289,10,10
TRPJAI2508166a02f8c8,2025-08-16,RJ01,repeated,28,373,8,9
TRPJAI250816695b920a,2025-08-16,RJ01,repeated,39,505,8,10
TRPJAI2508163f451f25,2025-08-16,RJ01,repeated,26,349,8,8
TRPCHA2508161e3f9ebe,2025-08-16,CH01,new,33,323,9,7
TRPJAI25081666c1de5a,2025-08-16,RJ01,new,42,541,9,10
TRPSUR25081689bf4719,2025-08-16,GJ01,repeated,8,83,6,7
TRPKOC250816e9661cc2,2025-08-16,KL01,new,12,163,10,10
TRPLUC25081614d9c26b,2025-08-16,UP01,repeated,16,170,5,8
TRPKOC250816794a5a04,2025-08-16,KL01,repeated,27,328,8,9
TRPIND25081669dc1d35,2025-08-16,MP01,repeated,11,111,9,8
TRPKOC2508164610415c,2025-08-16,KL01,repeated,34,405,7,8
TRPSUR2508161dc362d9,2025-08-16,GJ01,repeated,13,123,5,8
TRPSUR250816f6995f87,2025-08-16,GJ01,repeated,15,139,6,7
TRPVIS250816e8c048f2,2025-08-16,AP01,new,16,171,9,9
TRPCHA250816f551456b,2025-08-16,CH01,repeated,22,224,6,6
TRPIND25081631a537e2,2025-08-16,MP01,repeated,22,199,9,7
TRPSUR250816eb85f2d4,2025-08-16,GJ01,repeated,16,147,5,5
TRPKOC250816d0b1978b,2025-08-16,KL01,new,29,350,8,10
TRPLUC250816c67d68e2,2025-08-16,UP01,repeated,16,170,7,5
TRPJAI2508169a723695,2025-08-16,RJ01,new,29,385,8,10
TRPLUC250816973c91f0,2025-08-16,UP01,repeated,14,152,5,7
TRPCHA2508165f7fae15,2025-08-16,CH01,new,23,233,7,8
TRPIND250816b316d8b7,2025-08-16,MP01,repeated,8,87,6,8
TRPSUR2508162c516383,2025-08-16,GJ01,repeated,5,59,6,6
TRPJAI2508168b28948e,2025-08-16,RJ01,new,26,349,10,8
TRPMYS25081666889219,2025-08-16,KA01,new,22,255,9,8
TRPJAI2508161595f650,2025-08-16,RJ01,new,31,409,10,8
TRPVIS2508160444871c,2025-08-16,AP01,repeated,26,261,9,10
TRPLUC250816706a6396,2025-08-16,UP01,repeated,8,98,7,8
TRPKOC25081653147d0b,2025-08-16,KL01,repeated,17,218,8,8
TRPIND250816a5de66a5,2025-08-16,MP01,repeated,9,95,8,9
TRPVIS250816de87ae82,2025-08-16,AP01,new,20,207,10,9
TRPIND250816484d2122,2025-08-16,MP01,repeated,14,135,8,6
TRPIND250816f25716f2,2025-08-16,MP01,repeated,21,191,7,7
TRPSUR250816ba629073,2025-08-16,GJ01,repeated,16,147,5,8
TRPKOC25081649f6bd61,2025-08-16,KL01,new,38,449,9,10
TRPSUR250816d087f85b,2025-08-16,GJ01,new,5,59,8,8
TRPVIS25081683676537,2025-08-16,AP01,repeated,27,270,7,8
TRPLUC2508160a162093,2025-08-16,UP01,new,8,98,9,6
TRPJAI2508166f056358,2025-08-16,RJ01,new,22,301,8,8
TRPLUC250816936dec37,2025-08-16,UP01,repeated,17,179,6,5
TRPLUC25081665eba05c,2025-08-16,UP01,repeated,16,170,6,7
TRPCOI25081611130e35,2025-08-16,TN01,repeated,13,127,8,7
TRPJAI2508169de48c1a,2025-08-16,RJ01,new,17,241,9,10
TRPJAI250816f67e8dd1,2025-08-16,RJ01,repeated,17,241,8,9
TRPVAD25081657fe012b,2025-08-16,GJ02,new,16,146,9,8
TRPIND250816e44e5f5b,2025-08-16,MP01,repeated,25,223,9,9
TRPKOC250816ab6ce088,2025-08-16,KL01,repeated,19,240,9,10
TRPCHA2508165e06e059,2025-08-16,CH01,repeated,29,287,7,9
TRPVAD2508168af429b1,2025-08-16,GJ02,repeated,9,90,6,7
TRPSUR250816e68d0af1,2025-08-16,GJ01,repeated,6,67,7,6
TRPJAI250816b3a2caa8,2025-08-16,RJ01,new,15,217,10,8
TRPSUR2508164d71c3e8,2025-08-16,GJ01,repeated,11,107,6,5
TRPSUR250816f2c64ad8,2025-08-16,GJ01,repeated,9,91,7,7
TRPLUC2508162b55d526,2025-08-16,UP01,repeated,11,125,7,8
TRPKOC250816005c427c,2025-08-16,KL01,new,30,361,10,9
TRPLUC250816e15fad28,2025-08-16,UP01,repeated,14,152,5,5
TRPVAD25081613f4afbe,2025-08-16,GJ02,new,11,106,8,6
TRPVIS2508160083e2f3,2025-08-16,AP01,new,32,315,9,9
TRPLUC250816f4bd1e33,2025-08-16,UP01,repeated,10,116,5,5
TRPCHA250816ae19b77b,2025-08-16,CH01,repeated,25,251,7,7
TRPCHA25081616d42b75,2025-08-16,CH01,repeated,12,134,6,7
TRPIND250816964b5e92,2025-08-16,MP01,new,8,87,7,8
TRPIND250816d95c2adc,2025-08-16,MP01,repeated,10,103,6,7
TRPLUC250816f0731460,2025-08-16,UP01,repeated,17,179,7,6
TRPJAI250816fb8bdc2d,2025-08-16,RJ01,new,40,517,10,10
TRPCOI2508169f834709,2025-08-16,TN01,repeated,16,151,6,7
TRPLUC25081683bec283,2025-08-16,UP01,new,15,161,7,6
TRPJAI250816fa653742,2025-08-16,RJ01,repeated,40,517,8,9
TRPLUC250816d1de8503,2025-08-16,UP01,repeated,10,116,7,6
TRPCOI250816af221284,2025-08-16,TN01,repeated,20,183,8,6
TRPJAI250816ac3014b9,2025-08-16,RJ01,new,44,565,9,10
TRPIND2508164fd44666,2025-08-16,MP01,repeated,25,223,9,7
TRPVIS25081692e2c45b,2025-08-16,AP01,repeated,19,198,9,10
TRPLUC250816cfae8191,2025-08-16,UP01,repeated,9,107,6,6
TRPJAI25081649dccdb5,2025-08-16,RJ01,new,21,289,9,9
TRPLUC25081637452c48,2025-08-16,UP01,repeated,5,71,5,6
TRPKOC250816d0c30d03,2025-08-16,KL01,repeated,34,405,8,8
TRPVIS2508168323c51f,2025-08-16,AP01,new,30,297,9,8
TRPLUC250816802cfdfb,2025-08-16,UP01,new,20,206,9,7
TRPKOC25081613ab113d,2025-08-16,KL01,repeated,17,218,7,10
TRPLUC250816538ccccb,2025-08-16,UP01,repeated,7,89,5,7
TRPJAI250816ff50ab9a,2025-08-16,RJ01,repeated,30,397,7,9
TRPKOC25081600eb152f,2025-08-16,KL01,new,27,328,8,8
TRPSUR2508166782f979,2025-08-16,GJ01,repeated,7,75,5,7
TRPLUC250816ebbd4090,2025-08-16,UP01,repeated,11,125,5,5
TRPVIS2508160b1277c6,2025-08-16,AP01,repeated,28,279,7,8
TRPMYS25081664b3fe02,2025-08-16,KA01,new,20,235,8,10
TRPSUR250816ed515150,2025-08-16,GJ01,repeated,6,67,7,7
TRPCHA25081624bc38b9,2025-08-16,CH01,repeated,28,278,6,8
TRPIND250816b2597aca,2025-08-16,MP01,repeated,9,95,8,8
TRPLUC25081672ddd545,2025-08-16,UP01,repeated,17,179,5,6
TRPLUC250816493e4b85,2025-08-16,UP01,new,6,80,8,7
TRPSUR250816db5f4dc9,2025-08-16,GJ01,repeated,11,107,6,8
TRPKOC2508163ff7c72a,2025-08-16,KL01,new,15,196,8,9
TRPCHA250816d539444e,2025-08-16,CH01,new,24,242,8,9
TRPLUC25081632cc735a,2025-08-16,UP01,new,9,107,7,7
TRPVIS25081626816d2b,2025-08-16,AP01,new,26,261,10,9
TRPCHA25081660dec7a3,2025-08-16,CH01,new,33,323,9,9
TRPIND25081669b5c301,2025-08-16,MP01,new,19,175,9,7
TRPLUC2508163c0a1601,2025-08-16,UP01,new,8,98,7,8
TRPLUC250816e10ebe90,2025-08-16,UP01,repeated,15,161,6,5
TRPVAD250816b46a22c8,2025-08-16,GJ02,repeated,10,98,7,8
TRPKOC250816e6bb1b56,2025-08-16,KL01,repeated,36,427,8,9
TRPKOC250816a72e1c71,2025-08-16,KL01,repeated,11,152,7,8
TRPCOI250816c604ebf4,2025-08-16,TN01,new,8,87,9,8
TRPIND2508168178ace1,2025-08-16,MP01,repeated,18,167,9,6
TRPVIS2508164afb6158,2025-08-16,AP01,new,11,126,10,8
TRPVIS250816f3c0ca3b,2025-08-16,AP01,new,35,342,10,8
TRPLUC250816c6d2f358,2025-08-16,UP01,new,19,197,8,6
TRPKOC250816424b9b23,2025-08-16,KL01,new,30,361,10,9
TRPVIS250816eb610bd6,2025-08-16,AP01,new,15,162,10,10
TRPLUC2508164a67965e,2025-08-16,UP01,repeated,14,152,5,8
TRPIND250816d9a8f26d,2025-08-16,MP01,repeated,14,135,6,9
TRPJAI250816b30ee2d4,2025-08-16,RJ01,new,30,397,10,10
TRPSUR250816d17652f7,2025-08-16,GJ01,repeated,12,115,7,7
TRPCHA2508163b2b5979,2025-08-16,CH01,repeated,14,152,7,6
TRPJAI2508162b890261,2025-08-16,RJ01,repeated,29,385,7,10
TRPIND25081620c331bc,2025-08-16,MP01,new,23,207,9,9
TRPMYS250816b6dea935,2025-08-16,KA01,new,17,205,9,9
TRPKOC250816b288a051,2025-08-16,KL01,new,38,449,10,9
TRPLUC250816eddca251,2025-08-16,UP01,repeated,19,197,6,5
TRPSUR2508167d404b42,2025-08-16,GJ01,new,15,139,8,6
TRPCHA25081665568094,2025-08-16,CH01,new,35,341,10,9
TRPVIS2508162d3a9886,2025-08-16,AP01,new,35,342,9,9
TRPLUC250816eeac711a,2025-08-16,UP01,repeated,12,134,7,7
TRPKOC2508168b6e143b,2025-08-16,KL01,repeated,15,196,9,8
TRPIND2508160bc537eb,2025-08-16,MP01,new,12,119,10,9
TRPSUR25081678a4199a,2025-08-16,GJ01,repeated,9,91,7,6
TRPLUC2508164a7131fd,2025-08-16,UP01,repeated,11,125,5,7
TRPKOC25081666b553d7,2025-08-16,KL01,new,12,163,9,10
TRPSUR250816c4997a25,2025-08-16,GJ01,repeated,6,67,5,7
TRPSUR250816fb7a7af8,2025-08-16,GJ01,repeated,14,131,7,6
TRPVIS2508165eaeb16a,2025-08-16,AP01,repeated,20,207,8,8
TRPLUC250816fb1eb157,2025-08-16,UP01,repeated,14,152,6,5
TRPIND25081611f179c8,2025-08-16,MP01,new,22,199,7,9
TRPSUR25081655c4edd2,2025-08-16,GJ01,new,11,107,9,6
TRPKOC25081634d37e50,2025-08-16,KL01,repeated,38,449,9,9
TRPSUR25081601c97a25,2025-08-16,GJ01,repeated,13,123,7,8
TRPVIS250816357bc101,2025-08-16,AP01,new,25,252,8,9
TRPLUC25081621f3c847,2025-08-16,UP01,repeated,7,89,5,7
TRPLUC25081665b7c00c,2025-08-16,UP01,repeated,5,71,7,6
TRPCHA250816ec4674d8,2025-08-16,CH01,new,23,233,8,7
TRPKOC25081627ea41cd,2025-08-16,KL01,new,35,416,9,10
TRPJAI2508162d5e1fdb,2025-08-16,RJ01,repeated,26,349,7,10
TRPSUR2508168b2bedf1,2025-08-16,GJ01,repeated,14,131,5,8
TRPVAD250816e75f1f0b,2025-08-16,GJ02,new,5,58,7,7
TRPLUC25081663456086,2025-08-16,UP01,repeated,9,107,5,5
TRPJAI2508164c014b4b,2025-08-16,RJ01,new,30,397,9,8
TRPKOC25081604319133,2025-08-16,KL01,new,38,449,9,10
TRPLUC2508161084534e,2025-08-16,UP01,repeated,13,143,6,6
TRPVIS25081685140554,2025-08-16,AP01,repeated,26,261,9,8
TRPVAD25081624a463c7,2025-08-16,GJ02,new,5,58,7,7
TRPSUR2508160369d289,2025-08-16,GJ01,new,13,123,7,8
TRPJAI250816f3eeee91,2025-08-16,RJ01,new,19,265,10,10
TRPLUC25081665733da3,2025-08-16,UP01,repeated,9,107,6,7
TRPJAI250816e3748a5e,2025-08-16,RJ01,repeated,39,505,9,9
TRPVIS2508164449880f,2025-08-16,AP01,repeated,33,324,7,8
TRPCOI250816bef9515d,2025-08-16,TN01,repeated,20,183,6,8
TRPJAI250816675e0c5c,2025-08-16,RJ01,new,36,469,10,9
TRPJAI2508164f45f1ec,2025-08-16,RJ01,new,18,253,10,8
TRPJAI250816562b984d,2025-08-16,RJ01,repeated,34,445,8,8
TRPLUC2508163e52f320,2025-08-16,UP01,repeated,17,179,6,6
TRPJAI250816d1215b85,2025-08-16,RJ01,new,27,361,9,9
TRPLUC250816106b17b1,2025-08-16,UP01,new,17,179,7,6
TRPJAI250816fed2819e,2025-08-16,RJ01,repeated,39,505,7,9
TRPJAI25081655924be7,2025-08-16,RJ01,new,29,385,9,9
TRPMYS250816d47bd971,2025-08-16,KA01,new,14,175,10,9
TRPIND2508163c998668,2025-08-16,MP01,new,22,199,8,7
TRPLUC25081648b1014f,2025-08-16,UP01,new,10,116,8,8
TRPJAI2508167d7ef7bf,2025-08-16,RJ01,repeated,33,433,7,9
TRPLUC250816546cbca8,2025-08-16,UP01,repeated,11,125,6,7
TRPLUC250816810a456e,2025-08-16,UP01,repeated,11,125,5,5
TRPJAI2508167a0ec314,2025-08-16,RJ01,new,25,337,8,8
TRPKOC250816428d44a3,2025-08-16,KL01,new,23,284,8,9
TRPIND2508162f0794e5,2025-08-16,MP01,repeated,14,135,9,9
TRPLUC250816d3e45af6,2025-08-16,UP01,repeated,6,80,6,5
TRPSUR2508166448fd28,2025-08-16,GJ01,repeated,11,107,6,6
TRPJAI2508163bcafbc8,2025-08-16,RJ01,repeated,36,469,8,8
TRPJAI25081660762042,2025-08-16,RJ01,repeated,28,373,7,8
TRPJAI25081608bb662a,2025-08-16,RJ01,new,43,553,9,9
TRPJAI25081652e3e91c,2025-08-16,RJ01,new,42,541,9,9
TRPIND25081610583271,2025-08-16,MP01,repeated,18,167,8,6
TRPIND25081605a08898,2025-08-16,MP01,repeated,16,151,7,6
TRPIND25081668a72d94,2025-08-16,MP01,repeated,16,151,9,6
TRPJAI2508169a930d01,2025-08-16,RJ01,new,34,445,9,8
TRPVAD250816263f9af9,2025-08-16,GJ02,repeated,16,146,6,6
TRPJAI2508163aac9f49,2025-08-16,RJ01,repeated,21,289,9,9
TRPLUC25081627c42c51,2025-08-16,UP01,new,15,161,9,8
TRPLUC250816e302bbe8,2025-08-16,UP01,repeated,20,206,5,6
TRPVIS2508166a6f1013,2025-08-16,AP01,new,30,297,8,9
TRPCHA250816ed996fbb,2025-08-16,CH01,repeated,20,206,9,9
TRPSUR250816845a6bf0,2025-08-16,GJ01,repeated,5,59,5,5
TRPVIS25081665c7ef08,2025-08-16,AP01,repeated,17,180,9,9
TRPCOI250816d9bb7473,2025-08-16,TN01,new,10,103,10,7
TRPJAI2508167bd4d6aa,2025-08-16,RJ01,new,16,229,9,9
TRPCOI25081615fa27b0,2025-08-16,TN01,repeated,14,135,6,8
TRPVAD2508164800ebfa,2025-08-16,GJ02,new,9,90,7,6
TRPJAI250816e98162ac,2025-08-16,RJ01,new,23,313,9,9
TRPVAD25081643833570,2025-08-16,GJ02,repeated,9,90,5,5
TRPIND250816faeaa4ef,2025-08-16,MP01,repeated,9,95,9,9
TRPSUR25081626a65154,2025-08-16,GJ01,repeated,17,155,6,7
TRPLUC25081625057b4d,2025-08-16,UP01,repeated,20,206,7,6
TRPIND2508167d91f700,2025-08-16,MP01,repeated,22,199,7,7
TRPIND2508166ac89016,2025-08-16,MP01,new,23,207,8,7
TRPVAD250816185eff67,2025-08-16,GJ02,repeated,6,66,7,5
TRPLUC25081624107250,2025-08-16,UP01,repeated,13,143,6,5
TRPJAI250816c9489e47,2025-08-16,RJ01,new,39,505,8,10
TRPCHA250816ebcdae8e,2025-08-16,CH01,repeated,26,260,6,9
TRPVIS25081634913ead,2025-08-16,AP01,repeated,23,234,7,8
TRPKOC250816d1208ef7,2025-08-16,KL01,new,37,438,9,10
TRPVAD250816397d7626,2025-08-16,GJ02,new,7,74,8,7
TRPCOI250816f74eb4cd,2025-08-16,TN01,repeated,9,95,6,8
TRPKOC250816e79a4cf3,2025-08-16,KL01,new,26,317,9,10
TRPKOC250816cc46293c,2025-08-16,KL01,repeated,21,262,8,8
TRPLUC250816cb931a90,2025-08-16,UP01,repeated,13,143,5,8
TRPCHA25081653b2a457,2025-08-16,CH01,new,19,197,7,9
TRPLUC25081644b8b204,2025-08-16,UP01,repeated,16,170,7,7
TRPIND250816d87ad5ab,2025-08-16,MP01,repeated,21,191,8,8
TRPJAI2508168adb7a0b,2025-08-16,RJ01,repeated,19,265,7,10
TRPKOC2508169dc71de5,2025-08-16,KL01,repeated,13,174,7,10
TRPMYS2508168dc77234,2025-08-16,KA01,new,18,215,8,10
TRPVAD250816da67ad75,2025-08-16,GJ02,repeated,8,82,7,6
TRPLUC250816ccf15539,2025-08-16,UP01,repeated,11,125,7,8
TRPCHA2508161983c048,2025-08-16,CH01,repeated,30,296,8,6
TRPSUR250816b3c5eecf,2025-08-16,GJ01,repeated,13,123,5,7
TRPVIS2508167291b902,2025-08-16,AP01,repeated,14,153,8,8
TRPSUR2508165c0a6a1f,2025-08-16,GJ01,repeated,17,155,6,7
TRPIND25081647ffbfe0,2025-08-16,MP01,repeated,16,151,8,8
TRPCHA250816ffda4b5e,2025-08-16,CH01,repeated,21,215,9,8
TRPCOI250816cc1d94c6,2025-08-16,TN01,repeated,22,199,6,7
TRPVAD250816a7e1fb64,2025-08-16,GJ02,new,13,122,8,8
TRPJAI250816df7a9a8e,2025-08-16,RJ01,new,36,469,10,8
TRPMYS2508169f22264f,2025-08-16,KA01,repeated,18,215,9,10
TRPCOI25081600196304,2025-08-16,TN01,repeated,15,143,7,7
TRPSUR250816d2956ace,2025-08-16,GJ01,repeated,14,131,7,6
TRPSUR2508160570d660,2025-08-16,GJ01,repeated,12,115,5,6
TRPSUR250816737fc2b0,2025-08-16,GJ01,repeated,11,107,6,7
TRPCHA250816464be667,2025-08-16,CH01,new,31,305,8,9
TRPJAI2508166929882d,2025-08-16,RJ01,repeated,22,301,7,9
TRPVIS250816cb7c7752,2025-08-16,AP01,repeated,12,135,7,8
TRPVIS250816e613e729,2025-08-16,AP01,repeated,18,189,8,9
TRPIND250816ec675e58,2025-08-16,MP01,repeated,19,175,9,6
TRPKOC250816d6259272,2025-08-16,KL01,new,23,284,10,9
TRPCOI250816d7aabcc1,2025-08-16,TN01,repeated,18,167,7,9
TRPLUC25081685ba8da4,2025-08-16,UP01,new,15,161,7,6
TRPSUR2508162c30c2c2,2025-08-16,GJ01,repeated,12,115,5,6
TRPLUC250816fe0e50ea,2025-08-16,UP01,repeated,14,152,6,7
TRPLUC250816dc9064c9,2025-08-16,UP01,new,16,170,7,7
TRPCOI25081695ff71d8,2025-08-16,TN01,new,10,103,10,8
TRPLUC2508162ce02fb1,2025-08-16,UP01,repeated,9,107,7,6
TRPSUR250816355faf19,2025-08-16,GJ01,repeated,16,147,6,8
TRPIND250816a12d9a53,2025-08-16,MP01,repeated,9,95,6,6
TRPVAD2508164b4f5e53,2025-08-16,GJ02,repeated,14,130,5,7
TRPVAD2508163fbc6558,2025-08-16,GJ02,new,5,58,8,7
TRPSUR250816e43215db,2025-08-16,GJ01,repeated,12,115,5,5
TRPLUC250816dec85d75,2025-08-16,UP01,repeated,9,107,6,8
TRPSUR25081628803802,2025-08-16,GJ01,repeated,15,139,6,7
TRPVAD2508160f0ef275,2025-08-16,GJ02,new,13,122,7,8
TRPIND2508164efe09c1,2025-08-16,MP01,new,19,175,10,8
TRPCOI2508160f636474,2025-08-16,TN01,repeated,8,87,8,6
TRPIND250816d1864d44,2025-08-16,MP01,repeated,11,111,7,9
TRPSUR250816a913657d,2025-08-16,GJ01,repeated,9,91,5,6
TRPIND2508164170ef3a,2025-08-16,MP01,new,22,199,8,9
TRPLUC250816f234cf2c,2025-08-16,UP01,repeated,10,116,6,8
TRPLUC250816449d96a4,2025-08-16,UP01,new,12,134,7,6
TRPSUR250816ae50c28e,2025-08-16,GJ01,repeated,11,107,5,8
TRPJAI250816c7ccb74c,2025-08-16,RJ01,repeated,29,385,9,10
TRPLUC2508162c64980d,2025-08-16,UP01,repeated,9,107,5,7
TRPKOC2508169645b060,2025-08-16,KL01,new,28,339,8,10
TRPKOC25081677664150,2025-08-16,KL01,new,11,152,8,8
TRPKOC250816832fd531,2025-08-16,KL01,new,24,295,10,9
TRPLUC250816ac820a68,2025-08-16,UP01,repeated,10,116,6,7
TRPJAI250816c0f8605d,2025-08-16,RJ01,new,39,505,9,9
TRPJAI250816f6075946,2025-08-16,RJ01,repeated,30,397,8,10
TRPSUR2508164254ad35,2025-08-16,GJ01,new,11,107,7,7
TRPSUR2508161ff7be51,2025-08-16,GJ01,repeated,11,107,5,6
TRPLUC2508160604cbc5,2025-08-16,UP01,new,14,152,8,7
TRPSUR2508164bd987dc,2025-08-16,GJ01,repeated,10,99,6,6
TRPVAD25081675f8f2fe,2025-08-16,GJ02,repeated,16,146,5,8
TRPJAI2508161176c1cf,2025-08-16,RJ01,repeated,42,541,7,8
TRPSUR25081618058828,2025-08-16,GJ01,repeated,11,107,6,6
TRPIND250816f5fdf8a0,2025-08-16,MP01,new,21,191,7,7
TRPKOC250816a52cae5e,2025-08-16,KL01,repeated,26,317,9,10
TRPCHA2508161fca1901,2025-08-16,CH01,repeated,29,287,7,9
TRPKOC2508162852cf09,2025-08-16,KL01,new,29,350,8,9
TRPLUC250816851d971a,2025-08-16,UP01,repeated,10,116,7,8
TRPSUR25081631a0b2ad,2025-08-16,GJ01,repeated,10,99,7,6
TRPLUC250816d0247697,2025-08-16,UP01,new,11,125,7,8
TRPIND250816d1edb229,2025-08-16,MP01,new,11,111,9,8
TRPLUC250816a319f4d9,2025-08-16,UP01,new,6,80,9,6
TRPIND25081614bb5072,2025-08-16,MP01,repeated,22,199,8,7
TRPVAD250816e3fcca44,2025-08-16,GJ02,repeated,11,106,6,7
TRPSUR2508168eb4d68b,2025-08-16,GJ01,repeated,7,75,6,7
TRPSUR250816f0c9f59c,2025-08-16,GJ01,repeated,16,147,5,8
TRPLUC250816c4dccdb1,2025-08-16,UP01,new,15,161,7,8
TRPVAD2508160f171297,2025-08-16,GJ02,new,18,162,9,7
TRPCHA25081665f8f5ac,2025-08-16,CH01,new,31,305,7,9
TRPCHA2508166a34c132,2025-08-16,CH01,new,16,170,10,7
TRPSUR25081665e0c4c1,2025-08-16,GJ01,new,12,115,8,8
TRPSUR2508164d75859c,2025-08-16,GJ01,repeated,13,123,5,7
TRPSUR250816b0c459f6,2025-08-16,GJ01,repeated,10,99,7,5
TRPIND25081616111ed3,2025-08-16,MP01,repeated,16,151,7,9
TRPSUR2508169a03f7c3,2025-08-16,GJ01,new,14,131,9,8
TRPCHA250816f13e21cd,2025-08-16,CH01,new,21,215,10,8
TRPLUC2508160e2f7417,2025-08-16,UP01,new,11,125,8,6
TRPLUC25081629109bf0,2025-08-16,UP01,new,16,170,8,6
TRPJAI2508167288f4d8,2025-08-16,RJ01,new,41,529,8,10
TRPCHA250816ec8639c6,2025-08-16,CH01,repeated,28,278,6,7
TRPJAI250816b1580079,2025-08-16,RJ01,new,34,445,10,10
TRPVAD2508161600f5fc,2025-08-16,GJ02,new,18,162,9,6
TRPLUC250816ebc3d59c,2025-08-16,UP01,repeated,19,197,7,7
TRPVAD2508166bea3aa2,2025-08-16,GJ02,repeated,17,154,7,8
TRPSUR2508168ca6bcc4,2025-08-16,GJ01,repeated,8,83,6,5
TRPKOC2508164b5124b3,2025-08-16,KL01,repeated,25,306,9,10
TRPCHA250816f2934b87,2025-08-16,CH01,repeated,27,269,8,9
TRPJAI2508165ae2871b,2025-08-16,RJ01,new,20,277,8,9
TRPLUC250816f9c56aea,2025-08-16,UP01,repeated,13,143,5,8
TRPLUC25081673863ce6,2025-08-16,UP01,repeated,8,98,5,8
TRPSUR25081629607958,2025-08-16,GJ01,repeated,5,59,5,5
TRPVIS250816acef2fb4,2025-08-16,AP01,repeated,31,306,7,8
TRPVIS250816884a57fa,2025-08-16,AP01,new,10,117,10,8
TRPKOC250816cae296de,2025-08-16,KL01,new,27,328,10,9
TRPSUR2508163adeea75,2025-08-16,GJ01,repeated,14,131,5,8
TRPMYS250816eba2be4a,2025-08-16,KA01,new,14,175,8,9
TRPCOI250816d7280882,2025-08-16,TN01,new,17,159,7,9
TRPJAI2508160918a721,2025-08-16,RJ01,new,43,553,8,9
TRPLUC250816071eeb7f,2025-08-16,UP01,new,12,134,9,8
TRPVIS250816ed8e8a80,2025-08-16,AP01,repeated,34,333,8,8
TRPLUC250816d2f0a76c,2025-08-16,UP01,new,17,179,7,7
TRPLUC250816f9776334,2025-08-16,UP01,repeated,17,179,7,6
TRPIND2508167b76a3d4,2025-08-16,MP01,repeated,14,135,7,9
TRPKOC2508168023ba9f,2025-08-16,KL01,new,12,163,9,10
TRPIND2508166344bc53,2025-08-16,MP01,repeated,21,191,9,7
TRPCHA250816196b9030,2025-08-16,CH01,new,21,215,9,8
TRPLUC2508165becb0b4,2025-08-16,UP01,repeated,10,116,7,8
TRPJAI2508162fc8fdd5,2025-08-16,RJ01,new,17,241,10,9
TRPIND250816486139f3,2025-08-16,MP01,repeated,25,223,6,6
TRPVAD250816cfdc10f8,2025-08-16,GJ02,repeated,17,154,5,6
TRPLUC250816c2d2f5f4,2025-08-16,UP01,new,5,71,9,6
TRPSUR2508164f89eee3,2025-08-16,GJ01,repeated,9,91,5,5
TRPIND250816b7619e78,2025-08-16,MP01,new,15,143,8,8
TRPIND2508160a614f97,2025-08-16,MP01,repeated,22,199,6,6
TRPVAD250816b20d9898,2025-08-16,GJ02,repeated,11,106,5,8
TRPVAD2508169ef0e62f,2025-08-16,GJ02,repeated,8,82,5,8
TRPVIS2508160052a2b7,2025-08-16,AP01,repeated,28,279,8,10
TRPLUC25081607a92311,2025-08-16,UP01,repeated,17,179,7,7
TRPKOC250816f1a0a2f9,2025-08-16,KL01,repeated,35,416,8,9
TRPLUC250816569fb027,2025-08-16,UP01,new,5,71,8,6
TRPIND2508168902e745,2025-08-16,MP01,new,24,215,10,7
TRPCHA2508163f7b0713,2025-08-16,CH01,new,25,251,8,7
TRPLUC250816a5cedfc5,2025-08-16,UP01,repeated,13,143,5,5
TRPJAI2508160f7f6206,2025-08-16,RJ01,new,45,577,9,10
TRPSUR250816cbb94d77,2025-08-16,GJ01,repeated,13,123,6,8
TRPJAI2508161e38d06e,2025-08-16,RJ01,new,37,481,8,8
TRPVAD250816db25e900,2025-08-16,GJ02,repeated,7,74,6,8
TRPIND25081626e22ea3,2025-08-16,MP01,repeated,13,127,6,6
TRPCHA250816c096b3e1,2025-08-16,CH01,new,26,260,8,9
TRPLUC250816b2addc5d,2025-08-16,UP01,repeated,19,197,6,8
TRPKOC2508162dbe76b7,2025-08-16,KL01,new,31,372,10,9
TRPLUC2508167161dfa7,2025-08-16,UP01,repeated,17,179,7,7
TRPIND2508164b3c2195,2025-08-16,MP01,repeated,22,199,7,6
TRPJAI250816833a8d7c,2025-08-16,RJ01,new,21,289,9,9
TRPCHA25081610b086d5,2025-08-16,CH01,new,33,323,7,8
TRPJAI25081621dd754e,2025-08-16,RJ01,new,24,325,9,8
TRPLUC2508169f966c25,2025-08-16,UP01,repeated,6,80,5,7
TRPKOC2508165d9fa349,2025-08-16,KL01,new,26,317,9,8
TRPCHA2508160801c9c1,2025-08-16,CH01,repeated,24,242,9,6
TRPCHA25081636935e66,2025-08-16,CH01,repeated,17,179,8,7
TRPLUC2508162332ea40,2025-08-16,UP01,new,16,170,7,7
TRPIND250816303b9b59,2025-08-16,MP01,new,10,103,8,7
TRPSUR2508161fd74bde,2025-08-16,GJ01,repeated,6,67,7,5
TRPCOI250816aa89bb97,2025-08-16,TN01,new,20,183,8,7
TRPVAD250816e5cee8a4,2025-08-16,GJ02,new,9,90,7,7
TRPSUR250816dfb9148f,2025-08-16,GJ01,repeated,16,147,7,7
TRPIND250816249004d5,2025-08-16,MP01,new,19,175,9,9
TRPJAI2508167a9171ba,2025-08-16,RJ01,new,35,457,9,10
TRPLUC250816181e0d1c,2025-08-16,UP01,new,10,116,7,7
TRPLUC25081648ae1378,2025-08-16,UP01,repeated,7,89,6,7
TRPVIS250816701e2134,2025-08-16,AP01,repeated,13,144,7,9
TRPLUC25081648720881,2025-08-16,UP01,repeated,9,107,7,7
TRPSUR250816f6d599ed,2025-08-16,GJ01,repeated,13,123,7,6
TRPJAI2508163ea35ba3,2025-08-16,RJ01,new,23,313,9,8
TRPCHA250816855163bf,2025-08-16,CH01,new,27,269,7,9
TRPVIS25081660485508,2025-08-16,AP01,repeated,21,216,8,8
TRPLUC2508161fab611c,2025-08-16,UP01,repeated,7,89,5,5
TRPIND2508164748b25a,2025-08-16,MP01,new,22,199,10,7
TRPJAI250816c358a928,2025-08-16,RJ01,repeated,42,541,9,10
TRPSUR250816a794feab,2025-08-16,GJ01,repeated,9,91,7,7
TRPJAI2508162bab86d0,2025-08-16,RJ01,repeated,28,373,8,10
TRPLUC250816319c31b9,2025-08-16,UP01,repeated,12,134,5,5
TRPVAD2508167f4f8dec,2025-08-16,GJ02,repeated,5,58,6,5
TRPCHA250816ff30709b,2025-08-16,CH01,new,31,305,8,9
TRPCHA25081642292e26,2025-08-16,CH01,repeated,34,332,8,9
TRPKOC250816d1b2d5bd,2025-08-16,KL01,new,29,350,10,10
TRPJAI25081642557cc6,2025-08-16,RJ01,repeated,32,421,9,8
TRPJAI250816c836c307,2025-08-16,RJ01,repeated,36,469,8,9
TRPLUC2508162c9a1298,2025-08-16,UP01,repeated,14,152,6,8
TRPVAD2508168a52ad6d,2025-08-16,GJ02,new,12,114,8,7
TRPSUR250816b4e77e7a,2025-08-16,GJ01,repeated,7,75,5,5
TRPKOC250816246294ec,2025-08-16,KL01,repeated,22,273,7,9
TRPJAI2508160235ac4a,2025-08-16,RJ01,repeated,24,325,7,9
TRPLUC25081694cbef0f,2025-08-16,UP01,repeated,13,143,5,6
TRPCHA250816383ed239,2025-08-16,CH01,new,30,296,9,8
TRPJAI250816132857a6,2025-08-16,RJ01,new,36,469,9,9
TRPCOI2508167bc05c0a,2025-08-16,TN01,repeated,8,87,9,9
TRPCHA250816d2032aa7,2025-08-16,CH01,new,31,305,7,7
TRPLUC250816de5e95f4,2025-08-16,UP01,repeated,18,188,6,6
TRPVIS250816acb0e8b3,2025-08-16,AP01,new,11,126,9,10
TRPSUR25081624b0e987,2025-08-16,GJ01,new,17,155,8,8
TRPJAI250816dfb97c64,2025-08-16,RJ01,new,42,541,9,9
TRPCHA250816fc6d3307,2025-08-16,CH01,new,20,206,9,7
TRPKOC2508160d426821,2025-08-16,KL01,repeated,19,240,8,8
TRPLUC250816c51053f2,2025-08-16,UP01,new,15,161,9,8
TRPLUC250816f793cb55,2025-08-16,UP01,repeated,10,116,5,8
TRPIND25081603a8207b,2025-08-16,MP01,repeated,17,159,7,8
TRPVIS2508160ef67fa3,2025-08-16,AP01,repeated,34,333,7,8
TRPVIS250816d42742ad,2025-08-16,AP01,new,35,342,10,10
TRPJAI2508168cffc2e2,2025-08-16,RJ01,new,26,349,8,9
TRPLUC250816f631eb42,2025-08-16,UP01,repeated,15,161,7,8
TRPKOC25081608d6a34b,2025-08-16,KL01,new,32,383,9,8
TRPCOI25081672003a30,2025-08-16,TN01,repeated,19,175,6,9
TRPCHA250816ff0ffbd4,2025-08-16,CH01,new,29,287,9,9
TRPCHA2508163e21876a,2025-08-16,CH01,new,29,287,10,9
TRPKOC250816722053b9,2025-08-16,KL01,new,16,207,10,10
TRPSUR25081601c91f43,2025-08-16,GJ01,repeated,15,139,7,5
TRPVAD2508168454de5c,2025-08-16,GJ02,repeated,14,130,6,8
TRPMYS250816ad33e555,2025-08-16,KA01,repeated,19,225,9,8
TRPMYS250816dcae5822,2025-08-16,KA01,new,11,145,9,10
TRPJAI25081649287f89,2025-08-16,RJ01,new,25,337,8,8
TRPCHA250816021c53e1,2025-08-16,CH01,new,28,278,9,9
TRPLUC2508168ef156d0,2025-08-16,UP01,repeated,5,71,5,6
TRPVAD25081695abc0d0,2025-08-16,GJ02,new,12,114,8,7
TRPVAD250816e95df4a0,2025-08-16,GJ02,new,14,130,7,8
TRPJAI250816987db86f,2025-08-16,RJ01,new,44,565,9,10
TRPJAI250816392c1f79,2025-08-16,RJ01,new,40,517,10,8
TRPCOI2508163da5bc31,2025-08-16,TN01,repeated,11,111,8,9
TRPSUR2508165cfe09c3,2025-08-16,GJ01,repeated,12,115,7,5
TRPSUR250816ef9f94b9,2025-08-16,GJ01,repeated,16,147,6,8
TRPCHA2508169bc7d41e,2025-08-16,CH01,repeated,35,341,6,9
TRPJAI250816c59bcdc0,2025-08-16,RJ01,repeated,43,553,7,8
TRPVIS250816e83e8a91,2025-08-16,AP01,new,31,306,8,8
TRPVIS250816d130a5be,2025-08-16,AP01,repeated,17,180,8,10
TRPCOI25081600e117ee,2025-08-16,TN01,new,22,199,10,9
TRPVIS250816728cf902,2025-08-16,AP01,repeated,27,270,8,9
TRPIND250816accac619,2025-08-16,MP01,repeated,18,167,6,8
TRPLUC250816730a949d,2025-08-16,UP01,repeated,15,161,7,7
TRPJAI2508167ff77ba7,2025-08-16,RJ01,repeated,28,373,9,10
TRPJAI25081618293bdf,2025-08-16,RJ01,repeated,32,421,9,8
TRPLUC250816e2eecce7,2025-08-16,UP01,repeated,18,188,5,6
TRPCOI250816b01b6d67,2025-08-16,TN01,repeated,8,87,6,6
TRPSUR250816c3710df7,2025-08-16,GJ01,repeated,8,83,7,6
TRPSUR25081652450069,2025-08-16,GJ01,new,5,59,9,6
TRPKOC2508161c41ec7c,2025-08-16,KL01,new,21,262,9,8
TRPKOC250816fb2d582c,2025-08-16,KL01,new,27,328,10,9
TRPIND250816625656a1,2025-08-16,MP01,repeated,11,111,7,8
TRPVIS250816aa8ab1a9,2025-08-16,AP01,repeated,14,153,9,10
TRPSUR250816ebb28c31,2025-08-16,GJ01,repeated,11,107,5,7
TRPVAD250816cb80c021,2025-08-16,GJ02,repeated,6,66,6,5
TRPSUR250816cb600978,2025-08-16,GJ01,new,17,155,9,7
TRPSUR250816c2ddb58e,2025-08-16,GJ01,repeated,10,99,7,8
TRPLUC2508165016ef4f,2025-08-16,UP01,new,6,80,8,8
TRPSUR25081679dee19c,2025-08-16,GJ01,repeated,5,59,6,7
TRPVAD2508161fd78e3f,2025-08-16,GJ02,repeated,6,66,5,8
TRPLUC25081682bf407b,2025-08-16,UP01,repeated,14,152,6,5
TRPLUC2508167a8c0cf3,2025-08-16,UP01,new,19,197,8,8
TRPVAD25081664d91d2b,2025-08-16,GJ02,new,10,98,8,8
TRPCOI250816c7cee9e7,2025-08-16,TN01,repeated,11,111,8,7
TRPLUC25081675316019,2025-08-16,UP01,repeated,13,143,7,8
TRPSUR2508161bc589cf,2025-08-16,GJ01,repeated,8,83,6,7
TRPCOI250816491dfaa0,2025-08-16,TN01,new,19,175,8,7
TRPMYS2508163f85451e,2025-08-16,KA01,new,12,155,10,10
TRPVAD25081661d05d9a,2025-08-16,GJ02,new,16,146,9,8
TRPVAD250816bdc257e4,2025-08-16,GJ02,new,17,154,8,7
TRPJAI250816eeae02db,2025-08-16,RJ01,new,32,421,9,8
TRPIND2508168a77d670,2025-08-16,MP01,new,12,119,7,7
TRPCHA250816b7f90c78,2025-08-16,CH01,new,13,143,10,9
TRPJAI2508161a948c9e,2025-08-16,RJ01,repeated,30,397,7,9
TRPIND250816592d804a,2025-08-16,MP01,repeated,25,223,6,9
TRPSUR250816910e32fb,2025-08-16,GJ01,repeated,5,59,6,7
TRPVIS2508169762d3f8,2025-08-16,AP01,new,26,261,9,9
TRPJAI250816c0920385,2025-08-16,RJ01,repeated,22,301,9,8
TRPJAI250816b0805e79,2025-08-16,RJ01,new,32,421,10,10
TRPJAI250816ecd8b3a9,2025-08-16,RJ01,new,26,349,10,9
TRPSUR2508161b02ad06,2025-08-16,GJ01,repeated,12,115,7,8
TRPVIS2508165cd9d009,2025-08-16,AP01,new,29,288,9,9
TRPCOI25081618f2be34,2025-08-16,TN01,repeated,16,151,8,7
TRPKOC250816e6071efc,2025-08-16,KL01,new,33,394,8,9
TRPLUC2508160cdd171c,2025-08-16,UP01,repeated,6,80,5,5
TRPIND2508169f94d482,2025-08-16,MP01,new,24,215,8,8
TRPLUC250816de738be8,2025-08-16,UP01,repeated,18,188,5,5
TRPVAD2508164bc85a90,2025-08-16,GJ02,new,9,90,9,8
TRPSUR25081619adeed3,2025-08-16,GJ01,repeated,13,123,5,6
TRPSUR2508163a3aefe0,2025-08-16,GJ01,new,13,123,9,7
TRPSUR2508165a8f015b,2025-08-16,GJ01,repeated,7,75,7,8
TRPCHA250816daa4deee,2025-08-16,CH01,repeated,20,206,7,8
TRPJAI250816aedb94c7,2025-08-16,RJ01,new,28,373,10,10
TRPSUR250816a074cd44,2025-08-16,GJ01,new,8,83,7,6
TRPSUR250816e352675d,2025-08-16,GJ01,repeated,7,75,5,5
TRPVAD250816f8fdc691,2025-08-16,GJ02,new,18,162,8,8
TRPSUR250816a7d823ec,2025-08-16,GJ01,repeated,16,147,7,5
TRPVIS2508169bec7441,2025-08-16,AP01,new,16,171,9,8
TRPCHA250816708c08ee,2025-08-16,CH01,repeated,23,233,7,8
TRPCHA2508162bdb081d,2025-08-16,CH01,new,29,287,10,9
TRPSUR25081686ec1141,2025-08-16,GJ01,repeated,9,91,6,8
TRPJAI2508167287c113,2025-08-16,RJ01,new,45,577,9,8
TRPLUC2508165f388861,2025-08-16,UP01,repeated,16,170,7,8
TRPJAI2508167a8ac1f1,2025-08-16,RJ01,new,26,349,10,8
TRPIND25081699fc952e,2025-08-16,MP01,repeated,17,159,9,7
TRPLUC250816e29fc6eb,2025-08-16,UP01,new,6,80,7,7
TRPJAI250816285e9be4,2025-08-16,RJ01,repeated,39,505,9,8
TRPVIS250816d916596c,2025-08-16,AP01,new,13,144,9,8
TRPJAI2508164839a404,2025-08-16,RJ01,new,26,349,8,8
TRPMYS250816021857f5,2025-08-16,KA01,repeated,12,155,8,8
TRPLUC2508165ed599ea,2025-08-16,UP01,new,14,152,9,8
TRPMYS2508160660a94f,2025-08-16,KA01,new,22,255,8,9
TRPIND250816ce5b7ed7,2025-08-16,MP01,new,21,191,10,9
TRPVAD250816b5c8874c,2025-08-16,GJ02,new,10,98,8,8
TRPKOC2508167811030d,2025-08-16,KL01,new,34,405,9,9
TRPIND250816e76781ec,2025-08-16,MP01,new,23,207,10,7
TRPJAI2508166ac10358,2025-08-16,RJ01,new,25,337,9,8
TRPLUC250816280bc3c0,2025-08-16,UP01,repeated,8,98,5,7
TRPCOI250816b0353038,2025-08-16,TN01,repeated,18,167,6,8
TRPLUC2508160b205ebf,2025-08-16,UP01,repeated,18,188,6,5
TRPIND250816f1480745,2025-08-16,MP01,repeated,20,183,7,7
TRPLUC25081645f40b11,2025-08-16,UP01,repeated,16,170,6,8
TRPLUC2508168baa95d7,2025-08-16,UP01,repeated,16,170,5,5
TRPVAD25081669ac06c0,2025-08-16,GJ02,repeated,9,90,7,7
TRPLUC25081627479174,2025-08-16,UP01,repeated,9,107,6,8
TRPLUC250816fc9952d6,2025-08-16,UP01,repeated,16,170,6,6
TRPJAI2508169c934f73,2025-08-16,RJ01,repeated,20,277,9,8
TRPSUR250816944072bf,2025-08-16,GJ01,repeated,7,75,5,7
TRPIND250816f6ece3f6,2025-08-16,MP01,repeated,10,103,8,9
TRPVAD25081680ac7879,2025-08-16,GJ02,repeated,10,98,5,8
TRPIND250816782aaf04,2025-08-16,MP01,repeated,12,119,6,7
TRPLUC2508162613c1f1,2025-08-16,UP01,repeated,18,188,7,6
TRPSUR250816a4ee6f25,2025-08-16,GJ01,repeated,10,99,6,7
TRPKOC2508161577d8b6,2025-08-16,KL01,new,31,372,10,10
TRPJAI250816db7b415a,2025-08-16,RJ01,repeated,25,337,9,10
TRPIND2508163cd8f55e,2025-08-16,MP01,repeated,12,119,9,8
TRPSUR250816f8796de2,2025-08-16,GJ01,repeated,16,147,5,7
TRPJAI250816e0823405,2025-08-16,RJ01,repeated,41,529,9,9
TRPJAI2508167cd0f4eb,2025-08-16,RJ01,new,25,337,8,9
TRPSUR250816fa8216dc,2025-08-16,GJ01,repeated,12,115,5,5
TRPSUR2508160dac2517,2025-08-16,GJ01,new,9,91,7,8
TRPLUC250816e3910610,2025-08-16,UP01,repeated,13,143,5,6
TRPLUC250816103e4787,2025-08-16,UP01,repeated,9,107,5,5
TRPJAI250816ab5725e2,2025-08-16,RJ01,new,23,313,9,8
TRPIND2508160bdf201d,2025-08-16,MP01,new,20,183,10,7
TRPLUC250816f51eec3c,2025-08-16,UP01,repeated,13,143,5,6
TRPLUC250816bbe36373,2025-08-16,UP01,new,14,152,7,6
TRPSUR250816feee2231,2025-08-16,GJ01,repeated,7,75,6,6
TRPCOI250816774580ed,2025-08-16,TN01,repeated,14,135,8,6
TRPSUR250816043dea17,2025-08-16,GJ01,repeated,5,59,7,5
TRPCHA250816168a0ab3,2025-08-16,CH01,repeated,20,206,7,7
TRPSUR25081644592a50,2025-08-16,GJ01,repeated,7,75,7,8
TRPCOI2508163dfa37d7,2025-08-16,TN01,repeated,12,119,6,8
TRPKOC2508161b539827,2025-08-16,KL01,repeated,28,339,8,10
TRPIND250816e7e6e5d9,2025-08-16,MP01,new,13,127,7,9
TRPVAD2508167106bffe,2025-08-16,GJ02,repeated,12,114,5,8
TRPVAD250816a355edb2,2025-08-16,GJ02,repeated,18,162,5,6
TRPSUR25081619b3460c,2025-08-16,GJ01,new,6,67,7,8
TRPJAI250816d5002d43,2025-08-16,RJ01,repeated,39,505,9,9
TRPCOI250816dac291d0,2025-08-16,TN01,repeated,9,95,9,6
TRPVIS250816b1c2d608,2025-08-16,AP01,repeated,31,306,7,10
TRPKOC25081689912cf2,2025-08-16,KL01,new,22,273,10,10
TRPIND250816bd828240,2025-08-16,MP01,repeated,16,151,7,6
TRPSUR250816bd7adc2d,2025-08-16,GJ01,repeated,9,91,7,7
TRPSUR250816cc32f746,2025-08-16,GJ01,repeated,9,91,7,5
TRPJAI250816aece1bc1,2025-08-16,RJ01,new,24,325,8,9
TRPLUC2508166fa27cfa,2025-08-16,UP01,new,6,80,9,7
TRPCOI25081634463ada,2025-08-16,TN01,repeated,20,183,6,9
TRPSUR25081691e62b5a,2025-08-16,GJ01,new,5,59,7,6
TRPSUR250816c259360a,2025-08-16,GJ01,repeated,16,147,7,7
TRPLUC250816a22f0cfd,2025-08-16,UP01,repeated,19,197,5,8
TRPLUC2508162622d653,2025-08-16,UP01,repeated,13,143,6,8
TRPVAD25081674283369,2025-08-16,GJ02,repeated,17,154,7,7
TRPLUC2508161398698b,2025-08-16,UP01,repeated,9,107,7,7
TRPLUC250816d5ca91a0,2025-08-16,UP01,repeated,16,170,6,7
TRPLUC250816c79fbd3c,2025-08-16,UP01,repeated,16,170,7,6
TRPIND2508169198cd99,2025-08-16,MP01,repeated,21,191,6,6
TRPVAD250816cd65d683,2025-08-16,GJ02,repeated,15,138,6,7
TRPJAI250816941b8577,2025-08-16,RJ01,repeated,22,301,8,9
TRPJAI250816e07c2c68,2025-08-16,RJ01,repeated,41,529,9,8
TRPKOC2508162daefcdb,2025-08-16,KL01,new,38,449,8,8
TRPLUC2508164e4ed0ff,2025-08-16,UP01,new,15,161,8,7
TRPSUR250816c36df97c,2025-08-16,GJ01,repeated,14,131,5,7
TRPLUC2508164e5e97e2,2025-08-16,UP01,new,10,116,7,6
TRPKOC2508166ea94ed8,2025-08-16,KL01,repeated,20,251,8,9
TRPSUR25081664786455,2025-08-16,GJ01,repeated,13,123,5,6
TRPLUC250816ad914cf5,2025-08-16,UP01,repeated,8,98,5,6
TRPCOI250816f6e3e964,2025-08-16,TN01,new,8,87,8,7
TRPLUC25081673326af9,2025-08-16,UP01,new,13,143,9,7
TRPVIS2508160a296c31,2025-08-16,AP01,repeated,35,342,7,9
TRPLUC250816ead57bc3,2025-08-16,UP01,repeated,18,188,6,7
TRPSUR250816c91f3993,2025-08-16,GJ01,repeated,6,67,7,5
TRPCHA2508164b2e3abe,2025-08-16,CH01,new,33,323,7,9
TRPSUR250816615e0720,2025-08-16,GJ01,repeated,8,83,5,8
TRPJAI25081601f76dc7,2025-08-16,RJ01,new,33,433,9,9
TRPCHA250816362961a6,2025-08-16,CH01,new,18,188,9,8
TRPIND2508164678e665,2025-08-16,MP01,new,10,103,10,7
TRPKOC2508162ded289d,2025-08-16,KL01,new,19,240,9,8
TRPJAI2508168852ebba,2025-08-16,RJ01,repeated,39,505,7,10
TRPMYS2508162b05cb4f,2025-08-16,KA01,repeated,20,235,9,8
TRPKOC2508162d127b71,2025-08-16,KL01,repeated,19,240,9,10
TRPCHA250816409d5c1c,2025-08-16,CH01,repeated,26,260,8,9
TRPJAI25081665d3064a,2025-08-16,RJ01,repeated,38,493,7,10
TRPJAI2508167a510458,2025-08-16,RJ01,new,22,301,9,10
TRPJAI2508162e85f334,2025-08-16,RJ01,new,15,217,9,8
TRPJAI250816917d4783,2025-08-16,RJ01,new,32,421,8,8
TRPCHA2508163cac1e37,2025-08-16,CH01,repeated,12,134,8,7
TRPCHA250816d1bf4276,2025-08-16,CH01,repeated,32,314,9,8
TRPCHA250816017b10b4,2025-08-16,CH01,new,15,161,9,9
TRPCOI25081625bf6e23,2025-08-16,TN01,repeated,20,183,9,9
TRPVAD2508160958badf,2025-08-16,GJ02,repeated,12,114,5,8
TRPCOI250816613c890d,2025-08-16,TN01,new,18,167,7,8
TRPJAI25081682dc1b1c,2025-08-16,RJ01,new,19,265,9,9
TRPLUC25081664eb8add,2025-08-16,UP01,repeated,15,161,5,5
TRPVAD250816474f80bc,2025-08-16,GJ02,new,16,146,7,7
TRPKOC2508163e16a2f1,2025-08-16,KL01,new,32,383,9,9
TRPVAD250816e753aea3,2025-08-16,GJ02,new,7,74,8,8
TRPJAI25081623c1bd8b,2025-08-16,RJ01,new,17,241,8,10
TRPKOC250816d95caf93,2025-08-16,KL01,repeated,21,262,9,9
TRPVAD250816b4cc136d,2025-08-16,GJ02,repeated,18,162,5,8
TRPLUC2508166da75b4f,2025-08-16,UP01,new,19,197,9,6
TRPIND2508162141c8a1,2025-08-16,MP01,new,19,175,7,8
TRPKOC250816aa391eb1,2025-08-16,KL01,repeated,34,405,8,10
TRPVAD250816b0239fa9,2025-08-16,GJ02,new,16,146,9,8
TRPIND25081652d45f6b,2025-08-16,MP01,new,8,87,10,9
TRPVIS2508168df6f4ed,2025-08-16,AP01,repeated,19,198,7,10
TRPSUR250816c482da19,2025-08-16,GJ01,repeated,14,131,6,8
TRPKOC25081691c2bfa5,2025-08-16,KL01,new,29,350,10,9
TRPVAD25081684e75ad0,2025-08-16,GJ02,repeated,6,66,5,7
TRPLUC250816812f1bb4,2025-08-16,UP01,repeated,12,134,5,7
TRPCHA250816687f6649,2025-08-16,CH01,repeated,32,314,6,6
TRPJAI25081692e55e6e,2025-08-16,RJ01,new,33,433,9,8
TRPKOC25081633ed4176,2025-08-16,KL01,repeated,24,295,8,8
TRPKOC250816f15f7f08,2025-08-16,KL01,repeated,13,174,9,9
TRPSUR2508160f735ff4,2025-08-16,GJ01,repeated,9,91,5,5
TRPJAI250816a9cdddab,2025-08-16,RJ01,repeated,32,421,9,8
TRPLUC2508168f5ac16f,2025-08-16,UP01,repeated,19,197,5,5
TRPVAD250816b18f0065,2025-08-16,GJ02,repeated,8,82,7,8
TRPJAI250816218f4f6b,2025-08-16,RJ01,repeated,35,457,8,9
TRPSUR2508169e31cb8a,2025-08-16,GJ01,repeated,13,123,5,7
TRPLUC250816e29e6ef7,2025-08-16,UP01,repeated,9,107,5,6
TRPLUC250816eb1b3fa8,2025-08-16,UP01,repeated,17,179,6,7
TRPJAI2508165df06614,2025-08-16,RJ01,new,19,265,9,8
TRPLUC25081637fbf75d,2025-08-16,UP01,repeated,19,197,6,7
TRPVAD2508166077f2c2,2025-08-16,GJ02,new,10,98,8,6
TRPSUR250816e113061f,2025-08-16,GJ01,repeated,14,131,7,7
TRPCHA250816607b2524,2025-08-16,CH01,new,32,314,9,9
TRPLUC250816fad0024c,2025-08-16,UP01,repeated,15,161,7,5
TRPJAI250816b0240786,2025-08-16,RJ01,repeated,28,373,7,10
TRPCOI2508165d52a67f,2025-08-16,TN01,repeated,12,119,9,6
TRPVAD2508163f1200a8,2025-08-16,GJ02,new,18,162,9,6
TRPCOI25081641ac9084,2025-08-16,TN01,repeated,15,143,9,8
TRPIND250816c112c700,2025-08-16,MP01,repeated,13,127,8,8
TRPSUR250816c39fa386,2025-08-16,GJ01,repeated,6,67,6,6
TRPVAD2508161d302307,2025-08-16,GJ02,repeated,15,138,6,8
TRPVAD25081643d4632d,2025-08-16,GJ02,repeated,13,122,7,5
TRPLUC2508165a861bd9,2025-08-16,UP01,repeated,19,197,5,8
TRPVIS25081604a8a09a,2025-08-16,AP01,repeated,29,288,9,9
TRPSUR250816bbc5ee41,2025-08-16,GJ01,repeated,15,139,7,6
TRPCHA250816f0045210,2025-08-16,CH01,repeated,16,170,9,9
TRPKOC2508162439b7cc,2025-08-16,KL01,new,34,405,8,9
TRPCOI250816847f5db4,2025-08-16,TN01,new,22,199,10,7
TRPVIS250816eaa70ce6,2025-08-16,AP01,repeated,22,225,7,9
TRPIND250816b5da9803,2025-08-16,MP01,new,14,135,9,9
TRPKOC250816c9109fd1,2025-08-16,KL01,new,38,449,9,10
TRPJAI250816d476aa9d,2025-08-16,RJ01,new,31,409,10,10
TRPLUC250816ae9747cd,2025-08-16,UP01,repeated,18,188,6,8
TRPLUC25081656630fe6,2025-08-16,UP01,new,10,116,8,6
TRPCOI250816d349fc66,2025-08-16,TN01,repeated,9,95,9,6
TRPLUC25081682cc8a92,2025-08-16,UP01,repeated,14,152,7,5
TRPVAD25081602f925d8,2025-08-16,GJ02,repeated,10,98,6,6
TRPIND250816fcb07c83,2025-08-16,MP01,repeated,24,215,7,7
TRPJAI25081693ac6051,2025-08-16,RJ01,repeated,29,385,8,8
TRPKOC250816a6f54459,2025-08-16,KL01,new,10,141,9,10
TRPVAD250816f64847b0,2025-08-16,GJ02,repeated,12,114,6,5
TRPSUR2508161965c133,2025-08-16,GJ01,repeated,11,107,6,5
TRPVAD25081605a3efac,2025-08-16,GJ02,repeated,10,98,6,7
TRPCHA250816838d27a7,2025-08-16,CH01,new,35,341,8,8
TRPVAD2508161f771e4d,2025-08-16,GJ02,new,8,82,8,6
TRPVAD2508162d7b2a31,2025-08-16,GJ02,new,17,154,7,6
TRPJAI250816c4ab6d1a,2025-08-16,RJ01,new,31,409,9,8
TRPVIS250816e236d672,2025-08-16,AP01,repeated,17,180,9,9
TRPJAI250816f629e2b2,2025-08-16,RJ01,repeated,35,457,8,8
TRPCHA2508166c6e9ffd,2025-08-16,CH01,new,35,341,9,7
TRPKOC2508163a90bde9,2025-08-16,KL01,new,18,229,10,9
TRPCHA250816930d8a88,2025-08-16,CH01,new,33,323,9,8
TRPCHA2508160ed596aa,2025-08-16,CH01,repeated,31,305,9,8
TRPMYS25081654b23723,2025-08-16,KA01,repeated,25,285,8,9
TRPVAD250816711f6948,2025-08-16,GJ02,repeated,11,106,7,5
TRPVAD2508167468881f,2025-08-16,GJ02,new,14,130,9,7
TRPKOC2508168f87a678,2025-08-16,KL01,new,21,262,9,10
TRPCHA250816aea19c76,2025-08-16,CH01,new,22,224,9,9
TRPCOI2508161f542af3,2025-08-16,TN01,repeated,16,151,8,9
TRPCOI2508162ff250a1,2025-08-16,TN01,repeated,9,95,8,7
TRPLUC250816ba15e4f0,2025-08-16,UP01,repeated,18,188,7,8
TRPSUR250816844b2f96,2025-08-16,GJ01,repeated,17,155,5,8
TRPVIS2508165fdf54c5,2025-08-16,AP01,repeated,31,306,8,8
TRPIND250816c11020d4,2025-08-16,MP01,repeated,17,159,9,7
TRPVAD2508163446b14c,2025-08-16,GJ02,repeated,9,90,6,7
TRPIND250816b72f8a79,2025-08-16,MP01,repeated,9,95,9,7
TRPJAI250816b56c9b42,2025-08-16,RJ01,repeated,38,493,7,10
TRPLUC250816eb6bba37,2025-08-16,UP01,repeated,9,107,7,5
TRPCOI250816a7b04ccd,2025-08-16,TN01,repeated,13,127,6,7
TRPVAD25081696b93f3d,2025-08-16,GJ02,new,14,130,7,7
TRPJAI250816c557e48f,2025-08-16,RJ01,repeated,35,457,8,9
TRPKOC25081645ffaa8e,2025-08-16,KL01,new,35,416,8,9
TRPCOI250816991179fb,2025-08-16,TN01,repeated,13,127,8,8
TRPJAI25081611c07ffa,2025-08-16,RJ01,new,16,229,8,9
TRPKOC250816f6936e89,2025-08-16,KL01,new,17,218,8,9
TRPVAD2508165c3df317,2025-08-16,GJ02,new,15,138,7,7
TRPIND250816770a7980,2025-08-16,MP01,new,10,103,7,7
TRPJAI25081643542ed5,2025-08-16,RJ01,repeated,42,541,8,9
TRPJAI250816dd0cc34d,2025-08-16,RJ01,repeated,39,505,8,9
TRPIND2508169496aac0,2025-08-16,MP01,repeated,23,207,6,6
TRPLUC250816cfef8f4a,2025-08-16,UP01,new,15,161,7,7
TRPMYS250816966ae88e,2025-08-16,KA01,new,11,145,8,8
TRPVAD25081673601d7e,2025-08-16,GJ02,new,10,98,9,8
TRPJAI250816d3f0b14d,2025-08-16,RJ01,new,34,445,9,9
TRPLUC2508165d03f633,2025-08-16,UP01,repeated,19,197,6,5
TRPJAI250816bef52d8e,2025-08-16,RJ01,repeated,26,349,9,10
TRPJAI250816e0e39dd7,2025-08-16,RJ01,repeated,16,229,8,10
TRPCOI25081640256503,2025-08-16,TN01,repeated,11,111,8,7
TRPIND25081662db863b,2025-08-16,MP01,repeated,18,167,9,9
TRPLUC2508168e74e7aa,2025-08-16,UP01,repeated,16,170,7,6
TRPKOC25081614162c57,2025-08-16,KL01,new,16,207,8,9
TRPLUC2508169ec91978,2025-08-16,UP01,repeated,8,98,7,8
TRPVAD2508169d1e9b6d,2025-08-16,GJ02,repeated,10,98,7,7
TRPJAI250816b81c3686,2025-08-16,RJ01,repeated,21,289,8,10
TRPLUC25081671b02f5b,2025-08-16,UP01,repeated,18,188,5,6
TRPJAI25081622be5f0b,2025-08-16,RJ01,repeated,18,253,8,10
TRPCHA250816100ec0cd,2025-08-16,CH01,new,12,134,9,7
TRPCOI250816cd49546d,2025-08-16,TN01,repeated,18,167,8,9
TRPJAI250816e8030edf,2025-08-16,RJ01,repeated,27,361,8,10
TRPLUC250816448e34f3,2025-08-16,UP01,repeated,17,179,5,5
TRPSUR250816bd2b7945,2025-08-16,GJ01,repeated,10,99,6,6
TRPJAI250816523667c5,2025-08-16,RJ01,new,16,229,8,8
TRPJAI2508162312aceb,2025-08-16,RJ01,new,42,541,10,8
TRPVIS25081627b497be,2025-08-16,AP01,new,26,261,10,9
TRPVIS250816e84922dd,2025-08-16,AP01,repeated,23,234,8,10
TRPJAI250816b2e68145,2025-08-16,RJ01,new,16,229,10,10
TRPCHA250816d78e3d11,2025-08-16,CH01,new,14,152,10,8
TRPCOI25081698c0742b,2025-08-16,TN01,repeated,8,87,8,8
TRPLUC2508167c213552,2025-08-16,UP01,repeated,15,161,6,5
TRPSUR250816f7618b7a,2025-08-16,GJ01,repeated,7,75,5,8
TRPVAD250816a69073eb,2025-08-16,GJ02,repeated,16,146,5,5
TRPLUC250816800f084e,2025-08-16,UP01,repeated,8,98,6,5
TRPKOC2508169e9cca6f,2025-08-16,KL01,repeated,15,196,8,9
TRPLUC2508163b26bc66,2025-08-16,UP01,repeated,10,116,6,7
TRPVAD250816902a1df0,2025-08-16,GJ02,new,11,106,7,6
TRPCHA2508162c9ff9b3,2025-08-16,CH01,repeated,19,197,6,9
TRPJAI25081643e82399,2025-08-16,RJ01,repeated,18,253,7,10
TRPSUR25081627a31981,2025-08-16,GJ01,repeated,8,83,5,8
TRPIND250816e51731d6,2025-08-16,MP01,new,25,223,8,7
TRPCHA250816b4b7310b,2025-08-16,CH01,repeated,33,323,9,9
TRPJAI25081617606ee2,2025-08-16,RJ01,repeated,16,229,9,9
TRPKOC250816345c7bce,2025-08-16,KL01,new,22,273,8,9
TRPCHA250816897105f6,2025-08-16,CH01,repeated,33,323,8,6
TRPVIS250816f2d93b52,2025-08-16,AP01,new,27,270,8,10
TRPLUC250816723006ff,2025-08-16,UP01,repeated,11,125,5,7
TRPCOI2508164da35caa,2025-08-16,TN01,new,18,167,7,9
TRPSUR250816892739c1,2025-08-16,GJ01,repeated,17,155,5,6
TRPIND2508167ce23045,2025-08-16,MP01,repeated,24,215,9,7
TRPIND250816403c4473,2025-08-16,MP01,repeated,25,223,7,9
TRPJAI25081644b99dbb,2025-08-16,RJ01,repeated,38,493,7,9
TRPSUR2508163400a7a3,2025-08-16,GJ01,new,11,107,9,8
TRPCHA25081616d1c3ff,2025-08-16,CH01,new,34,332,7,8
TRPVIS2508162d88438a,2025-08-16,AP01,repeated,15,162,8,10
TRPLUC250816f684125a,2025-08-16,UP01,repeated,15,161,7,5
TRPSUR25081635e69ecd,2025-08-16,GJ01,repeated,5,59,7,6
TRPJAI2508169d6e73f8,2025-08-16,RJ01,repeated,32,421,7,8
TRPJAI2508161899f4e5,2025-08-16,RJ01,new,28,373,10,9
TRPCOI250816decf8659,2025-08-16,TN01,repeated,22,199,7,8
TRPKOC250816691a6ef9,2025-08-16,KL01,new,12,163,9,9
TRPSUR250816d6927077,2025-08-16,GJ01,repeated,13,123,5,8
TRPLUC250816d3bc25bf,2025-08-16,UP01,repeated,11,125,5,5
TRPJAI250816be864ea3,2025-08-16,RJ01,new,16,229,10,9
TRPCHA250816df49a302,2025-08-16,CH01,repeated,24,242,6,8
TRPCOI250816ec066f43,2025-08-16,TN01,repeated,20,183,9,8
TRPCHA250816b3d10136,2025-08-16,CH01,new,17,179,7,9
TRPJAI250816ea100062,2025-08-16,RJ01,new,24,325,9,8
TRPCHA250816a8868852,2025-08-16,CH01,new,19,197,7,7
TRPSUR2508164af679fd,2025-08-16,GJ01,repeated,13,123,5,6
TRPJAI250816c6d92a52,2025-08-16,RJ01,new,17,241,8,9
TRPJAI250816ebb51b50,2025-08-16,RJ01,repeated,21,289,8,10
TRPSUR2508165774c8d8,2025-08-16,GJ01,repeated,12,115,5,5
TRPVIS2508165be2e70b,2025-08-16,AP01,new,13,144,8,9
TRPJAI2508162354bcc6,2025-08-16,RJ01,repeated,18,253,8,9
TRPLUC2508163915a0dc,2025-08-16,UP01,new,20,206,8,8
TRPLUC25081616a77e2f,2025-08-16,UP01,repeated,10,116,6,7
TRPLUC250816e514e878,2025-08-16,UP01,repeated,13,143,6,6
TRPVAD250816b3ff045b,2025-08-16,GJ02,repeated,10,98,7,8
TRPIND25081628383822,2025-08-16,MP01,new,22,199,7,9
TRPSUR250816bc55c89b,2025-08-16,GJ01,repeated,6,67,7,8
TRPJAI250816c57bcad1,2025-08-16,RJ01,new,38,493,8,8
TRPKOC250816daeaa215,2025-08-16,KL01,repeated,10,141,8,9
TRPIND250816a14986b5,2025-08-16,MP01,repeated,14,135,9,6
TRPSUR2508164ac869c4,2025-08-16,GJ01,repeated,16,147,7,5
TRPJAI250816b25dbc88,2025-08-16,RJ01,repeated,44,565,8,8
TRPKOC250816aa5a4c1e,2025-08-16,KL01,repeated,27,328,7,10
TRPLUC250816a162f8bf,2025-08-16,UP01,repeated,16,170,5,7
TRPJAI25081617254b8a,2025-08-16,RJ01,new,35,457,8,10
TRPVAD25081681045bfc,2025-08-16,GJ02,repeated,17,154,6,7
TRPSUR250816cab82713,2025-08-16,GJ01,repeated,7,75,7,8
TRPJAI250816395b5cd3,2025-08-16,RJ01,new,39,505,8,10
TRPSUR250816132fcba0,2025-08-16,GJ01,new,6,67,8,8
TRPKOC2508160590fa8e,2025-08-16,KL01,repeated,18,229,7,9
TRPIND250816171022cf,2025-08-16,MP01,new,24,215,7,8
TRPSUR25081673300a75,2025-08-16,GJ01,new,7,75,8,7
TRPSUR2508160421705c,2025-08-16,GJ01,repeated,17,155,5,7
TRPKOC250816dcdff066,2025-08-16,KL01,new,30,361,8,10
TRPLUC250816d91ab52a,2025-08-16,UP01,repeated,11,125,7,5
TRPCHA2508163b10f071,2025-08-16,CH01,repeated,22,224,8,6
TRPKOC250816d2499cb1,2025-08-16,KL01,repeated,19,240,7,9
TRPJAI250816867b7218,2025-08-16,RJ01,repeated,42,541,8,10
TRPIND25081602de2ed2,2025-08-16,MP01,repeated,8,87,9,9
TRPCOI25081632e446cd,2025-08-16,TN01,repeated,15,143,8,8
TRPVAD2508167c3d201d,2025-08-16,GJ02,repeated,18,162,7,7
TRPVAD2508166bc7464b,2025-08-16,GJ02,new,7,74,8,8
TRPKOC250816d14e0347,2025-08-16,KL01,repeated,14,185,9,9
TRPKOC250816ad0a9460,2025-08-16,KL01,repeated,21,262,7,10
TRPLUC250816cde9c1e3,2025-08-16,UP01,repeated,11,125,6,8
TRPIND2508163dcadf60,2025-08-16,MP01,repeated,13,127,9,6
TRPMYS25081690a71f6a,2025-08-16,KA01,repeated,16,195,8,8
TRPCOI2508163d98cc24,2025-08-16,TN01,repeated,17,159,7,6
TRPSUR250816dc2c5e3b,2025-08-16,GJ01,repeated,11,107,7,5
TRPJAI2508168a701344,2025-08-16,RJ01,repeated,17,241,8,10
TRPCHA25081615399848,2025-08-16,CH01,new,26,260,8,8
TRPCOI250816ac2eba2f,2025-08-16,TN01,repeated,19,175,7,6
TRPLUC250816dc070b59,2025-08-16,UP01,new,18,188,7,8
TRPVAD250816ce8c0a36,2025-08-16,GJ02,repeated,13,122,7,6
TRPLUC25081639f2edb7,2025-08-16,UP01,new,14,152,9,7
TRPJAI250816c3c6923e,2025-08-16,RJ01,new,26,349,9,9
TRPLUC250816d86409d9,2025-08-16,UP01,repeated,11,125,6,5
TRPLUC2508167364930a,2025-08-16,UP01,new,15,161,7,7
TRPIND250816a28eb06f,2025-08-16,MP01,repeated,24,215,7,9
TRPCOI250816241886d9,2025-08-16,TN01,repeated,10,103,9,7
TRPVIS250816e633f82d,2025-08-16,AP01,new,14,153,8,9
TRPJAI250816652824d5,2025-08-16,RJ01,repeated,26,349,7,8
TRPJAI250816e0904d07,2025-08-16,RJ01,repeated,31,409,8,9
TRPVIS250816df338871,2025-08-16,AP01,new,20,207,8,9
TRPSUR2508168d35f80b,2025-08-16,GJ01,repeated,11,107,6,7
TRPKOC25081603423433,2025-08-16,KL01,new,18,229,10,10
TRPVIS2508160b37e0eb,2025-08-16,AP01,repeated,24,243,8,9
TRPJAI25081608e84295,2025-08-16,RJ01,new,44,565,8,8
TRPCHA250816837c52b9,2025-08-16,CH01,new,28,278,8,8
TRPSUR2508169aef7b06,2025-08-16,GJ01,new,11,107,7,6
TRPJAI250816f6138f52,2025-08-16,RJ01,new,45,577,8,9
TRPLUC2508165251abd6,2025-08-16,UP01,repeated,13,143,5,6
TRPIND250816ecd5d3e0,2025-08-16,MP01,repeated,21,191,8,9
TRPVIS250816e98eed4f,2025-08-16,AP01,repeated,27,270,8,9
TRPKOC250816413c2d44,2025-08-16,KL01,repeated,36,427,7,9
TRPCOI2508165c516f21,2025-08-16,TN01,repeated,10,103,6,8
TRPJAI250816a8498417,2025-08-16,RJ01,new,35,457,8,8
TRPKOC2508169a22135c,2025-08-16,KL01,new,26,317,9,10
TRPKOC2508160df073ff,2025-08-16,KL01,new,22,273,10,10
TRPLUC250816504672de,2025-08-16,UP01,repeated,10,116,6,5
TRPKOC250816259eec33,2025-08-16,KL01,new,29,350,9,10
TRPJAI250816fe4a0b97,2025-08-16,RJ01,new,19,265,9,10
TRPCOI250816ee72df72,2025-08-16,TN01,repeated,12,119,9,7
TRPSUR250816c70e48bc,2025-08-16,GJ01,new,5,59,8,8
TRPMYS250816521fd81c,2025-08-16,KA01,repeated,9,125,9,9
TRPJAI25081676a40da2,2025-08-16,RJ01,new,34,445,8,10
TRPIND2508166c1b0f12,2025-08-16,MP01,repeated,15,143,7,8
TRPVIS25081639dcdb5d,2025-08-16,AP01,repeated,29,288,7,10
TRPLUC2508168c78a63b,2025-08-16,UP01,new,17,179,7,7
TRPLUC250816e8caa123,2025-08-16,UP01,repeated,16,170,5,8
TRPKOC2508166eb51fbe,2025-08-16,KL01,repeated,13,174,7,9
TRPLUC250816b6279172,2025-08-16,UP01,repeated,17,179,5,7
TRPCHA25081605cce722,2025-08-16,CH01,new,34,332,9,8
TRPIND250816dafddd26,2025-08-16,MP01,repeated,19,175,7,7
TRPSUR25081656c16d60,2025-08-16,GJ01,repeated,15,139,5,8
TRPLUC250816562b4b9b,2025-08-16,UP01,repeated,8,98,7,8
TRPLUC250816c2b473e8,2025-08-16,UP01,repeated,20,206,5,7
TRPJAI250816e2a29165,2025-08-16,RJ01,repeated,38,493,9,10
TRPJAI250816b72cb19a,2025-08-16,RJ01,new,44,565,9,8
TRPCOI2508160c51744e,2025-08-16,TN01,repeated,13,127,7,6
TRPLUC250816adb57be3,2025-08-16,UP01,repeated,13,143,6,8
TRPSUR250816193074eb,2025-08-16,GJ01,new,17,155,8,7
TRPVIS250816ed7f3e66,2025-08-16,AP01,repeated,20,207,9,9
TRPLUC250816dc518237,2025-08-16,UP01,new,7,89,8,7
TRPCOI250816fee0936e,2025-08-16,TN01,repeated,9,95,7,9
TRPKOC250816efa74791,2025-08-16,KL01,new,26,317,8,10
TRPVIS250816424e4d1a,2025-08-16,AP01,repeated,13,144,9,9
TRPKOC2508166f32039e,2025-08-16,KL01,repeated,25,306,8,10
TRPKOC2508161be11bc0,2025-08-16,KL01,repeated,16,207,9,10
TRPVIS250816dff12db1,2025-08-16,AP01,new,29,288,10,9
TRPSUR2508162506ff7c,2025-08-16,GJ01,new,10,99,8,8
TRPJAI250816d5ca9dd3,2025-08-16,RJ01,new,42,541,10,8
TRPJAI2508169519ac3f,2025-08-16,RJ01,new,26,349,8,10
TRPLUC25081650e94077,2025-08-16,UP01,new,11,125,8,6
TRPVAD2508164dd556cf,2025-08-16,GJ02,repeated,14,130,7,7
TRPCHA250816284ca11f,2025-08-16,CH01,new,30,296,7,9
TRPVIS2508168700aaf5,2025-08-16,AP01,repeated,19,198,7,8
TRPJAI25081684ba6c42,2025-08-16,RJ01,new,18,253,8,8
TRPJAI250816be1268bc,2025-08-16,RJ01,repeated,32,421,8,9
TRPCHA2508164797f260,2025-08-16,CH01,new,34,332,10,8
TRPKOC250816ec70138c,2025-08-16,KL01,repeated,11,152,7,8
TRPLUC25081669d5198b,2025-08-16,UP01,repeated,6,80,7,7
TRPVAD25081639550882,2025-08-16,GJ02,repeated,14,130,5,8
TRPSUR250816a8b06ba9,2025-08-16,GJ01,repeated,11,107,7,8
TRPSUR2508162ce7f2d8,2025-08-16,GJ01,repeated,9,91,5,6
TRPMYS2508169d4470b8,2025-08-16,KA01,new,25,285,8,10
TRPCHA2508162a1fcfc8,2025-08-16,CH01,repeated,16,170,8,9
TRPVAD2508160dad1e0d,2025-08-16,GJ02,repeated,12,114,5,6
TRPJAI250816f18a46bf,2025-08-16,RJ01,new,40,517,9,10
TRPIND250816533fe0e7,2025-08-16,MP01,new,19,175,9,9
TRPJAI250816145f9758,2025-08-16,RJ01,repeated,32,421,8,9
TRPVAD2508163b9babca,2025-08-16,GJ02,repeated,14,130,5,6
TRPLUC2508162228bda3,2025-08-16,UP01,repeated,10,116,5,8
TRPSUR25081696854f08,2025-08-16,GJ01,repeated,8,83,7,7
TRPSUR250816e18ca0b6,2025-08-16,GJ01,new,8,83,7,6
TRPVAD250816182003e2,2025-08-16,GJ02,new,16,146,7,8
TRPVIS250816730cedcd,2025-08-16,AP01,repeated,24,243,8,9
TRPJAI250816ae30605e,2025-08-16,RJ01,new,34,445,10,9
TRPLUC2508161fb0f8ff,2025-08-16,UP01,repeated,6,80,5,6
TRPKOC25081692b831fd,2025-08-16,KL01,new,27,328,9,8
TRPCHA2508161cc3345f,2025-08-16,CH01,new,30,296,7,9
TRPLUC25081686e6f71a,2025-08-16,UP01,repeated,17,179,7,7
TRPJAI2508162b9ce25d,2025-08-16,RJ01,new,42,541,8,8
TRPSUR25081608ce190b,2025-08-16,GJ01,repeated,9,91,7,8
TRPKOC2508167a94df54,2025-08-16,KL01,new,33,394,8,9
TRPJAI25081669da336e,2025-08-16,RJ01,repeated,28,373,7,10
TRPJAI2508160a20eabf,2025-08-16,RJ01,repeated,35,457,9,9
TRPVIS250816acdf2eb6,2025-08-16,AP01,new,33,324,10,9
TRPLUC2508166ef916e0,2025-08-16,UP01,repeated,13,143,7,8
TRPVAD250816cb20e3d7,2025-08-16,GJ02,repeated,16,146,5,6
TRPCHA250816ae516b3a,2025-08-16,CH01,repeated,27,269,6,9
TRPJAI25081614b9d962,2025-08-16,RJ01,new,42,541,10,8
TRPIND2508162c738f37,2025-08-16,MP01,repeated,23,207,9,9
TRPVAD250816e89c2f08,2025-08-16,GJ02,repeated,6,66,6,6
TRPSUR250816aa371781,2025-08-16,GJ01,repeated,17,155,7,5
TRPLUC250816d9676563,2025-08-16,UP01,repeated,16,170,6,6
TRPMYS250816d69e9a4a,2025-08-16,KA01,new,9,125,9,8
TRPKOC25081630deab4c,2025-08-16,KL01,new,21,262,8,8
TRPSUR2508166ddfb54a,2025-08-16,GJ01,new,13,123,8,8
TRPLUC250816bf262b51,2025-08-16,UP01,repeated,20,206,6,7
TRPKOC25081605f37e1e,2025-08-16,KL01,new,11,152,8,8
TRPLUC2508168d742a9c,2025-08-16,UP01,repeated,15,161,5,6
TRPSUR2508163358c94f,2025-08-16,GJ01,repeated,14,131,5,6
TRPCHA250816bbd6330d,2025-08-16,CH01,new,21,215,9,8
TRPJAI250816f8956df4,2025-08-16,RJ01,repeated,33,433,9,8
TRPJAI250816d2677f8f,2025-08-16,RJ01,new,24,325,8,8
TRPLUC2508169c480495,2025-08-16,UP01,repeated,13,143,7,7
TRPSUR250816c0dd8cbc,2025-08-16,GJ01,repeated,7,75,7,5
TRPLUC25081677deca31,2025-08-16,UP01,repeated,12,134,5,8
TRPCOI2508162bbc0688,2025-08-16,TN01,repeated,13,127,7,7
TRPMYS250816742514bc,2025-08-16,KA01,new,14,175,10,10
TRPLUC250816572c24d3,2025-08-16,UP01,repeated,18,188,5,8
TRPIND2508169180f604,2025-08-16,MP01,new,17,159,10,8
TRPIND2508160687761c,2025-08-16,MP01,repeated,23,207,8,9
TRPLUC250816bffee01c,2025-08-16,UP01,repeated,13,143,6,5
TRPIND250816e30f6e5d,2025-08-16,MP01,new,13,127,7,7
TRPSUR2508167091c4b8,2025-08-16,GJ01,repeated,15,139,6,5
TRPSUR2508160c926dd2,2025-08-16,GJ01,repeated,9,91,5,7
TRPSUR250816b4e312cb,2025-08-16,GJ01,repeated,6,67,6,6
TRPLUC250816dafbd21c,2025-08-16,UP01,new,10,116,8,6
TRPVIS2508161a09fb0d,2025-08-16,AP01,repeated,20,207,7,9
TRPLUC250816e12535a3,2025-08-16,UP01,new,7,89,7,7
TRPJAI250816d8e52e0b,2025-08-16,RJ01,new,31,409,8,8
TRPLUC250816d4f50a3a,2025-08-16,UP01,repeated,10,116,5,5
TRPVAD250816f56a8a65,2025-08-16,GJ02,repeated,8,82,7,8
TRPLUC2508164ab68a42,2025-08-16,UP01,repeated,6,80,7,6
TRPVAD250816320af1aa,2025-08-16,GJ02,repeated,14,130,6,8
TRPCOI25081608c33084,2025-08-16,TN01,repeated,11,111,8,8
TRPJAI25081624a0347c,2025-08-16,RJ01,new,45,577,8,10
TRPLUC2508162ad73e98,2025-08-16,UP01,new,5,71,7,8
TRPVAD250816d38fadbd,2025-08-16,GJ02,repeated,13,122,5,8
TRPJAI25081664535cb8,2025-08-16,RJ01,repeated,22,301,9,8
TRPLUC250816767f1742,2025-08-16,UP01,new,16,170,7,7
TRPLUC250816eaf6ebdf,2025-08-16,UP01,repeated,9,107,7,5
TRPCHA2508169ed1a598,2025-08-16,CH01,repeated,19,197,9,8
TRPSUR250816a281aae6,2025-08-16,GJ01,new,14,131,8,6
TRPKOC250816390de896,2025-08-16,KL01,new,33,394,9,9
TRPVAD2508164e912683,2025-08-16,GJ02,repeated,8,82,7,5
TRPCOI250816f8bf9b72,2025-08-16,TN01,repeated,18,167,9,6
TRPCOI250816b953cca4,2025-08-16,TN01,repeated,9,95,7,6
TRPJAI250816b0d7c284,2025-08-16,RJ01,repeated,44,565,7,10
TRPLUC250816e025e83f,2025-08-16,UP01,repeated,16,170,6,5
TRPVAD250816b1554f27,2025-08-16,GJ02,new,11,106,9,7
TRPIND2508165d79b401,2025-08-16,MP01,new,13,127,10,9
TRPVIS25081676ad0203,2025-08-16,AP01,new,16,171,9,9
TRPSUR250816a89f7c2e,2025-08-16,GJ01,repeated,10,99,6,7
TRPCOI250816d5b8cbe2,2025-08-16,TN01,repeated,13,127,9,6
TRPSUR25081698a2374c,2025-08-16,GJ01,repeated,12,115,7,7
TRPJAI250816895cb52b,2025-08-16,RJ01,new,44,565,9,8
TRPCHA25081645d3e894,2025-08-16,CH01,repeated,22,224,8,8
TRPLUC250816235eb303,2025-08-16,UP01,repeated,16,170,5,5
TRPLUC250816035fd311,2025-08-16,UP01,repeated,14,152,7,6
TRPCHA250816cbeb4fd5,2025-08-16,CH01,repeated,19,197,7,9
TRPSUR250816359b51e6,2025-08-16,GJ01,repeated,15,139,7,6
TRPCHA2508161b9a64f5,2025-08-16,CH01,new,35,341,10,7
TRPCHA250816c23b9067,2025-08-16,CH01,new,34,332,9,9
TRPJAI250816aa6fa244,2025-08-16,RJ01,new,36,469,8,8
TRPIND25081648833427,2025-08-16,MP01,new,19,175,10,8
TRPJAI250816dfb7f551,2025-08-16,RJ01,new,44,565,9,9
TRPKOC250816c21088cd,2025-08-16,KL01,new,33,394,9,8
TRPVAD2508167031b7ac,2025-08-16,GJ02,new,8,82,8,6
TRPSUR2508163cb52cab,2025-08-16,GJ01,repeated,16,147,7,6
TRPIND250816edbbc084,2025-08-16,MP01,new,13,127,8,9
TRPJAI250816c62fe6f8,2025-08-16,RJ01,new,26,349,9,8
TRPJAI2508164c5feb85,2025-08-16,RJ01,new,26,349,8,8
TRPCHA2508168f8a2b12,2025-08-16,CH01,repeated,15,161,6,7
TRPCHA250816e17fc8b3,2025-08-16,CH01,new,28,278,10,7
TRPKOC250816104d7859,2025-08-16,KL01,repeated,20,251,7,9
TRPIND25081668863413,2025-08-16,MP01,new,16,151,8,8
TRPLUC250816b87ac3c9,2025-08-16,UP01,repeated,8,98,5,8
TRPSUR250816e3df1653,2025-08-16,GJ01,repeated,11,107,7,6
TRPKOC250816ed2d3f9e,2025-08-16,KL01,new,18,229,10,10
TRPLUC250816b92277fd,2025-08-16,UP01,repeated,7,89,6,5
TRPLUC250816395e8f6b,2025-08-16,UP01,repeated,14,152,6,8
TRPLUC2508160fdd1946,2025-08-16,UP01,repeated,20,206,6,5
TRPSUR2508165f863523,2025-08-16,GJ01,repeated,17,155,6,5
TRPLUC25081640b5b671,2025-08-16,UP01,repeated,9,107,7,8
TRPLUC25081602a887fc,2025-08-16,UP01,new,11,125,8,6
TRPLUC25081675c9a07c,2025-08-16,UP01,repeated,13,143,7,6
TRPLUC25081670d6844c,2025-08-16,UP01,repeated,14,152,5,7
TRPKOC2508167cb2eed3,2025-08-16,KL01,repeated,31,372,8,8
TRPJAI250816adcd797b,2025-08-16,RJ01,repeated,28,373,8,10
TRPJAI25081693b60323,2025-08-16,RJ01,new,39,505,9,10
TRPIND2508164045c8b8,2025-08-16,MP01,repeated,25,223,8,7
TRPIND2508161a153e4b,2025-08-16,MP01,repeated,8,87,8,8
TRPJAI2508161d64cf9d,2025-08-16,RJ01,repeated,32,421,8,9
TRPSUR2508169e1a97d4,2025-08-16,GJ01,repeated,7,75,6,8
TRPLUC2508165acc74aa,2025-08-16,UP01,repeated,17,179,7,6
TRPLUC2508161e358dd8,2025-08-16,UP01,new,17,179,9,8
TRPSUR2508167d6b51f0,2025-08-16,GJ01,new,8,83,7,6
TRPLUC250816e838e3d6,2025-08-16,UP01,new,7,89,3,2
TRPJAI2508160e252d1c,2025-08-16,RJ01,new,25,337,10,10
TRPJAI250816c492b8b1,2025-08-16,RJ01,new,25,337,9,8
TRPSUR2508168fbc124b,2025-08-16,GJ01,new,12,115,8,7
TRPSUR25081682141b73,2025-08-16,GJ01,repeated,8,83,7,6
TRPVAD250816e0b6cacf,2025-08-16,GJ02,new,17,154,7,7
TRPJAI25081683e4c4b5,2025-08-16,RJ01,repeated,15,217,9,9
TRPVAD250816b3890c9c,2025-08-16,GJ02,new,6,66,8,8
TRPLUC250816a42ecf92,2025-08-16,UP01,new,5,71,7,8
TRPCHA250816f81ca2e5,2025-08-16,CH01,repeated,20,206,9,9
TRPCHA250816b1516fe6,2025-08-16,CH01,repeated,13,143,6,6
TRPVIS2508168abd99dc,2025-08-16,AP01,repeated,20,207,7,10
TRPKOC250816402cec86,2025-08-16,KL01,new,20,251,8,10
TRPVAD2508161b685a14,2025-08-16,GJ02,new,6,66,8,7
TRPVIS2508162c621e2f,2025-08-16,AP01,new,10,117,10,9
TRPCHA2508168d95a9af,2025-08-16,CH01,repeated,23,233,6,8
TRPKOC25081613546459,2025-08-16,KL01,repeated,31,372,9,8
TRPSUR2508168d517d9e,2025-08-16,GJ01,new,6,67,7,8
TRPLUC250816f5843682,2025-08-16,UP01,new,12,134,8,8
TRPCOI250816659dd520,2025-08-16,TN01,repeated,15,143,8,7
TRPJAI2508168cd89e96,2025-08-16,RJ01,repeated,27,361,8,8
TRPIND250816dd915930,2025-08-16,MP01,repeated,19,175,6,9
TRPJAI2508169f1c14a0,2025-08-16,RJ01,repeated,22,301,9,9
TRPVIS250816c3ef0dce,2025-08-16,AP01,repeated,16,171,8,9
TRPCOI250816a32f5488,2025-08-16,TN01,repeated,19,175,6,9
TRPCOI250816e8ae37ab,2025-08-16,TN01,new,19,175,10,9
TRPCOI250816e339c121,2025-08-16,TN01,repeated,16,151,8,9
TRPKOC250816e7dad6ea,2025-08-16,KL01,repeated,15,196,8,10
TRPSUR25081656b30eb7,2025-08-16,GJ01,new,17,155,8,7
TRPLUC2508160fa81325,2025-08-16,UP01,repeated,7,89,6,5
TRPLUC25081693254493,2025-08-16,UP01,repeated,14,152,6,8
TRPVAD250816e7065723,2025-08-16,GJ02,repeated,5,58,5,6
TRPVAD25081646f99abf,2025-08-16,GJ02,new,8,82,9,7
TRPJAI250816d8564e87,2025-08-16,RJ01,new,39,505,8,8
TRPVAD2508164da50c48,2025-08-16,GJ02,repeated,15,138,5,5
TRPLUC250816c8306165,2025-08-16,UP01,new,19,197,9,6
TRPCOI250816760e4ac1,2025-08-16,TN01,repeated,12,119,7,6
TRPJAI25081654eaa95d,2025-08-16,RJ01,repeated,29,385,8,10
TRPLUC25081696c3015f,2025-08-16,UP01,new,17,179,7,6
TRPSUR25081665c5f18c,2025-08-16,GJ01,repeated,14,131,6,6
TRPMYS25081686384acf,2025-08-16,KA01,new,16,195,8,10
TRPCOI250816b9cfb31a,2025-08-16,TN01,new,11,111,8,7
TRPLUC250816ede0f15b,2025-08-16,UP01,repeated,16,170,5,5
TRPLUC2508166e20e19c,2025-08-16,UP01,repeated,5,71,6,5
TRPJAI250816fa40d822,2025-08-16,RJ01,new,30,397,10,8
TRPVAD250816c69ef936,2025-08-16,GJ02,repeated,13,122,5,6
TRPVAD25081641708a11,2025-08-16,GJ02,repeated,7,74,5,8
TRPKOC2508165edfc6d1,2025-08-16,KL01,new,22,273,8,8
TRPCOI250816fb3a1bd5,2025-08-16,TN01,repeated,21,191,9,7
TRPSUR2508160d82c72e,2025-08-16,GJ01,new,16,147,7,6
TRPVAD25081626c99a48,2025-08-16,GJ02,repeated,14,130,7,6
TRPSUR250816496477a3,2025-08-16,GJ01,repeated,14,131,5,5
TRPVIS2508166d8f44c0,2025-08-16,AP01,new,35,342,9,9
TRPLUC2508160e16b8af,2025-08-16,UP01,new,10,116,8,7
TRPKOC2508167871516b,2025-08-16,KL01,repeated,33,394,7,10
TRPIND250816b06c1b1d,2025-08-16,MP01,new,24,215,10,7
TRPJAI2508167c81816e,2025-08-16,RJ01,repeated,27,361,8,8
TRPJAI250816c57ff4f9,2025-08-16,RJ01,new,44,565,9,9
TRPMYS250816faefdde2,2025-08-16,KA01,repeated,24,275,8,10
TRPJAI250816e77fdac4,2025-08-16,RJ01,repeated,24,325,8,10
TRPCHA2508166e7c9e0c,2025-08-16,CH01,repeated,32,314,6,6
TRPSUR25081637065a96,2025-08-16,GJ01,repeated,11,107,6,7
TRPLUC250816790da6eb,2025-08-16,UP01,repeated,15,161,7,5
