trip_id,date,city_id,passenger_type,distance_travelled(km),fare_amount,passenger_rating,driver_rating
TRPSUR250809d1cc9a6f,2025-08-09,GJ01,new,14,131,8,6
TRPLUC2508096f6ca13b,2025-08-09,UP01,repeated,19,197,6,5
TRPSUR250809e5bc80cb,2025-08-09,GJ01,repeated,17,155,7,8
TRPLUC25080938d9d177,2025-08-09,UP01,new,19,197,8,8
TRPSUR2508095fc33404,2025-08-09,GJ01,repeated,9,91,5,6
TRPSUR250809dc1428d7,2025-08-09,GJ01,repeated,9,91,6,5
TRPCHA250809f351bccd,2025-08-09,CH01,repeated,14,152,9,9
TRPSUR2508099a5c2400,2025-08-09,GJ01,repeated,10,99,6,5
TRPIND250809f8a8acff,2025-08-09,MP01,repeated,24,215,6,6
TRPKOC25080927b1215c,2025-08-09,KL01,repeated,33,394,9,10
TRPLUC250809d3fa6141,2025-08-09,UP01,repeated,7,89,7,7
TRPSUR250809e5d287d1,2025-08-09,GJ01,repeated,16,147,5,5
TRPVAD25080996bd6211,2025-08-09,GJ02,new,8,82,7,6
TRPVAD250809ffd33c48,2025-08-09,GJ02,repeated,11,106,6,6
TRPCOI250809bf191997,2025-08-09,TN01,repeated,15,143,6,9
TRPIND25080973023cd6,2025-08-09,MP01,new,21,191,7,8
TRPVIS25080986037ae4,2025-08-09,AP01,repeated,25,252,8,9
TRPSUR250809bc432b3d,2025-08-09,GJ01,repeated,8,83,7,7
TRPLUC2508092232f70f,2025-08-09,UP01,repeated,14,152,7,7
TRPKOC2508098945a539,2025-08-09,KL01,repeated,31,372,9,8
TRPSUR250809f1a1880e,2025-08-09,GJ01,repeated,9,91,5,7
TRPCHA250809e0e52a51,2025-08-09,CH01,repeated,14,152,6,8
TRPJAI250809e748aa15,2025-08-09,RJ01,repeated,33,433,9,8
TRPLUC250809bbd78aac,2025-08-09,UP01,repeated,19,197,7,5
TRPCOI2508098bf78490,2025-08-09,TN01,new,13,127,7,7
TRPLUC2508092686da4f,2025-08-09,UP01,repeated,12,134,6,6
TRPJAI25080974c77777,2025-08-09,RJ01,repeated,20,277,9,8
TRPCHA250809419624ee,2025-08-09,CH01,new,24,242,9,7
TRPSUR250809bf20a2bb,2025-08-09,GJ01,new,15,139,7,8
TRPVIS250809a8086f24,2025-08-09,AP01,repeated,34,333,9,10
TRPMYS25080936531b47,2025-08-09,KA01,repeated,22,255,8,8
TRPLUC250809c78aa78f,2025-08-09,UP01,repeated,9,107,7,7
TRPJAI250809640111b5,2025-08-09,RJ01,new,45,577,10,8
TRPJAI2508091e8beefb,2025-08-09,RJ01,repeated,35,457,7,9
TRPJAI250809025aea31,2025-08-09,RJ01,new,24,325,9,10
TRPKOC2508095c32bccb,2025-08-09,KL01,new,31,372,9,8
TRPCOI25080996fad462,2025-08-09,TN01,new,22,199,10,7
TRPIND250809d040ba5c,2025-08-09,MP01,repeated,16,151,9,6
TRPJAI250809cd6ad82d,2025-08-09,RJ01,new,22,301,10,10
TRPMYS2508095a3aed40,2025-08-09,KA01,new,14,175,9,9
TRPKOC2508094ffc9681,2025-08-09,KL01,new,17,218,8,9
TRPJAI250809b6c1d8b3,2025-08-09,RJ01,repeated,36,469,9,10
TRPIND2508093c65e487,2025-08-09,MP01,repeated,20,183,8,8
TRPSUR250809f78324c5,2025-08-09,GJ01,repeated,13,123,6,6
TRPIND250809a828f24a,2025-08-09,MP01,repeated,23,207,7,8
TRPJAI2508098c4a1b79,2025-08-09,RJ01,repeated,15,217,7,9
TRPSUR250809acda7b88,2025-08-09,GJ01,repeated,16,147,6,8
TRPLUC250809bea7fa37,2025-08-09,UP01,repeated,5,71,6,8
TRPVAD25080912ade81a,2025-08-09,GJ02,repeated,8,82,6,8
TRPVAD25080949b0cd2d,2025-08-09,GJ02,repeated,14,130,6,5
TRPSUR2508097b1b8e1b,2025-08-09,GJ01,repeated,10,99,5,8
TRPLUC250809b5543337,2025-08-09,UP01,repeated,16,170,6,8
TRPCOI2508098043fe78,2025-08-09,TN01,repeated,13,127,7,7
TRPLUC2508094d9ffea9,2025-08-09,UP01,repeated,11,125,5,8
TRPVAD250809c1d158d2,2025-08-09,GJ02,new,7,74,9,7
TRPKOC250809d4beead2,2025-08-09,KL01,repeated,22,273,8,8
TRPJAI250809c8f5f777,2025-08-09,RJ01,new,36,469,10,8
TRPVIS250809c7367343,2025-08-09,AP01,new,32,315,10,10
TRPLUC250809c06317a5,2025-08-09,UP01,repeated,8,98,5,8
TRPSUR25080905ad95bd,2025-08-09,GJ01,repeated,16,147,7,6
TRPJAI25080991403430,2025-08-09,RJ01,new,22,301,8,9
TRPJAI250809fa7a6bc5,2025-08-09,RJ01,new,38,493,8,8
TRPKOC2508091c58492a,2025-08-09,KL01,new,30,361,8,9
TRPVIS250809c84e6462,2025-08-09,AP01,repeated,13,144,8,10
TRPLUC25080984d17c0d,2025-08-09,UP01,repeated,10,116,7,7
TRPSUR25080941762697,2025-08-09,GJ01,new,13,123,7,6
TRPVAD25080942ef1732,2025-08-09,GJ02,repeated,14,130,7,8
TRPIND250809c6bf5ea8,2025-08-09,MP01,repeated,25,223,9,9
TRPSUR250809d60c0fcc,2025-08-09,GJ01,repeated,11,107,7,8
TRPJAI250809fce0c253,2025-08-09,RJ01,repeated,26,349,9,8
TRPLUC250809822828f4,2025-08-09,UP01,new,12,134,9,7
TRPCOI2508094121e44f,2025-08-09,TN01,new,15,143,8,9
TRPVIS250809cec127f0,2025-08-09,AP01,new,31,306,8,9
TRPKOC250809555758b6,2025-08-09,KL01,new,17,218,10,8
TRPCHA250809e72ac5ac,2025-08-09,CH01,repeated,24,242,8,9
TRPJAI2508091fb6e201,2025-08-09,RJ01,new,38,493,9,8
TRPLUC250809f39de0e3,2025-08-09,UP01,repeated,19,197,5,5
TRPVAD2508096cc23f33,2025-08-09,GJ02,repeated,12,114,5,5
TRPSUR250809f8d830c3,2025-08-09,GJ01,repeated,14,131,6,5
TRPJAI250809687c5c89,2025-08-09,RJ01,new,17,241,9,9
TRPCOI250809fdbb579b,2025-08-09,TN01,repeated,16,151,8,8
TRPSUR25080936c51898,2025-08-09,GJ01,repeated,13,123,5,6
TRPIND25080969ca1a15,2025-08-09,MP01,repeated,21,191,7,8
TRPSUR2508090a9e53f2,2025-08-09,GJ01,new,14,131,7,8
TRPCOI25080902f46e90,2025-08-09,TN01,new,14,135,8,7
TRPCHA2508095673d4b7,2025-08-09,CH01,new,17,179,8,8
TRPKOC25080976996a04,2025-08-09,KL01,new,31,372,8,10
TRPSUR25080971bfb120,2025-08-09,GJ01,repeated,6,67,5,8
TRPVAD2508093086dfc0,2025-08-09,GJ02,repeated,18,162,5,6
TRPJAI2508094e32ace8,2025-08-09,RJ01,repeated,23,313,7,9
TRPSUR2508095442ec69,2025-08-09,GJ01,new,11,107,9,8
TRPVAD250809890e41c2,2025-08-09,GJ02,new,6,66,9,7
TRPLUC250809eb843b61,2025-08-09,UP01,repeated,6,80,7,5
TRPLUC250809d52b0bae,2025-08-09,UP01,repeated,11,125,5,8
TRPCHA250809cce0afc1,2025-08-09,CH01,repeated,22,224,8,9
TRPCHA2508091afaa006,2025-08-09,CH01,repeated,34,332,8,7
TRPLUC2508090fe66e5e,2025-08-09,UP01,repeated,10,116,6,7
TRPSUR250809526d0b2e,2025-08-09,GJ01,repeated,6,67,5,6
TRPLUC250809ab75554e,2025-08-09,UP01,repeated,12,134,7,6
TRPJAI25080920bc3bae,2025-08-09,RJ01,repeated,23,313,7,8
TRPJAI250809502df2d9,2025-08-09,RJ01,new,43,553,8,10
TRPJAI2508097d9a27d8,2025-08-09,RJ01,repeated,35,457,9,10
TRPSUR25080993a50872,2025-08-09,GJ01,new,10,99,8,6
TRPLUC25080900b18230,2025-08-09,UP01,repeated,11,125,7,7
TRPKOC2508090eb8d884,2025-08-09,KL01,repeated,16,207,8,8
TRPLUC250809b1b9e448,2025-08-09,UP01,repeated,16,170,7,6
TRPJAI250809457bcbfe,2025-08-09,RJ01,repeated,31,409,9,10
TRPJAI25080917641f19,2025-08-09,RJ01,new,22,301,9,10
TRPKOC250809b6c1bedc,2025-08-09,KL01,new,34,405,10,8
TRPJAI25080923f84957,2025-08-09,RJ01,repeated,21,289,9,10
TRPLUC250809728367c9,2025-08-09,UP01,new,16,170,8,8
TRPCHA2508099437ca34,2025-08-09,CH01,new,12,134,8,7
TRPLUC2508093c62217c,2025-08-09,UP01,new,18,188,8,8
TRPCHA25080975dff792,2025-08-09,CH01,new,22,224,10,9
TRPVAD250809978b1326,2025-08-09,GJ02,repeated,16,146,5,7
TRPVAD25080965d7425c,2025-08-09,GJ02,repeated,5,58,6,5
TRPSUR2508092cb00b3c,2025-08-09,GJ01,repeated,14,131,7,7
TRPVAD250809b213b241,2025-08-09,GJ02,new,13,122,7,8
TRPLUC2508094c9102e8,2025-08-09,UP01,repeated,7,89,5,5
TRPKOC25080907ca0eaa,2025-08-09,KL01,new,33,394,9,8
TRPLUC250809533364dc,2025-08-09,UP01,repeated,10,116,5,7
TRPCHA25080986e675ff,2025-08-09,CH01,new,12,134,8,9
TRPKOC2508098329fa3d,2025-08-09,KL01,new,35,416,9,8
TRPKOC2508098bd470ac,2025-08-09,KL01,repeated,10,141,9,9
TRPCOI25080950bba9e9,2025-08-09,TN01,repeated,19,175,6,8
TRPSUR250809ac97d146,2025-08-09,GJ01,repeated,14,131,6,5
TRPSUR25080925ab1ba7,2025-08-09,GJ01,repeated,11,107,7,5
TRPKOC250809bf0cee3f,2025-08-09,KL01,repeated,23,284,8,8
TRPKOC250809d9b07b70,2025-08-09,KL01,repeated,10,141,9,9
TRPCHA250809fe56254e,2025-08-09,CH01,new,26,260,10,7
TRPCOI250809397e30ed,2025-08-09,TN01,repeated,17,159,9,9
TRPSUR250809334ae490,2025-08-09,GJ01,new,8,83,9,8
TRPVIS250809a88ca1c4,2025-08-09,AP01,repeated,28,279,9,10
TRPLUC2508093f26cd9e,2025-08-09,UP01,new,5,71,8,7
TRPKOC2508098d2e7143,2025-08-09,KL01,new,13,174,8,9
TRPSUR2508096ce6db9d,2025-08-09,GJ01,new,5,59,7,6
TRPCOI25080962b5b47e,2025-08-09,TN01,repeated,16,151,9,8
TRPJAI2508099e0ba2f3,2025-08-09,RJ01,repeated,30,397,7,9
TRPJAI25080988fea9ad,2025-08-09,RJ01,repeated,18,253,8,8
TRPIND2508093bbc50bc,2025-08-09,MP01,new,16,151,8,9
TRPSUR250809ad756059,2025-08-09,GJ01,new,12,115,9,6
TRPCHA250809f0097fe6,2025-08-09,CH01,repeated,31,305,9,6
TRPIND25080997712c21,2025-08-09,MP01,repeated,9,95,6,7
TRPLUC250809524b6237,2025-08-09,UP01,repeated,16,170,6,5
TRPIND250809211ffb5f,2025-08-09,MP01,repeated,8,87,8,8
TRPCHA25080906de8719,2025-08-09,CH01,new,22,224,7,8
TRPLUC250809dfe97b5a,2025-08-09,UP01,repeated,6,80,6,7
TRPSUR2508098aa223c7,2025-08-09,GJ01,repeated,9,91,6,5
TRPSUR25080938b063bd,2025-08-09,GJ01,repeated,7,75,7,8
TRPIND2508098548d32e,2025-08-09,MP01,new,23,207,9,9
TRPLUC250809c2a78df8,2025-08-09,UP01,repeated,12,134,5,6
TRPLUC2508095e35e9a8,2025-08-09,UP01,new,20,206,8,6
TRPLUC250809ad8e11ab,2025-08-09,UP01,repeated,13,143,7,5
TRPLUC250809afd3ce29,2025-08-09,UP01,repeated,15,161,5,5
TRPCHA2508096747c2f7,2025-08-09,CH01,repeated,14,152,7,7
TRPVIS250809145154f6,2025-08-09,AP01,repeated,21,216,7,9
TRPLUC250809fb280bb7,2025-08-09,UP01,repeated,17,179,6,5
TRPLUC250809ef18b758,2025-08-09,UP01,repeated,19,197,5,8
TRPVIS25080936c345b8,2025-08-09,AP01,new,24,243,10,9
TRPIND2508091daf6ee7,2025-08-09,MP01,repeated,11,111,9,9
TRPIND250809b12dae3b,2025-08-09,MP01,new,11,111,8,7
TRPSUR25080974ef0748,2025-08-09,GJ01,repeated,16,147,7,8
TRPVAD2508096353df4a,2025-08-09,GJ02,repeated,5,58,5,7
TRPLUC250809cb887d32,2025-08-09,UP01,repeated,8,98,5,8
TRPJAI250809680d9e21,2025-08-09,RJ01,new,37,481,10,8
TRPJAI2508090a83afcc,2025-08-09,RJ01,repeated,19,265,9,9
TRPLUC2508091f241f04,2025-08-09,UP01,repeated,8,98,7,8
TRPVAD25080939f5ab83,2025-08-09,GJ02,repeated,7,74,6,8
TRPLUC2508090b1c96aa,2025-08-09,UP01,repeated,7,89,6,5
TRPKOC2508098b669912,2025-08-09,KL01,new,15,196,10,8
TRPIND2508098e88c361,2025-08-09,MP01,new,19,175,7,9
TRPLUC250809fa69139e,2025-08-09,UP01,repeated,15,161,7,8
TRPJAI25080958fdc7dd,2025-08-09,RJ01,repeated,17,241,7,10
TRPKOC2508097ce44d61,2025-08-09,KL01,repeated,34,405,9,10
TRPSUR250809ae8472a3,2025-08-09,GJ01,repeated,5,59,6,6
TRPLUC250809f3a02f60,2025-08-09,UP01,new,10,116,8,7
TRPJAI2508099c9c5c0e,2025-08-09,RJ01,repeated,36,469,8,8
TRPVAD25080919204e98,2025-08-09,GJ02,repeated,9,90,5,5
TRPVAD2508090aa7b384,2025-08-09,GJ02,repeated,17,154,5,7
TRPSUR2508095aa05e4e,2025-08-09,GJ01,repeated,8,83,6,5
TRPVIS2508092532a583,2025-08-09,AP01,repeated,18,189,9,9
TRPLUC250809862cfdcc,2025-08-09,UP01,repeated,15,161,6,6
TRPSUR25080919bf951d,2025-08-09,GJ01,repeated,8,83,6,7
TRPSUR25080919d36822,2025-08-09,GJ01,repeated,8,83,6,8
TRPCOI250809bebc92c4,2025-08-09,TN01,repeated,12,119,8,6
TRPJAI250809eef96fd2,2025-08-09,RJ01,new,20,277,10,9
TRPCOI25080977a86aed,2025-08-09,TN01,new,13,127,8,7
TRPCOI2508092e6a02d3,2025-08-09,TN01,new,13,127,8,7
TRPJAI25080959e67d70,2025-08-09,RJ01,new,16,229,10,9
TRPVAD2508095ed97dd3,2025-08-09,GJ02,new,14,130,9,6
TRPSUR2508090f5bedc0,2025-08-09,GJ01,repeated,12,115,7,8
TRPCHA2508093ef84643,2025-08-09,CH01,new,21,215,10,8
TRPVIS2508090111c08d,2025-08-09,AP01,repeated,30,297,9,8
TRPJAI25080953afd887,2025-08-09,RJ01,repeated,40,517,9,9
TRPLUC250809b1fe7e6f,2025-08-09,UP01,new,8,98,7,6
TRPJAI250809cd692ed9,2025-08-09,RJ01,new,32,421,9,10
TRPSUR25080918341db3,2025-08-09,GJ01,repeated,9,91,7,7
TRPSUR250809a636d9fa,2025-08-09,GJ01,new,17,155,9,6
TRPVIS25080937d29380,2025-08-09,AP01,repeated,24,243,8,9
TRPLUC250809a43ab432,2025-08-09,UP01,new,11,125,9,8
TRPCHA250809819ba8ce,2025-08-09,CH01,repeated,22,224,6,9
TRPMYS250809422135e3,2025-08-09,KA01,new,8,115,8,10
TRPLUC25080965639168,2025-08-09,UP01,repeated,17,179,6,8
TRPSUR2508090f99a8ec,2025-08-09,GJ01,repeated,7,75,6,7
TRPSUR250809521113a7,2025-08-09,GJ01,repeated,15,139,7,6
TRPLUC2508094119c8e4,2025-08-09,UP01,repeated,13,143,6,8
TRPLUC25080935cac8d5,2025-08-09,UP01,repeated,10,116,6,6
TRPIND2508094822fd09,2025-08-09,MP01,repeated,25,223,6,6
TRPIND25080988d5f49e,2025-08-09,MP01,repeated,12,119,7,9
TRPCHA250809e0099074,2025-08-09,CH01,repeated,22,224,7,7
TRPIND25080962448e52,2025-08-09,MP01,repeated,16,151,6,7
TRPCOI2508092e4e58a4,2025-08-09,TN01,new,14,135,10,9
TRPCHA250809078d192b,2025-08-09,CH01,repeated,26,260,8,9
TRPCHA250809f3523f45,2025-08-09,CH01,repeated,18,188,7,8
TRPJAI25080971e11895,2025-08-09,RJ01,new,20,277,10,10
TRPVAD250809475643f1,2025-08-09,GJ02,repeated,15,138,7,6
TRPJAI25080940c69467,2025-08-09,RJ01,new,36,469,9,8
TRPLUC250809ca380b15,2025-08-09,UP01,repeated,6,80,5,8
TRPCOI2508096c38bcc3,2025-08-09,TN01,new,15,143,7,9
TRPKOC25080955ef2017,2025-08-09,KL01,repeated,23,284,8,9
TRPVAD25080962f69034,2025-08-09,GJ02,repeated,15,138,7,8
TRPSUR2508097661828a,2025-08-09,GJ01,repeated,13,123,7,6
TRPLUC250809e2f6d8a8,2025-08-09,UP01,repeated,8,98,5,7
TRPVIS250809e7288eae,2025-08-09,AP01,new,10,117,10,10
TRPSUR250809ab27148e,2025-08-09,GJ01,repeated,12,115,5,8
TRPCOI250809ba483c23,2025-08-09,TN01,new,17,159,10,7
TRPCHA2508090fdf7edb,2025-08-09,CH01,new,33,323,9,9
TRPKOC250809c3d8102e,2025-08-09,KL01,new,24,295,9,9
TRPJAI250809873cb915,2025-08-09,RJ01,new,18,253,9,8
TRPSUR25080959e0bb24,2025-08-09,GJ01,repeated,6,67,7,5
TRPCHA250809b05f6427,2025-08-09,CH01,new,32,314,7,7
TRPVIS250809844a5841,2025-08-09,AP01,repeated,14,153,7,8
TRPVIS25080942a08d90,2025-08-09,AP01,new,14,153,10,10
TRPLUC250809b052334c,2025-08-09,UP01,repeated,16,170,6,6
TRPJAI25080975873d96,2025-08-09,RJ01,new,24,325,10,8
TRPJAI2508094d2b8175,2025-08-09,RJ01,new,30,397,10,8
TRPLUC25080925fce105,2025-08-09,UP01,repeated,17,179,7,5
TRPSUR2508093041dd8d,2025-08-09,GJ01,new,10,99,9,8
TRPVAD25080902232dea,2025-08-09,GJ02,repeated,13,122,5,6
TRPLUC2508090c4c71e6,2025-08-09,UP01,repeated,8,98,5,7
TRPKOC250809174b1086,2025-08-09,KL01,new,21,262,8,10
TRPJAI2508093961051d,2025-08-09,RJ01,repeated,44,565,7,8
TRPLUC250809c6c84eb9,2025-08-09,UP01,repeated,7,89,5,5
TRPIND250809d4cc984f,2025-08-09,MP01,repeated,18,167,8,9
TRPJAI25080907e088c1,2025-08-09,RJ01,repeated,24,325,7,9
TRPVIS250809cff23b2c,2025-08-09,AP01,repeated,19,198,9,8
TRPLUC25080912084c8e,2025-08-09,UP01,repeated,14,152,5,8
TRPKOC25080982d33339,2025-08-09,KL01,repeated,30,361,9,10
TRPSUR2508092c89834e,2025-08-09,GJ01,repeated,7,75,5,6
TRPLUC250809028b89b2,2025-08-09,UP01,repeated,9,107,6,5
TRPJAI2508090205443b,2025-08-09,RJ01,new,40,517,8,9
TRPLUC250809d7c22264,2025-08-09,UP01,repeated,8,98,7,7
TRPCHA250809edb60e43,2025-08-09,CH01,new,28,278,9,9
TRPCOI250809c1c0876d,2025-08-09,TN01,new,22,199,10,9
TRPCOI25080955e3befe,2025-08-09,TN01,repeated,14,135,8,9
TRPCHA250809727a57d1,2025-08-09,CH01,new,31,305,8,7
TRPSUR250809ee0eb157,2025-08-09,GJ01,new,16,147,8,7
TRPMYS2508099ae7fd9e,2025-08-09,KA01,new,11,145,8,10
TRPSUR25080949d5e671,2025-08-09,GJ01,repeated,14,131,7,7
TRPLUC25080976673a25,2025-08-09,UP01,new,15,161,7,6
TRPJAI250809ca996d1f,2025-08-09,RJ01,repeated,27,361,8,9
TRPJAI2508095feeb6a3,2025-08-09,RJ01,repeated,42,541,7,10
TRPIND250809c79aa3f5,2025-08-09,MP01,repeated,25,223,9,7
TRPLUC2508091a4776d4,2025-08-09,UP01,repeated,20,206,5,5
TRPSUR2508093083f28e,2025-08-09,GJ01,repeated,14,131,7,6
TRPLUC250809838372f6,2025-08-09,UP01,repeated,12,134,5,5
TRPKOC2508093c4759be,2025-08-09,KL01,repeated,32,383,7,9
TRPIND250809b7898b66,2025-08-09,MP01,repeated,13,127,6,9
TRPKOC250809d2a26095,2025-08-09,KL01,repeated,22,273,8,8
TRPJAI2508098c10492f,2025-08-09,RJ01,new,18,253,10,8
TRPLUC250809f75b263a,2025-08-09,UP01,new,11,125,8,8
TRPJAI2508092704bd33,2025-08-09,RJ01,new,15,217,9,10
TRPSUR250809d654fccb,2025-08-09,GJ01,repeated,17,155,5,7
TRPVIS2508099e560a39,2025-08-09,AP01,new,28,279,10,8
TRPIND250809814d7336,2025-08-09,MP01,repeated,15,143,6,6
TRPVIS25080953b88bb9,2025-08-09,AP01,new,33,324,8,10
TRPJAI250809d7619c8b,2025-08-09,RJ01,new,21,289,10,9
TRPCHA25080904f35297,2025-08-09,CH01,new,13,143,7,7
TRPMYS250809113ba949,2025-08-09,KA01,new,17,205,8,8
TRPJAI2508091f42db87,2025-08-09,RJ01,new,28,373,9,9
TRPCHA25080990bcce34,2025-08-09,CH01,new,21,215,9,8
TRPKOC250809839a9bae,2025-08-09,KL01,repeated,38,449,9,10
TRPLUC250809f877a2f3,2025-08-09,UP01,new,8,98,8,7
TRPLUC25080986cf6911,2025-08-09,UP01,repeated,13,143,5,8
TRPKOC250809b9da3c20,2025-08-09,KL01,new,13,174,8,8
TRPVIS250809729686da,2025-08-09,AP01,repeated,34,333,8,8
TRPJAI2508099a026b49,2025-08-09,RJ01,repeated,20,277,8,10
TRPIND25080905a2885f,2025-08-09,MP01,repeated,19,175,9,7
TRPKOC2508092b10b2fd,2025-08-09,KL01,new,10,141,9,10
TRPLUC25080954e6aea7,2025-08-09,UP01,new,12,134,7,8
TRPSUR25080955abc9e4,2025-08-09,GJ01,new,16,147,7,7
TRPJAI25080904d74875,2025-08-09,RJ01,new,44,565,10,9
TRPIND2508092bbde004,2025-08-09,MP01,new,13,127,7,9
TRPSUR250809f8447cb0,2025-08-09,GJ01,new,16,147,7,8
TRPLUC25080951d6f3d6,2025-08-09,UP01,repeated,8,98,6,8
TRPJAI250809b839ecc3,2025-08-09,RJ01,repeated,45,577,7,10
TRPMYS250809cd741b6e,2025-08-09,KA01,new,11,145,9,8
TRPJAI250809851abbe8,2025-08-09,RJ01,repeated,33,433,8,9
TRPJAI250809da3cceca,2025-08-09,RJ01,repeated,38,493,8,10
TRPSUR250809815cb2f4,2025-08-09,GJ01,new,7,75,7,8
TRPCHA25080941a1f486,2025-08-09,CH01,repeated,28,278,8,9
TRPVIS25080929941109,2025-08-09,AP01,new,11,126,8,10
TRPMYS250809cad13be2,2025-08-09,KA01,repeated,25,285,8,8
TRPLUC250809b9d5cff0,2025-08-09,UP01,new,14,152,7,8
TRPJAI250809d023c678,2025-08-09,RJ01,repeated,34,445,7,10
TRPSUR25080990a2ea5b,2025-08-09,GJ01,repeated,6,67,6,6
TRPCHA250809bc067aff,2025-08-09,CH01,repeated,27,269,8,9
TRPIND2508098bc519f3,2025-08-09,MP01,repeated,22,199,7,9
TRPSUR250809625d0411,2025-08-09,GJ01,repeated,16,147,7,5
TRPJAI250809aaae7f5b,2025-08-09,RJ01,repeated,19,265,9,9
TRPCOI2508093fd8b0eb,2025-08-09,TN01,repeated,18,167,8,9
TRPIND250809cc259694,2025-08-09,MP01,new,15,143,10,8
TRPLUC250809ad839d73,2025-08-09,UP01,new,15,161,8,8
TRPIND250809998bb148,2025-08-09,MP01,repeated,22,199,6,8
TRPCHA25080912362e69,2025-08-09,CH01,new,34,332,7,9
TRPSUR2508097788736e,2025-08-09,GJ01,repeated,11,107,6,5
TRPSUR250809179057f9,2025-08-09,GJ01,repeated,10,99,7,5
TRPLUC2508098e1d4f65,2025-08-09,UP01,repeated,14,152,6,7
TRPCHA250809a1a356c2,2025-08-09,CH01,new,23,233,9,7
TRPJAI250809c5de3de0,2025-08-09,RJ01,repeated,30,397,8,9
TRPJAI250809705aa867,2025-08-09,RJ01,new,45,577,8,8
TRPJAI25080952f95a42,2025-08-09,RJ01,new,33,433,10,10
TRPSUR250809aa4d8a7e,2025-08-09,GJ01,new,16,147,9,8
TRPIND250809fa4a6e9d,2025-08-09,MP01,repeated,15,143,9,7
TRPVIS2508098b346c05,2025-08-09,AP01,new,17,180,9,9
TRPJAI250809515d58ed,2025-08-09,RJ01,repeated,43,553,8,9
TRPVIS250809d9ef29bb,2025-08-09,AP01,new,29,288,10,8
TRPJAI2508091d111b36,2025-08-09,RJ01,new,25,337,9,9
TRPLUC250809d9a1871c,2025-08-09,UP01,repeated,7,89,7,8
TRPLUC250809a7a3102d,2025-08-09,UP01,repeated,19,197,5,8
TRPVIS25080926d096f0,2025-08-09,AP01,new,22,225,10,10
TRPSUR250809a45657ab,2025-08-09,GJ01,repeated,17,155,7,6
TRPJAI250809c413f185,2025-08-09,RJ01,repeated,42,541,9,10
TRPSUR250809951e9a09,2025-08-09,GJ01,repeated,6,67,6,6
TRPJAI250809742bc1b6,2025-08-09,RJ01,new,25,337,8,10
TRPLUC25080982419125,2025-08-09,UP01,repeated,5,71,7,7
TRPIND25080963b9e230,2025-08-09,MP01,repeated,23,207,9,9
TRPLUC250809db5cafc7,2025-08-09,UP01,repeated,12,134,6,8
TRPSUR250809decb73c6,2025-08-09,GJ01,repeated,16,147,5,5
TRPCOI25080926aa25a5,2025-08-09,TN01,repeated,18,167,6,7
TRPCOI2508093f6b6041,2025-08-09,TN01,repeated,11,111,8,8
TRPSUR2508092c95cf8f,2025-08-09,GJ01,repeated,8,83,5,6
TRPKOC25080933681fe3,2025-08-09,KL01,new,30,361,9,10
TRPIND2508091c82e432,2025-08-09,MP01,new,18,167,8,9
TRPLUC250809086706ea,2025-08-09,UP01,repeated,8,98,7,7
TRPSUR250809449c87e4,2025-08-09,GJ01,new,12,115,7,6
TRPJAI2508094bffee38,2025-08-09,RJ01,repeated,32,421,8,8
TRPCHA250809fd3944e3,2025-08-09,CH01,new,26,260,9,7
TRPLUC250809d4e743c8,2025-08-09,UP01,repeated,9,107,6,7
TRPLUC2508098a9e3f6e,2025-08-09,UP01,new,11,125,7,6
TRPSUR25080914f57fde,2025-08-09,GJ01,repeated,5,59,6,8
TRPLUC25080928404fd8,2025-08-09,UP01,new,16,170,8,7
TRPCOI25080996809d9d,2025-08-09,TN01,new,13,127,7,8
TRPCHA25080989ba7396,2025-08-09,CH01,repeated,27,269,8,7
TRPLUC250809410ad95f,2025-08-09,UP01,repeated,8,98,7,6
TRPJAI2508091e18f6ea,2025-08-09,RJ01,new,32,421,9,8
TRPSUR250809b4d8a472,2025-08-09,GJ01,repeated,7,75,6,7
TRPKOC250809ad6c11c9,2025-08-09,KL01,new,36,427,10,8
TRPJAI250809690a17f6,2025-08-09,RJ01,new,38,493,9,8
TRPLUC250809e5202da2,2025-08-09,UP01,repeated,10,116,7,8
TRPCHA2508099392c941,2025-08-09,CH01,repeated,30,296,9,9
TRPCOI250809a8d6031b,2025-08-09,TN01,new,20,183,8,8
TRPKOC250809b0c7cf93,2025-08-09,KL01,new,23,284,10,10
TRPSUR25080957b7e8c7,2025-08-09,GJ01,new,8,83,9,7
TRPVIS2508090076db23,2025-08-09,AP01,repeated,27,270,8,9
TRPJAI250809765eafdc,2025-08-09,RJ01,new,35,457,9,8
TRPIND250809a0785867,2025-08-09,MP01,repeated,23,207,6,8
TRPSUR25080916398296,2025-08-09,GJ01,new,15,139,9,6
TRPLUC25080966b1112f,2025-08-09,UP01,repeated,11,125,7,6
TRPCHA250809b80c1d79,2025-08-09,CH01,repeated,26,260,9,6
TRPIND25080901c8ec4e,2025-08-09,MP01,repeated,20,183,8,9
TRPLUC2508097c5fe52a,2025-08-09,UP01,repeated,12,134,7,7
TRPLUC250809e8245b21,2025-08-09,UP01,repeated,11,125,5,6
TRPVAD250809b04bcacd,2025-08-09,GJ02,new,15,138,8,7
TRPJAI2508092788aa5c,2025-08-09,RJ01,repeated,35,457,7,10
TRPCHA2508094e4996a2,2025-08-09,CH01,repeated,22,224,7,7
TRPLUC25080905928ca2,2025-08-09,UP01,repeated,14,152,7,5
TRPCHA25080950756a7b,2025-08-09,CH01,repeated,32,314,6,6
TRPLUC2508091b61a8d7,2025-08-09,UP01,new,16,170,9,6
TRPLUC2508092f94d9b6,2025-08-09,UP01,repeated,17,179,5,6
TRPVAD250809b78a408a,2025-08-09,GJ02,repeated,9,90,6,5
TRPKOC25080974854de1,2025-08-09,KL01,new,13,174,8,10
TRPJAI250809eee38390,2025-08-09,RJ01,new,27,361,10,10
TRPSUR2508096b9f01b5,2025-08-09,GJ01,repeated,6,67,7,5
TRPJAI25080949b532aa,2025-08-09,RJ01,new,17,241,8,10
TRPCOI250809340e7f37,2025-08-09,TN01,repeated,11,111,9,7
TRPLUC2508093cc61d92,2025-08-09,UP01,repeated,9,107,5,7
TRPLUC250809d066e695,2025-08-09,UP01,repeated,10,116,6,7
TRPCHA25080985bf5ac1,2025-08-09,CH01,new,25,251,10,9
TRPSUR250809fc11a576,2025-08-09,GJ01,repeated,14,131,5,6
TRPVAD2508098ef478d9,2025-08-09,GJ02,repeated,17,154,7,8
TRPJAI250809388b8959,2025-08-09,RJ01,new,36,469,8,8
TRPCHA2508095346aef3,2025-08-09,CH01,repeated,12,134,7,7
TRPCOI2508092708b009,2025-08-09,TN01,new,21,191,8,8
TRPLUC250809dbb679c6,2025-08-09,UP01,repeated,6,80,5,7
TRPJAI250809f53fa844,2025-08-09,RJ01,new,18,253,8,10
TRPIND2508092d456274,2025-08-09,MP01,repeated,11,111,7,8
TRPLUC25080931b1b9e2,2025-08-09,UP01,repeated,14,152,6,7
TRPCOI25080952f8fd37,2025-08-09,TN01,repeated,15,143,9,8
TRPSUR2508098158d072,2025-08-09,GJ01,repeated,12,115,5,5
TRPJAI250809d60c6a22,2025-08-09,RJ01,repeated,16,229,8,10
TRPJAI25080923e89580,2025-08-09,RJ01,repeated,27,361,9,9
TRPSUR2508098b7b09d9,2025-08-09,GJ01,repeated,12,115,7,8
TRPCHA2508094228457f,2025-08-09,CH01,new,14,152,10,9
TRPLUC250809bb74a728,2025-08-09,UP01,repeated,11,125,6,6
TRPLUC250809ed0863be,2025-08-09,UP01,repeated,14,152,7,7
TRPMYS25080957c9a92c,2025-08-09,KA01,repeated,13,165,8,9
TRPJAI2508091e5724ad,2025-08-09,RJ01,repeated,37,481,7,8
TRPVIS2508091ea8e03c,2025-08-09,AP01,new,35,342,9,8
TRPLUC2508091f5cb22d,2025-08-09,UP01,repeated,18,188,5,5
TRPJAI250809b3e3fe2d,2025-08-09,RJ01,new,33,433,9,8
TRPSUR250809770e5d38,2025-08-09,GJ01,repeated,5,59,5,6
TRPKOC25080964ff994d,2025-08-09,KL01,new,24,295,9,9
TRPIND25080938a8661d,2025-08-09,MP01,repeated,18,167,7,9
TRPVIS250809681b3c4d,2025-08-09,AP01,new,31,306,8,9
TRPVIS250809559931d9,2025-08-09,AP01,repeated,25,252,7,10
TRPSUR25080906bfe786,2025-08-09,GJ01,repeated,13,123,6,5
TRPJAI25080973e1c677,2025-08-09,RJ01,repeated,40,517,9,8
TRPJAI2508093778f351,2025-08-09,RJ01,new,45,577,9,9
TRPLUC2508091158d517,2025-08-09,UP01,repeated,8,98,7,8
TRPJAI250809e44cefcb,2025-08-09,RJ01,repeated,35,457,7,10
TRPSUR250809c250847b,2025-08-09,GJ01,repeated,15,139,5,7
TRPLUC25080944d36838,2025-08-09,UP01,repeated,17,179,6,7
TRPSUR250809ef995fd7,2025-08-09,GJ01,repeated,6,67,7,8
TRPIND25080903ea6dd7,2025-08-09,MP01,new,22,199,7,8
TRPKOC25080919274adf,2025-08-09,KL01,repeated,25,306,9,10
TRPVIS250809e1b1aab2,2025-08-09,AP01,new,29,288,10,8
TRPCHA250809ad2e97ab,2025-08-09,CH01,new,32,314,7,9
TRPSUR25080906a89b00,2025-08-09,GJ01,repeated,13,123,6,5
TRPLUC250809af859d67,2025-08-09,UP01,repeated,6,80,6,7
TRPSUR250809f5edf515,2025-08-09,GJ01,new,15,139,8,7
TRPJAI250809056bfa52,2025-08-09,RJ01,new,41,529,9,10
TRPVIS25080903b896f8,2025-08-09,AP01,new,26,261,10,8
TRPSUR2508099ced450e,2025-08-09,GJ01,repeated,5,59,5,8
TRPSUR25080971f8d5ed,2025-08-09,GJ01,repeated,17,155,5,5
TRPSUR250809b874a614,2025-08-09,GJ01,repeated,10,99,7,6
TRPIND25080943adc39a,2025-08-09,MP01,repeated,18,167,6,7
TRPCHA2508091f64f4ff,2025-08-09,CH01,repeated,14,152,8,7
TRPJAI25080985a04b51,2025-08-09,RJ01,new,17,241,10,9
TRPJAI250809689981a5,2025-08-09,RJ01,new,43,553,9,8
TRPVIS2508092b8a76d6,2025-08-09,AP01,repeated,33,324,7,8
TRPSUR250809229c3407,2025-08-09,GJ01,repeated,15,139,5,7
TRPSUR2508091b3a4b03,2025-08-09,GJ01,repeated,13,123,5,6
TRPJAI250809f5607b7e,2025-08-09,RJ01,new,43,553,8,8
TRPIND25080950842ef4,2025-08-09,MP01,new,22,199,7,8
TRPIND250809375de3a0,2025-08-09,MP01,repeated,25,223,9,7
TRPSUR2508098aaaaf05,2025-08-09,GJ01,repeated,16,147,7,5
TRPKOC2508098d351c0c,2025-08-09,KL01,new,15,196,10,8
TRPJAI2508096247dcde,2025-08-09,RJ01,new,30,397,10,8
TRPCHA250809aad4ff05,2025-08-09,CH01,new,14,152,10,8
TRPSUR25080935716e1e,2025-08-09,GJ01,repeated,17,155,5,8
TRPSUR250809ac58b7eb,2025-08-09,GJ01,repeated,9,91,7,5
TRPJAI2508095a6843d9,2025-08-09,RJ01,repeated,43,553,8,8
TRPJAI2508098eab6a67,2025-08-09,RJ01,new,31,409,9,10
TRPLUC2508094db147ed,2025-08-09,UP01,repeated,13,143,5,5
TRPLUC250809a2c11d27,2025-08-09,UP01,repeated,12,134,2,2
TRPLUC250809417c2da1,2025-08-09,UP01,new,6,80,7,8
TRPLUC25080999903878,2025-08-09,UP01,repeated,17,179,7,5
TRPCHA250809a8b0db97,2025-08-09,CH01,repeated,26,260,7,8
TRPKOC250809488713f7,2025-08-09,KL01,new,12,163,9,10
TRPCOI250809a218d7ee,2025-08-09,TN01,repeated,17,159,6,7
TRPJAI25080930eaa981,2025-08-09,RJ01,new,39,505,9,9
TRPJAI250809263080f0,2025-08-09,RJ01,new,26,349,9,9
TRPLUC250809d5eeab12,2025-08-09,UP01,repeated,12,134,7,7
TRPCHA250809636174ea,2025-08-09,CH01,repeated,17,179,6,6
TRPCOI2508098afccd02,2025-08-09,TN01,repeated,16,151,7,8
TRPVIS2508094a1f82e0,2025-08-09,AP01,repeated,32,315,7,9
TRPSUR2508092586a952,2025-08-09,GJ01,new,17,155,8,7
TRPCHA250809ea79d448,2025-08-09,CH01,new,33,323,8,8
TRPSUR25080924220000,2025-08-09,GJ01,repeated,14,131,5,8
TRPLUC25080919d0ac27,2025-08-09,UP01,repeated,8,98,7,7
TRPSUR250809537af5b3,2025-08-09,GJ01,repeated,14,131,5,6
TRPIND250809510beef9,2025-08-09,MP01,repeated,9,95,8,8
TRPVIS2508099167cde9,2025-08-09,AP01,repeated,32,315,8,8
TRPLUC250809834e8a85,2025-08-09,UP01,repeated,12,134,7,5
TRPVIS250809bdcbacbf,2025-08-09,AP01,repeated,26,261,8,8
TRPIND250809ea5c1968,2025-08-09,MP01,repeated,25,223,9,8
TRPJAI250809bea5dd85,2025-08-09,RJ01,new,30,397,10,8
TRPJAI2508094c510a79,2025-08-09,RJ01,new,22,301,8,10
TRPIND250809b47fc7d8,2025-08-09,MP01,repeated,20,183,8,7
TRPIND2508094aa7929c,2025-08-09,MP01,repeated,19,175,7,6
TRPSUR250809999ed0f8,2025-08-09,GJ01,repeated,17,155,5,6
TRPCOI250809fc087d5d,2025-08-09,TN01,repeated,21,191,8,7
TRPJAI2508093c13f115,2025-08-09,RJ01,repeated,43,553,8,10
TRPVIS250809458bada8,2025-08-09,AP01,repeated,17,180,8,10
TRPKOC250809947c1a6e,2025-08-09,KL01,repeated,15,196,8,9
TRPVIS250809a095f12c,2025-08-09,AP01,new,24,243,9,8
TRPSUR250809481d47f1,2025-08-09,GJ01,new,5,59,9,8
TRPMYS250809696fc509,2025-08-09,KA01,new,10,135,8,8
TRPLUC250809a2d91de0,2025-08-09,UP01,new,14,152,8,7
TRPJAI25080967cbcc39,2025-08-09,RJ01,new,17,241,8,8
TRPJAI2508091b2e4173,2025-08-09,RJ01,new,21,289,9,8
TRPLUC250809999807c4,2025-08-09,UP01,new,5,71,7,8
TRPJAI250809cc1ff27d,2025-08-09,RJ01,new,42,541,10,8
TRPCOI250809dc804669,2025-08-09,TN01,new,9,95,9,9
TRPLUC250809aa4ec43a,2025-08-09,UP01,repeated,20,206,5,8
TRPCHA25080900c1476c,2025-08-09,CH01,repeated,33,323,6,6
TRPCHA25080973c62652,2025-08-09,CH01,new,22,224,7,8
TRPMYS2508090086540d,2025-08-09,KA01,new,18,215,8,10
TRPCOI2508090d4eed44,2025-08-09,TN01,repeated,15,143,8,6
TRPSUR250809e3d7dbcf,2025-08-09,GJ01,repeated,8,83,6,6
TRPLUC2508098adfdcf6,2025-08-09,UP01,repeated,17,179,7,5
TRPJAI250809fa468fc7,2025-08-09,RJ01,new,29,385,10,9
TRPVIS2508098dfe3203,2025-08-09,AP01,new,19,198,8,10
TRPVAD2508090bda4425,2025-08-09,GJ02,repeated,16,146,6,6
TRPVIS25080909a36be0,2025-08-09,AP01,repeated,35,342,9,10
TRPCOI25080971b88a78,2025-08-09,TN01,repeated,20,183,8,6
TRPVIS250809e3699a4a,2025-08-09,AP01,new,12,135,10,9
TRPLUC2508092ddb86a9,2025-08-09,UP01,repeated,20,206,7,8
TRPVAD2508091bf5cca4,2025-08-09,GJ02,new,17,154,8,6
TRPLUC250809d0770322,2025-08-09,UP01,repeated,15,161,6,6
TRPKOC2508091eaade59,2025-08-09,KL01,repeated,20,251,9,8
TRPCOI250809536ae2eb,2025-08-09,TN01,repeated,15,143,7,8
TRPLUC2508098fee28b6,2025-08-09,UP01,repeated,17,179,6,5
TRPCOI25080943793bfc,2025-08-09,TN01,repeated,9,95,6,7
TRPSUR2508097645f32c,2025-08-09,GJ01,repeated,11,107,5,6
TRPSUR25080976dfa5cb,2025-08-09,GJ01,repeated,8,83,6,6
TRPLUC250809e7cfda92,2025-08-09,UP01,new,20,206,7,8
TRPJAI250809442c2041,2025-08-09,RJ01,repeated,42,541,9,9
TRPVAD2508097d132429,2025-08-09,GJ02,new,13,122,7,6
TRPSUR2508097e58a68f,2025-08-09,GJ01,repeated,5,59,5,7
TRPJAI250809258ddf27,2025-08-09,RJ01,repeated,43,553,9,8
TRPKOC25080950f34477,2025-08-09,KL01,new,26,317,8,10
TRPKOC25080981ee56f9,2025-08-09,KL01,new,31,372,8,10
TRPIND25080927c807bb,2025-08-09,MP01,repeated,10,103,6,8
TRPLUC25080952be8fcc,2025-08-09,UP01,repeated,9,107,7,7
TRPIND250809454a13a0,2025-08-09,MP01,repeated,17,159,7,6
TRPLUC250809f62529c4,2025-08-09,UP01,repeated,7,89,6,8
TRPVAD2508094a5a2291,2025-08-09,GJ02,repeated,16,146,5,6
TRPJAI2508090216a6b3,2025-08-09,RJ01,repeated,16,229,9,10
TRPSUR250809c99c3a14,2025-08-09,GJ01,repeated,9,91,5,5
TRPCHA250809f18becdb,2025-08-09,CH01,repeated,18,188,9,9
TRPCOI250809056f15ff,2025-08-09,TN01,new,8,87,7,7
TRPKOC25080901c69a83,2025-08-09,KL01,new,26,317,9,8
TRPIND250809fe5c0ac2,2025-08-09,MP01,repeated,19,175,6,7
TRPLUC250809e96e7fea,2025-08-09,UP01,new,7,89,7,7
TRPJAI250809c3aee321,2025-08-09,RJ01,new,40,517,9,9
TRPSUR25080949a14031,2025-08-09,GJ01,repeated,9,91,5,6
TRPCHA2508096a0c81e9,2025-08-09,CH01,repeated,28,278,6,6
TRPCHA250809bc4fe639,2025-08-09,CH01,repeated,35,341,8,6
TRPCHA250809faa6bb8e,2025-08-09,CH01,new,29,287,9,9
TRPSUR250809a41edbf3,2025-08-09,GJ01,repeated,17,155,5,6
TRPKOC2508091a2ad166,2025-08-09,KL01,repeated,32,383,7,8
TRPIND2508097fd0ec01,2025-08-09,MP01,repeated,23,207,7,9
TRPVIS2508094f05c0ba,2025-08-09,AP01,new,35,342,9,10
TRPJAI2508090e602976,2025-08-09,RJ01,new,16,229,8,8
TRPSUR25080904ae07fc,2025-08-09,GJ01,new,12,115,9,8
TRPJAI2508091ff1c942,2025-08-09,RJ01,repeated,28,373,9,9
TRPVAD25080911946f72,2025-08-09,GJ02,repeated,8,82,6,8
TRPSUR2508098b96fa54,2025-08-09,GJ01,new,5,59,9,6
TRPLUC250809bec97759,2025-08-09,UP01,repeated,15,161,5,5
TRPLUC250809862eb4c6,2025-08-09,UP01,repeated,16,170,6,8
TRPIND25080951817782,2025-08-09,MP01,new,12,119,7,8
TRPJAI250809f564b596,2025-08-09,RJ01,repeated,37,481,9,8
TRPIND2508096a249fd1,2025-08-09,MP01,new,9,95,7,9
TRPLUC25080962bebf53,2025-08-09,UP01,repeated,6,80,6,5
TRPVAD2508096c9cae2d,2025-08-09,GJ02,repeated,5,58,7,7
TRPIND250809133e4146,2025-08-09,MP01,repeated,25,223,7,8
TRPLUC25080984f88bcb,2025-08-09,UP01,repeated,18,188,7,6
TRPIND2508090d1324ca,2025-08-09,MP01,repeated,18,167,9,8
TRPSUR250809bfa3e84b,2025-08-09,GJ01,repeated,17,155,5,5
TRPCHA250809533a5208,2025-08-09,CH01,new,22,224,10,8
TRPLUC250809b97de52b,2025-08-09,UP01,new,8,98,9,6
TRPSUR2508092d7c7470,2025-08-09,GJ01,repeated,7,75,5,8
TRPLUC250809bf5abc44,2025-08-09,UP01,repeated,18,188,6,8
TRPIND25080956731a36,2025-08-09,MP01,repeated,22,199,9,8
TRPJAI25080934876d0d,2025-08-09,RJ01,new,35,457,8,9
TRPLUC2508094aca7aba,2025-08-09,UP01,repeated,18,188,5,5
TRPLUC2508093f77d14e,2025-08-09,UP01,new,19,197,8,8
TRPIND25080951efa88d,2025-08-09,MP01,repeated,11,111,8,6
TRPLUC250809e3a8eac3,2025-08-09,UP01,repeated,15,161,7,5
TRPVAD2508093a7a7252,2025-08-09,GJ02,repeated,9,90,7,5
TRPVIS250809cb792025,2025-08-09,AP01,repeated,23,234,8,10
TRPLUC2508095da7555d,2025-08-09,UP01,repeated,17,179,5,6
TRPLUC250809ec5d454c,2025-08-09,UP01,repeated,6,80,5,5
TRPIND250809b8d4caa5,2025-08-09,MP01,repeated,23,207,8,8
TRPLUC2508096d229812,2025-08-09,UP01,repeated,19,197,5,5
TRPVAD250809a0eaf467,2025-08-09,GJ02,repeated,8,82,6,8
TRPIND25080909ac0d74,2025-08-09,MP01,new,12,119,8,8
TRPJAI250809f94ecf5a,2025-08-09,RJ01,new,34,445,8,10
TRPLUC25080996f0a4b8,2025-08-09,UP01,repeated,20,206,6,5
TRPLUC2508097d197e1c,2025-08-09,UP01,repeated,7,89,6,5
TRPSUR250809bd1eaa07,2025-08-09,GJ01,repeated,12,115,6,7
TRPJAI250809965ab074,2025-08-09,RJ01,new,23,313,9,10
TRPVAD250809fd0914d1,2025-08-09,GJ02,new,15,138,7,8
TRPJAI250809f3740eb7,2025-08-09,RJ01,repeated,44,565,7,9
TRPJAI2508097758c565,2025-08-09,RJ01,new,28,373,10,9
TRPLUC250809ad7b5896,2025-08-09,UP01,repeated,6,80,5,7
TRPCOI25080951491b6b,2025-08-09,TN01,repeated,22,199,8,7
TRPLUC250809cad81766,2025-08-09,UP01,repeated,6,80,5,7
TRPVAD250809d217e010,2025-08-09,GJ02,new,6,66,7,6
TRPVIS250809c13e33e9,2025-08-09,AP01,repeated,16,171,8,10
TRPSUR250809c211d0aa,2025-08-09,GJ01,repeated,17,155,5,6
TRPLUC250809289931f9,2025-08-09,UP01,new,18,188,9,6
TRPKOC250809ff29875a,2025-08-09,KL01,repeated,30,361,7,10
TRPLUC25080959875bcc,2025-08-09,UP01,repeated,11,125,5,8
TRPSUR250809245cb9fd,2025-08-09,GJ01,repeated,10,99,5,8
TRPSUR250809b5ace4dd,2025-08-09,GJ01,repeated,8,83,7,6
TRPIND25080949d43075,2025-08-09,MP01,new,22,199,7,9
TRPVIS250809687bbb79,2025-08-09,AP01,repeated,30,297,8,9
TRPSUR250809f8c1415f,2025-08-09,GJ01,new,11,107,9,6
TRPJAI2508098f39af7c,2025-08-09,RJ01,repeated,22,301,8,9
TRPKOC250809da208a65,2025-08-09,KL01,new,16,207,9,10
TRPCOI250809a1d19316,2025-08-09,TN01,repeated,22,199,7,9
TRPKOC25080936b66d4b,2025-08-09,KL01,repeated,19,240,9,10
TRPKOC250809be30da39,2025-08-09,KL01,repeated,17,218,8,9
TRPSUR250809e7fb5b8d,2025-08-09,GJ01,new,9,91,7,8
TRPLUC2508090fccb24a,2025-08-09,UP01,repeated,13,143,7,7
TRPJAI250809e69b209f,2025-08-09,RJ01,new,22,301,8,9
TRPLUC250809f03189a1,2025-08-09,UP01,repeated,17,179,6,5
TRPLUC250809f266f642,2025-08-09,UP01,repeated,18,188,7,7
TRPLUC2508099ed84ea5,2025-08-09,UP01,new,7,89,8,7
TRPLUC2508097b6c9d0c,2025-08-09,UP01,new,14,152,8,6
TRPVAD250809f27167e1,2025-08-09,GJ02,repeated,5,58,7,8
TRPLUC2508093ea34dc9,2025-08-09,UP01,repeated,5,71,6,6
TRPSUR25080933aaf820,2025-08-09,GJ01,new,10,99,7,7
TRPJAI2508097e581bdc,2025-08-09,RJ01,repeated,42,541,7,8
TRPIND25080922dd741b,2025-08-09,MP01,repeated,15,143,9,6
TRPCHA2508091ea3c734,2025-08-09,CH01,new,25,251,10,7
TRPCHA25080909f50281,2025-08-09,CH01,new,24,242,7,7
TRPSUR250809fac3a91f,2025-08-09,GJ01,repeated,14,131,5,8
TRPCOI250809be86802f,2025-08-09,TN01,repeated,17,159,9,8
TRPLUC250809b688fdc1,2025-08-09,UP01,repeated,8,98,6,6
TRPVAD25080983b96a69,2025-08-09,GJ02,new,7,74,8,8
TRPLUC25080915bec8fb,2025-08-09,UP01,repeated,6,80,6,7
TRPCHA250809d139885f,2025-08-09,CH01,repeated,35,341,8,6
TRPLUC250809b8dac592,2025-08-09,UP01,repeated,16,170,5,8
TRPLUC250809d277c887,2025-08-09,UP01,repeated,6,80,6,8
TRPLUC2508099b4054f4,2025-08-09,UP01,repeated,13,143,7,7
TRPCHA2508098e20fb60,2025-08-09,CH01,new,35,341,8,8
TRPCOI2508092e55b2aa,2025-08-09,TN01,repeated,19,175,9,7
TRPLUC25080962b392e8,2025-08-09,UP01,repeated,19,197,7,5
TRPKOC25080995583760,2025-08-09,KL01,new,20,251,9,8
TRPSUR250809268e1d1f,2025-08-09,GJ01,repeated,14,131,5,7
TRPCHA250809a346f3c9,2025-08-09,CH01,new,33,323,10,9
TRPSUR25080989e0dd08,2025-08-09,GJ01,repeated,11,107,7,7
TRPSUR250809845f5250,2025-08-09,GJ01,repeated,9,91,6,7
TRPJAI250809667142e9,2025-08-09,RJ01,repeated,29,385,7,8
TRPLUC250809852a899a,2025-08-09,UP01,repeated,14,152,5,5
TRPSUR250809edd10a4c,2025-08-09,GJ01,repeated,17,155,6,6
TRPCHA250809ca0cebbb,2025-08-09,CH01,new,33,323,10,8
TRPLUC250809037232e1,2025-08-09,UP01,repeated,12,134,5,5
TRPKOC2508093136bb07,2025-08-09,KL01,new,14,185,9,8
TRPLUC25080951da1b0c,2025-08-09,UP01,new,14,152,7,7
TRPLUC250809adefdac0,2025-08-09,UP01,repeated,18,188,6,7
TRPKOC250809e860780b,2025-08-09,KL01,repeated,28,339,7,9
TRPJAI250809122f9145,2025-08-09,RJ01,repeated,30,397,8,8
TRPJAI2508090a9242f9,2025-08-09,RJ01,repeated,42,541,7,8
TRPCOI2508093d244059,2025-08-09,TN01,new,18,167,8,9
TRPLUC250809cec289a9,2025-08-09,UP01,repeated,19,197,7,6
TRPKOC250809a02b9f69,2025-08-09,KL01,repeated,36,427,7,10
TRPJAI2508093a696d86,2025-08-09,RJ01,new,20,277,8,10
TRPSUR250809ea1f0b33,2025-08-09,GJ01,repeated,8,83,5,6
TRPCHA250809457c579e,2025-08-09,CH01,new,25,251,8,7
TRPVAD250809939526a0,2025-08-09,GJ02,new,13,122,8,8
TRPJAI2508097a8075be,2025-08-09,RJ01,new,15,217,8,10
TRPMYS2508098b24433b,2025-08-09,KA01,new,23,265,10,10
TRPCHA25080999ea3aa1,2025-08-09,CH01,new,19,197,10,8
TRPSUR250809fa49a5d3,2025-08-09,GJ01,new,13,123,9,6
TRPSUR250809317fef15,2025-08-09,GJ01,repeated,15,139,5,5
TRPKOC25080982f43261,2025-08-09,KL01,new,31,372,8,8
TRPCOI250809eae184fe,2025-08-09,TN01,repeated,16,151,8,9
TRPVAD250809a590f878,2025-08-09,GJ02,repeated,10,98,5,8
TRPLUC2508092fe6d8dc,2025-08-09,UP01,new,18,188,9,8
TRPCHA250809fb9c8936,2025-08-09,CH01,repeated,25,251,9,9
TRPLUC2508091a9b0301,2025-08-09,UP01,repeated,6,80,7,6
TRPCHA2508097b9e07b8,2025-08-09,CH01,repeated,15,161,8,9
TRPIND250809c048d8fb,2025-08-09,MP01,new,19,175,9,8
TRPCHA250809f6a4fe39,2025-08-09,CH01,new,19,197,10,7
TRPSUR2508091bdba1a6,2025-08-09,GJ01,repeated,6,67,6,6
TRPLUC2508091044fd62,2025-08-09,UP01,repeated,19,197,7,6
TRPCOI2508096322aba6,2025-08-09,TN01,new,18,167,9,8
TRPKOC250809f28e1a3b,2025-08-09,KL01,new,10,141,10,9
TRPMYS25080916d51d0d,2025-08-09,KA01,repeated,9,125,8,8
TRPSUR25080940198eb3,2025-08-09,GJ01,repeated,15,139,7,5
TRPLUC250809803cab64,2025-08-09,UP01,new,14,152,8,6
TRPLUC250809378ba8cc,2025-08-09,UP01,repeated,9,107,6,8
TRPMYS2508096e7c3665,2025-08-09,KA01,new,22,255,8,9
TRPCOI2508097ced55f2,2025-08-09,TN01,repeated,13,127,6,7
TRPIND250809bc913e18,2025-08-09,MP01,new,20,183,9,8
TRPVIS250809e5e304e9,2025-08-09,AP01,repeated,13,144,9,9
TRPJAI250809ca11e1d8,2025-08-09,RJ01,repeated,25,337,9,9
TRPCOI25080998cb2179,2025-08-09,TN01,repeated,10,103,9,6
TRPLUC2508094fbea8c7,2025-08-09,UP01,new,13,143,7,7
TRPJAI250809b1118784,2025-08-09,RJ01,repeated,40,517,8,10
TRPLUC2508093b073dad,2025-08-09,UP01,new,10,116,7,6
TRPVIS250809ece3c019,2025-08-09,AP01,new,23,234,9,9
TRPVIS2508091eaf26ac,2025-08-09,AP01,new,34,333,9,8
TRPJAI25080944cc9136,2025-08-09,RJ01,new,40,517,10,9
TRPCOI250809620c4c94,2025-08-09,TN01,new,9,95,9,7
TRPLUC25080983c80f0b,2025-08-09,UP01,repeated,7,89,6,6
TRPLUC250809f1fee7fb,2025-08-09,UP01,repeated,10,116,7,5
TRPLUC2508094ef264d1,2025-08-09,UP01,repeated,15,161,6,5
TRPLUC2508090fe8d015,2025-08-09,UP01,repeated,7,89,6,7
TRPVIS250809a5877bc1,2025-08-09,AP01,repeated,28,279,7,9
TRPLUC250809a1aaeb42,2025-08-09,UP01,repeated,6,80,7,5
TRPVIS250809a5ea8ee1,2025-08-09,AP01,repeated,33,324,7,10
TRPLUC2508095e879317,2025-08-09,UP01,repeated,20,206,6,8
TRPLUC2508095c7621f3,2025-08-09,UP01,repeated,5,71,6,5
TRPKOC250809edb8dd79,2025-08-09,KL01,new,14,185,8,8
TRPCOI2508095afc1a32,2025-08-09,TN01,repeated,19,175,6,9
TRPLUC2508095779fae4,2025-08-09,UP01,repeated,18,188,1,1
TRPCHA250809bfa7a861,2025-08-09,CH01,repeated,14,152,9,8
TRPIND250809e525d3db,2025-08-09,MP01,repeated,17,159,6,7
TRPCHA250809d63dc83d,2025-08-09,CH01,new,13,143,7,7
TRPJAI25080974a93988,2025-08-09,RJ01,new,16,229,8,8
TRPIND2508097849c5a2,2025-08-09,MP01,repeated,10,103,8,6
TRPLUC250809daf2a3aa,2025-08-09,UP01,repeated,16,170,5,5
TRPIND2508095a38b31a,2025-08-09,MP01,new,8,87,8,7
TRPLUC25080931fb13ae,2025-08-09,UP01,repeated,12,134,5,5
TRPSUR250809e1b0e36d,2025-08-09,GJ01,repeated,17,155,5,6
TRPSUR250809ddcdba9c,2025-08-09,GJ01,new,13,123,7,6
TRPJAI250809db14afbc,2025-08-09,RJ01,new,32,421,10,8
TRPLUC25080977a2c2dc,2025-08-09,UP01,repeated,10,116,5,6
TRPJAI25080979b5dd47,2025-08-09,RJ01,repeated,19,265,8,8
TRPLUC25080986315dff,2025-08-09,UP01,repeated,9,107,7,6
TRPVIS250809d2f2b46a,2025-08-09,AP01,repeated,10,117,9,8
TRPIND250809276aa6b9,2025-08-09,MP01,repeated,24,215,8,8
TRPJAI250809fef3a640,2025-08-09,RJ01,repeated,30,397,7,10
TRPVIS250809ef0db50a,2025-08-09,AP01,repeated,22,225,7,8
TRPCOI250809049ece46,2025-08-09,TN01,new,14,135,9,9
TRPJAI250809434fe943,2025-08-09,RJ01,new,22,301,10,9
TRPJAI250809e9876dfc,2025-08-09,RJ01,repeated,24,325,8,10
TRPLUC250809d6074969,2025-08-09,UP01,repeated,20,206,5,8
TRPJAI25080934b44fa3,2025-08-09,RJ01,repeated,31,409,7,9
TRPCHA250809fd69e613,2025-08-09,CH01,repeated,26,260,7,7
TRPJAI2508093e1df933,2025-08-09,RJ01,repeated,45,577,9,8
TRPVAD25080980fb1af0,2025-08-09,GJ02,new,13,122,7,6
TRPSUR250809f9137fec,2025-08-09,GJ01,repeated,17,155,6,8
TRPIND25080966ee341b,2025-08-09,MP01,repeated,24,215,9,9
TRPJAI250809545139f6,2025-08-09,RJ01,repeated,32,421,7,8
TRPSUR250809d9e3bfe5,2025-08-09,GJ01,new,9,91,7,8
TRPSUR2508095eeaae63,2025-08-09,GJ01,repeated,6,67,7,5
TRPLUC250809916af87e,2025-08-09,UP01,new,7,89,8,8
TRPKOC250809d97cbdc2,2025-08-09,KL01,repeated,29,350,8,9
TRPSUR250809895584a7,2025-08-09,GJ01,repeated,8,83,5,6
TRPJAI2508093dde0f05,2025-08-09,RJ01,new,33,433,10,10
TRPSUR250809523db36a,2025-08-09,GJ01,repeated,17,155,7,7
TRPIND250809743ce9eb,2025-08-09,MP01,new,14,135,10,7
TRPSUR2508090d4b610c,2025-08-09,GJ01,repeated,6,67,6,6
TRPSUR2508096f6481da,2025-08-09,GJ01,new,8,83,8,8
TRPLUC250809bab7a61b,2025-08-09,UP01,new,6,80,8,6
TRPVAD250809fb1f7e89,2025-08-09,GJ02,new,17,154,9,6
TRPJAI250809540c07a2,2025-08-09,RJ01,repeated,21,289,9,9
TRPVAD250809de87b25b,2025-08-09,GJ02,repeated,18,162,7,7
TRPCHA25080942ae67d6,2025-08-09,CH01,repeated,35,341,7,8
TRPLUC250809cbabda45,2025-08-09,UP01,repeated,18,188,7,5
TRPMYS250809a679c5a3,2025-08-09,KA01,new,15,185,2,2
TRPLUC250809aad965c5,2025-08-09,UP01,repeated,12,134,5,5
TRPKOC25080914909cbd,2025-08-09,KL01,new,14,185,9,8
TRPLUC250809798e1b33,2025-08-09,UP01,repeated,9,107,6,5
TRPCOI250809699c4362,2025-08-09,TN01,repeated,17,159,7,9
TRPIND2508093e99793e,2025-08-09,MP01,repeated,18,167,8,7
TRPKOC250809b5fbb780,2025-08-09,KL01,new,17,218,8,9
TRPCHA25080961eddf51,2025-08-09,CH01,new,22,224,9,9
TRPMYS250809c6433ebc,2025-08-09,KA01,repeated,8,115,8,10
TRPLUC250809b63be140,2025-08-09,UP01,repeated,18,188,6,8
TRPVIS250809ae6a8941,2025-08-09,AP01,repeated,26,261,8,9
TRPLUC2508097e375237,2025-08-09,UP01,repeated,6,80,5,7
TRPJAI2508092953af16,2025-08-09,RJ01,repeated,16,229,9,9
TRPLUC250809aff095c3,2025-08-09,UP01,repeated,11,125,7,5
TRPLUC2508098880d79f,2025-08-09,UP01,repeated,11,125,6,5
TRPKOC2508093743df3e,2025-08-09,KL01,new,25,306,9,10
TRPLUC250809e4b28742,2025-08-09,UP01,repeated,11,125,6,7
TRPSUR25080922752a3a,2025-08-09,GJ01,repeated,7,75,7,7
TRPVIS250809ccb62fa0,2025-08-09,AP01,repeated,28,279,7,10
TRPJAI250809316b557c,2025-08-09,RJ01,new,43,553,10,9
TRPLUC25080980a8dafb,2025-08-09,UP01,new,12,134,7,7
TRPSUR2508093ace8e40,2025-08-09,GJ01,repeated,8,83,5,7
TRPIND2508092f6de4b5,2025-08-09,MP01,repeated,25,223,9,9
TRPJAI250809fac52524,2025-08-09,RJ01,new,36,469,8,8
TRPJAI250809e9a8222d,2025-08-09,RJ01,repeated,43,553,9,9
TRPCHA250809302e2b0f,2025-08-09,CH01,new,29,287,8,8
TRPJAI250809f6b9de38,2025-08-09,RJ01,new,19,265,9,9
TRPJAI2508097648ad64,2025-08-09,RJ01,new,15,217,9,9
TRPIND2508092517d7c7,2025-08-09,MP01,repeated,16,151,6,8
TRPVAD25080994df6f53,2025-08-09,GJ02,repeated,11,106,7,6
TRPSUR2508096c10622e,2025-08-09,GJ01,repeated,16,147,6,8
TRPKOC250809ab44ec63,2025-08-09,KL01,repeated,16,207,8,8
TRPJAI250809f8e2319e,2025-08-09,RJ01,repeated,35,457,9,8
TRPCOI2508094dbb8480,2025-08-09,TN01,repeated,22,199,9,8
TRPCHA2508097cb7af8d,2025-08-09,CH01,new,35,341,9,8
TRPSUR2508095e848a15,2025-08-09,GJ01,repeated,15,139,5,6
TRPSUR2508091d672e6c,2025-08-09,GJ01,repeated,9,91,7,5
TRPSUR250809f7304ff3,2025-08-09,GJ01,repeated,11,107,7,7
TRPVIS2508093f1f5925,2025-08-09,AP01,repeated,26,261,9,10
TRPSUR25080983ed7e2c,2025-08-09,GJ01,repeated,6,67,7,5
TRPKOC25080972d1d86e,2025-08-09,KL01,repeated,36,427,7,8
TRPCOI2508094b5afff6,2025-08-09,TN01,repeated,14,135,6,7
TRPSUR250809623b901f,2025-08-09,GJ01,repeated,16,147,7,8
TRPSUR250809d5995b90,2025-08-09,GJ01,new,6,67,8,7
TRPLUC25080998740cce,2025-08-09,UP01,repeated,13,143,7,7
TRPIND250809351a8a25,2025-08-09,MP01,repeated,25,223,6,7
TRPKOC2508093d5558bb,2025-08-09,KL01,new,21,262,9,9
TRPKOC250809d2384ed0,2025-08-09,KL01,new,11,152,10,9
TRPIND250809611b65c1,2025-08-09,MP01,new,13,127,8,7
TRPKOC250809dafa941e,2025-08-09,KL01,new,16,207,8,10
TRPSUR2508091d282378,2025-08-09,GJ01,repeated,6,67,6,7
TRPSUR2508095cc01cde,2025-08-09,GJ01,repeated,5,59,5,6
TRPCOI25080963d04ff9,2025-08-09,TN01,repeated,18,167,9,6
TRPIND250809ab8d9b90,2025-08-09,MP01,new,17,159,7,9
TRPJAI250809bbd8222b,2025-08-09,RJ01,new,31,409,8,10
TRPSUR2508097188088d,2025-08-09,GJ01,repeated,15,139,7,5
TRPCHA2508091b1f5125,2025-08-09,CH01,new,29,287,9,7
TRPSUR25080990fa835e,2025-08-09,GJ01,repeated,16,147,7,8
TRPVIS250809dd6e095b,2025-08-09,AP01,repeated,27,270,7,9
TRPSUR250809cd7566f7,2025-08-09,GJ01,new,14,131,7,7
TRPLUC2508098155434e,2025-08-09,UP01,repeated,17,179,7,5
TRPSUR25080949b60f63,2025-08-09,GJ01,repeated,6,67,6,8
TRPSUR250809a6693abd,2025-08-09,GJ01,repeated,12,115,6,6
TRPMYS25080983052ab3,2025-08-09,KA01,new,15,185,8,9
TRPJAI25080956dfaaf7,2025-08-09,RJ01,new,22,301,10,10
TRPIND25080950b585ee,2025-08-09,MP01,new,12,119,9,7
TRPKOC25080967feccf6,2025-08-09,KL01,repeated,18,229,8,8
TRPVAD250809533e7e8a,2025-08-09,GJ02,new,18,162,8,8
TRPLUC250809cbd966b0,2025-08-09,UP01,repeated,14,152,5,5
TRPLUC250809036895e1,2025-08-09,UP01,new,9,107,8,6
TRPCHA250809a2655d24,2025-08-09,CH01,new,33,323,7,7
TRPJAI2508099194af0c,2025-08-09,RJ01,new,21,289,8,8
TRPVAD250809382fbd87,2025-08-09,GJ02,new,9,90,9,7
TRPSUR250809ee5480fb,2025-08-09,GJ01,repeated,15,139,7,7
TRPCHA2508090c4b459b,2025-08-09,CH01,repeated,18,188,8,7
TRPKOC250809615f3163,2025-08-09,KL01,repeated,16,207,8,8
TRPKOC25080913bd0333,2025-08-09,KL01,repeated,19,240,8,10
TRPSUR250809236a1d36,2025-08-09,GJ01,repeated,10,99,5,5
TRPJAI25080991e5a722,2025-08-09,RJ01,new,29,385,10,9
TRPLUC250809315ca91c,2025-08-09,UP01,repeated,15,161,6,8
TRPKOC250809a22a1805,2025-08-09,KL01,new,23,284,9,10
TRPVAD2508095b0f3ccc,2025-08-09,GJ02,repeated,14,130,5,5
TRPJAI2508090e265d25,2025-08-09,RJ01,new,24,325,10,9
TRPJAI250809d5a20370,2025-08-09,RJ01,repeated,23,313,9,8
TRPLUC250809dfa22d09,2025-08-09,UP01,repeated,19,197,5,7
TRPLUC250809ccd80805,2025-08-09,UP01,new,20,206,7,7
TRPMYS250809d88ae0da,2025-08-09,KA01,repeated,23,265,9,9
TRPCHA250809bdf50946,2025-08-09,CH01,repeated,23,233,8,8
TRPSUR2508090c077ae1,2025-08-09,GJ01,repeated,13,123,6,7
TRPIND2508096131173a,2025-08-09,MP01,new,25,223,10,8
TRPSUR250809102afba6,2025-08-09,GJ01,repeated,14,131,6,8
TRPJAI250809433f7961,2025-08-09,RJ01,repeated,22,301,7,10
TRPSUR250809bedb94a4,2025-08-09,GJ01,repeated,5,59,6,7
TRPCHA2508093c52a827,2025-08-09,CH01,new,15,161,8,8
TRPLUC250809bf44cb6d,2025-08-09,UP01,repeated,10,116,7,6
TRPMYS25080928eb6bd4,2025-08-09,KA01,new,12,155,8,9
TRPLUC2508091b34cca7,2025-08-09,UP01,repeated,7,89,7,5
TRPVAD2508091c6a2c5d,2025-08-09,GJ02,repeated,12,114,6,7
TRPVIS250809f7fb74cc,2025-08-09,AP01,repeated,22,225,9,10
TRPSUR250809a986e1f0,2025-08-09,GJ01,repeated,12,115,7,7
TRPIND250809fed1e481,2025-08-09,MP01,new,21,191,7,9
TRPKOC250809e06d09de,2025-08-09,KL01,new,24,295,10,9
TRPLUC250809eba95890,2025-08-09,UP01,repeated,11,125,7,7
TRPVAD2508093e6a55b3,2025-08-09,GJ02,new,8,82,9,6
TRPJAI2508093b01f94e,2025-08-09,RJ01,repeated,28,373,8,10
TRPLUC250809e41d40b0,2025-08-09,UP01,repeated,11,125,6,6
TRPSUR2508096cefbce2,2025-08-09,GJ01,repeated,16,147,5,6
TRPJAI2508092445b8af,2025-08-09,RJ01,repeated,18,253,9,10
TRPMYS25080903cabde8,2025-08-09,KA01,repeated,12,155,8,10
TRPKOC250809f09d81be,2025-08-09,KL01,new,10,141,10,10
TRPVAD250809de979abf,2025-08-09,GJ02,repeated,8,82,5,6
TRPVIS250809acbdced7,2025-08-09,AP01,new,15,162,8,10
TRPSUR25080969f8263f,2025-08-09,GJ01,repeated,8,83,5,5
TRPLUC250809d45e1f47,2025-08-09,UP01,repeated,10,116,5,5
TRPVAD250809168a8214,2025-08-09,GJ02,repeated,8,82,7,5
TRPCHA2508097a25650b,2025-08-09,CH01,repeated,30,296,9,6
TRPLUC2508099ae0bfdc,2025-08-09,UP01,repeated,15,161,6,6
TRPVAD25080944f15fea,2025-08-09,GJ02,repeated,8,82,6,6
TRPLUC250809604c5f74,2025-08-09,UP01,repeated,6,80,6,6
TRPSUR2508092fa6307d,2025-08-09,GJ01,repeated,13,123,6,6
TRPLUC2508099ff0be8f,2025-08-09,UP01,repeated,12,134,6,7
TRPJAI250809c07c5dec,2025-08-09,RJ01,repeated,22,301,7,9
TRPKOC250809fe45bed4,2025-08-09,KL01,new,18,229,9,9
TRPIND250809341f371b,2025-08-09,MP01,repeated,23,207,9,9
TRPJAI250809fe3ce72e,2025-08-09,RJ01,repeated,26,349,8,8
TRPLUC250809b45aed11,2025-08-09,UP01,repeated,17,179,6,5
TRPJAI250809e3015f8a,2025-08-09,RJ01,new,38,493,10,10
TRPKOC2508091b8d8eac,2025-08-09,KL01,new,24,295,10,8
TRPSUR250809112fd47c,2025-08-09,GJ01,repeated,13,123,5,7
TRPVIS250809dafd43d2,2025-08-09,AP01,repeated,33,324,9,10
TRPVAD2508097b066112,2025-08-09,GJ02,new,7,74,9,7
TRPCHA250809385a1e47,2025-08-09,CH01,new,29,287,9,9
TRPKOC2508090470bcce,2025-08-09,KL01,repeated,17,218,8,10
TRPIND250809fdaf6a15,2025-08-09,MP01,repeated,8,87,6,8
TRPSUR250809a345e3b0,2025-08-09,GJ01,repeated,6,67,6,8
TRPKOC250809ddf0aa40,2025-08-09,KL01,new,37,438,8,10
TRPJAI25080911e381c9,2025-08-09,RJ01,repeated,45,577,8,8
TRPJAI250809e4180870,2025-08-09,RJ01,new,24,325,10,10
TRPLUC2508090fcab267,2025-08-09,UP01,new,10,116,8,8
TRPCHA250809610a7fb4,2025-08-09,CH01,repeated,27,269,6,9
TRPLUC250809ae772026,2025-08-09,UP01,repeated,9,107,6,5
TRPSUR25080904287a13,2025-08-09,GJ01,repeated,14,131,5,7
TRPSUR2508091c3fd8af,2025-08-09,GJ01,repeated,5,59,7,7
TRPLUC2508092e0cf5ec,2025-08-09,UP01,repeated,19,197,7,5
TRPLUC250809620acebf,2025-08-09,UP01,new,13,143,7,8
TRPCOI2508095dc2f6d3,2025-08-09,TN01,new,9,95,8,7
TRPCOI2508094aecd54a,2025-08-09,TN01,repeated,17,159,6,7
TRPVAD25080907b6f672,2025-08-09,GJ02,new,7,74,8,6
TRPMYS2508095eddeb89,2025-08-09,KA01,new,10,135,8,8
TRPCHA250809747b373b,2025-08-09,CH01,new,12,134,8,8
TRPKOC250809d7857ee6,2025-08-09,KL01,new,15,196,10,8
TRPKOC250809cca3f619,2025-08-09,KL01,new,25,306,8,9
TRPSUR2508094283f029,2025-08-09,GJ01,new,11,107,8,7
TRPCHA250809bd62a1f9,2025-08-09,CH01,repeated,27,269,7,7
TRPLUC250809bd63658f,2025-08-09,UP01,new,16,170,9,8
TRPSUR250809ea47509b,2025-08-09,GJ01,repeated,14,131,5,6
TRPLUC250809f3f5325a,2025-08-09,UP01,repeated,12,134,7,6
TRPVAD2508099db24ee8,2025-08-09,GJ02,new,18,162,9,6
TRPVAD2508090b228f3d,2025-08-09,GJ02,new,13,122,8,8
TRPJAI250809478d4552,2025-08-09,RJ01,repeated,19,265,7,8
TRPSUR250809fa1b7084,2025-08-09,GJ01,repeated,10,99,6,7
TRPLUC2508098da1e421,2025-08-09,UP01,repeated,6,80,5,6
TRPIND25080950833ac4,2025-08-09,MP01,new,21,191,8,8
TRPSUR2508092b814107,2025-08-09,GJ01,new,5,59,8,6
TRPLUC250809f6dd6a08,2025-08-09,UP01,repeated,8,98,7,8
TRPMYS25080942aa52cb,2025-08-09,KA01,repeated,20,235,8,8
TRPIND2508093e092318,2025-08-09,MP01,repeated,15,143,7,7
TRPLUC2508093e85248d,2025-08-09,UP01,repeated,18,188,7,5
TRPJAI2508093cf84ed3,2025-08-09,RJ01,new,35,457,10,9
TRPLUC25080946363a5a,2025-08-09,UP01,repeated,12,134,5,5
TRPSUR25080929e6f1b4,2025-08-09,GJ01,repeated,7,75,7,7
TRPLUC250809fab72854,2025-08-09,UP01,repeated,7,89,7,7
TRPJAI25080988e5b0d9,2025-08-09,RJ01,new,35,457,8,9
TRPKOC250809188cd129,2025-08-09,KL01,new,27,328,9,10
TRPIND250809b4ba1cad,2025-08-09,MP01,new,10,103,10,8
TRPJAI2508098b26fd72,2025-08-09,RJ01,repeated,25,337,9,9
TRPIND250809ab3b9a7c,2025-08-09,MP01,repeated,15,143,8,6
TRPJAI250809f733270d,2025-08-09,RJ01,new,20,277,9,8
TRPSUR2508097d77c306,2025-08-09,GJ01,repeated,12,115,7,7
TRPJAI2508096243bfb2,2025-08-09,RJ01,new,25,337,9,9
TRPIND250809cff061c8,2025-08-09,MP01,repeated,8,87,8,9
TRPLUC2508097c6236cb,2025-08-09,UP01,repeated,8,98,6,7
TRPVAD250809124089fa,2025-08-09,GJ02,repeated,7,74,5,5
TRPMYS250809cc181c1f,2025-08-09,KA01,repeated,13,165,7,8
TRPSUR25080977babe93,2025-08-09,GJ01,repeated,9,91,7,8
TRPCOI250809b0d491f5,2025-08-09,TN01,new,15,143,10,8
TRPJAI2508097d3d8da5,2025-08-09,RJ01,new,27,361,10,9
TRPCOI2508099160a499,2025-08-09,TN01,new,10,103,7,8
TRPJAI2508099858c535,2025-08-09,RJ01,new,32,421,8,8
TRPVAD250809ae6854b6,2025-08-09,GJ02,repeated,13,122,6,8
TRPLUC2508095b65bc7f,2025-08-09,UP01,repeated,18,188,7,5
TRPCHA25080995717dc3,2025-08-09,CH01,repeated,13,143,8,6
TRPCOI250809ff3a75d0,2025-08-09,TN01,new,8,87,10,8
TRPLUC250809bd8eb6a2,2025-08-09,UP01,repeated,5,71,7,6
TRPSUR250809e5d234bf,2025-08-09,GJ01,repeated,11,107,6,7
TRPCHA2508092ea505ae,2025-08-09,CH01,new,33,323,7,8
TRPMYS250809791a9886,2025-08-09,KA01,new,21,245,8,10
TRPVAD250809ffcb9af2,2025-08-09,GJ02,new,10,98,7,6
TRPIND250809e59f2c50,2025-08-09,MP01,repeated,20,183,8,7
TRPLUC250809989b8dda,2025-08-09,UP01,repeated,13,143,5,7
TRPJAI250809e4aa7c70,2025-08-09,RJ01,new,24,325,8,9
TRPVAD2508092f39863b,2025-08-09,GJ02,repeated,18,162,5,8
TRPLUC2508091af84b73,2025-08-09,UP01,repeated,9,107,6,7
TRPJAI25080919a12531,2025-08-09,RJ01,repeated,40,517,7,9
TRPVIS2508090efe91ed,2025-08-09,AP01,repeated,30,297,9,8
TRPIND25080937a690eb,2025-08-09,MP01,repeated,21,191,9,6
TRPCHA250809bc70a980,2025-08-09,CH01,new,21,215,7,7
TRPIND250809a64c183b,2025-08-09,MP01,repeated,21,191,8,6
TRPKOC25080991d1a29f,2025-08-09,KL01,new,10,141,8,9
TRPKOC2508096ab03f0e,2025-08-09,KL01,new,10,141,10,8
TRPJAI2508096bafe049,2025-08-09,RJ01,new,27,361,9,9
TRPLUC250809ab281387,2025-08-09,UP01,new,6,80,9,7
TRPJAI250809ddd39c53,2025-08-09,RJ01,new,41,529,9,8
TRPLUC25080968c882c0,2025-08-09,UP01,repeated,8,98,6,8
TRPSUR250809149c73e4,2025-08-09,GJ01,repeated,11,107,7,5
TRPSUR2508097a099f77,2025-08-09,GJ01,repeated,5,59,5,5
TRPKOC25080932b34eda,2025-08-09,KL01,repeated,23,284,9,10
TRPLUC2508099ca13981,2025-08-09,UP01,repeated,13,143,6,7
TRPKOC2508096dc6be1d,2025-08-09,KL01,new,10,141,10,10
TRPKOC250809a3000077,2025-08-09,KL01,new,28,339,10,10
TRPLUC2508092096c6ad,2025-08-09,UP01,repeated,19,197,6,7
TRPJAI250809df76ef80,2025-08-09,RJ01,new,41,529,9,9
TRPVAD2508095bfd3cc5,2025-08-09,GJ02,new,17,154,7,6
TRPLUC2508090d52a31e,2025-08-09,UP01,repeated,11,125,5,5
TRPSUR25080993405e12,2025-08-09,GJ01,repeated,13,123,5,8
TRPKOC250809074a4224,2025-08-09,KL01,new,16,207,9,8
TRPSUR2508094b88d28f,2025-08-09,GJ01,repeated,11,107,5,6
TRPLUC25080992cfd925,2025-08-09,UP01,repeated,12,134,6,7
TRPLUC250809b2559c4d,2025-08-09,UP01,repeated,12,134,7,7
TRPLUC2508093321a3c1,2025-08-09,UP01,new,7,89,9,6
TRPIND25080955a27676,2025-08-09,MP01,repeated,20,183,6,6
TRPSUR2508093f715e5c,2025-08-09,GJ01,repeated,17,155,6,7
TRPLUC250809d5d3b0b2,2025-08-09,UP01,repeated,6,80,6,5
TRPLUC250809a382b62e,2025-08-09,UP01,repeated,10,116,7,6
TRPSUR25080929030353,2025-08-09,GJ01,repeated,16,147,7,8
TRPJAI2508091d79480f,2025-08-09,RJ01,repeated,32,421,8,8
TRPVIS250809f74c3783,2025-08-09,AP01,repeated,13,144,7,8
TRPJAI2508093cba8f64,2025-08-09,RJ01,new,23,313,10,9
TRPJAI2508099a912f81,2025-08-09,RJ01,new,31,409,8,10
TRPLUC250809c6a8b269,2025-08-09,UP01,new,20,206,8,6
TRPSUR250809f24f90c6,2025-08-09,GJ01,repeated,12,115,7,5
TRPSUR250809709c194f,2025-08-09,GJ01,repeated,17,155,5,7
TRPIND250809ee10931b,2025-08-09,MP01,new,25,223,10,9
TRPIND25080915b2bbd2,2025-08-09,MP01,repeated,9,95,7,7
TRPCOI2508094460f4d0,2025-08-09,TN01,repeated,21,191,9,9
TRPJAI2508095d693c1c,2025-08-09,RJ01,new,45,577,9,9
TRPSUR2508094311751c,2025-08-09,GJ01,repeated,14,131,7,5
TRPIND250809e34d2077,2025-08-09,MP01,repeated,10,103,9,9
TRPJAI2508097c0000a2,2025-08-09,RJ01,repeated,33,433,9,8
TRPJAI250809f0cb64e9,2025-08-09,RJ01,new,42,541,9,8
TRPCOI250809e70d4b37,2025-08-09,TN01,repeated,12,119,8,6
TRPSUR250809ba85c675,2025-08-09,GJ01,new,12,115,8,7
TRPCHA25080979a75078,2025-08-09,CH01,repeated,18,188,8,6
TRPKOC2508091acd48d6,2025-08-09,KL01,new,35,416,8,10
TRPCHA250809f8faa179,2025-08-09,CH01,repeated,27,269,8,7
TRPSUR25080933947ca9,2025-08-09,GJ01,repeated,7,75,6,5
TRPCOI25080953fffe37,2025-08-09,TN01,repeated,20,183,7,9
TRPLUC2508091db98f37,2025-08-09,UP01,new,14,152,8,6
TRPLUC250809d132acf6,2025-08-09,UP01,repeated,10,116,5,6
TRPSUR2508090c26e6e5,2025-08-09,GJ01,new,14,131,9,7
TRPCOI2508096fc10f5c,2025-08-09,TN01,repeated,8,87,6,9
TRPSUR250809b8a99e46,2025-08-09,GJ01,new,8,83,8,8
TRPLUC250809121d3440,2025-08-09,UP01,repeated,19,197,5,5
TRPCOI25080926733c6b,2025-08-09,TN01,repeated,21,191,7,8
TRPVIS250809f0d887af,2025-08-09,AP01,repeated,23,234,7,8
TRPCOI2508092185cf12,2025-08-09,TN01,repeated,13,127,9,8
TRPLUC25080937a8477a,2025-08-09,UP01,repeated,15,161,5,6
TRPCHA250809c7eda7c0,2025-08-09,CH01,new,23,233,10,9
TRPSUR2508098b1d8f56,2025-08-09,GJ01,new,17,155,9,7
TRPSUR2508098742bb11,2025-08-09,GJ01,repeated,11,107,7,6
TRPJAI2508095f571a45,2025-08-09,RJ01,repeated,28,373,8,10
TRPVAD25080956e5aa76,2025-08-09,GJ02,repeated,9,90,5,8
TRPLUC2508099851cb6d,2025-08-09,UP01,repeated,15,161,5,5
TRPLUC250809d8184ae8,2025-08-09,UP01,repeated,15,161,5,8
TRPLUC250809878c0fe0,2025-08-09,UP01,repeated,8,98,5,7
TRPLUC25080973e5fa45,2025-08-09,UP01,repeated,8,98,6,8
TRPLUC250809d7d5ffc3,2025-08-09,UP01,repeated,19,197,5,6
TRPVAD250809afd734e6,2025-08-09,GJ02,new,14,130,7,7
TRPLUC2508098bfa4458,2025-08-09,UP01,repeated,12,134,5,8
TRPJAI250809e2100883,2025-08-09,RJ01,repeated,42,541,8,10
TRPIND250809b3b16f90,2025-08-09,MP01,new,10,103,10,7
TRPJAI25080915553cdc,2025-08-09,RJ01,repeated,32,421,7,8
TRPSUR25080947015684,2025-08-09,GJ01,new,7,75,9,6
TRPCOI2508097f43d15f,2025-08-09,TN01,new,17,159,9,9
TRPLUC2508095d80e307,2025-08-09,UP01,new,14,152,7,6
TRPLUC250809fa01097b,2025-08-09,UP01,new,16,170,9,7
TRPLUC250809f6551c8e,2025-08-09,UP01,repeated,18,188,6,8
TRPLUC2508098b98c6d7,2025-08-09,UP01,repeated,14,152,6,8
TRPCHA250809fa4b4383,2025-08-09,CH01,new,20,206,7,7
TRPCHA2508091a496c43,2025-08-09,CH01,repeated,14,152,8,8
TRPVIS25080969bc626b,2025-08-09,AP01,new,13,144,9,10
TRPIND250809cc2b1958,2025-08-09,MP01,new,16,151,10,7
TRPLUC25080904044a4d,2025-08-09,UP01,repeated,15,161,5,8
TRPKOC250809615fd405,2025-08-09,KL01,new,19,240,9,9
TRPLUC250809de811dfc,2025-08-09,UP01,repeated,10,116,7,6
TRPIND25080905f95975,2025-08-09,MP01,new,25,223,7,7
TRPSUR25080954b02dd3,2025-08-09,GJ01,repeated,8,83,6,6
TRPVAD250809474ad510,2025-08-09,GJ02,repeated,14,130,7,5
TRPCHA250809367cf689,2025-08-09,CH01,repeated,34,332,6,8
TRPVIS25080926acb95a,2025-08-09,AP01,new,29,288,9,9
TRPLUC250809cd05c577,2025-08-09,UP01,new,15,161,7,8
TRPLUC250809cfe94ba5,2025-08-09,UP01,new,8,98,8,7
TRPCOI250809829eb234,2025-08-09,TN01,repeated,14,135,6,9
TRPLUC25080936a1def8,2025-08-09,UP01,repeated,15,161,6,6
TRPCHA2508092d00ae9c,2025-08-09,CH01,repeated,33,323,7,9
TRPIND25080957c64bf9,2025-08-09,MP01,repeated,18,167,6,7
TRPJAI2508099c30ba40,2025-08-09,RJ01,new,42,541,8,9
TRPVIS25080904c174ce,2025-08-09,AP01,repeated,28,279,8,9
TRPLUC250809afa574e0,2025-08-09,UP01,new,15,161,9,6
TRPJAI2508092e93ce8c,2025-08-09,RJ01,new,19,265,8,10
TRPLUC250809ba99daea,2025-08-09,UP01,repeated,12,134,7,7
TRPKOC25080955b3d712,2025-08-09,KL01,new,35,416,10,8
TRPSUR25080909b12c25,2025-08-09,GJ01,repeated,13,123,7,5
TRPJAI2508099a04eef2,2025-08-09,RJ01,repeated,17,241,7,8
TRPLUC250809ee21dc79,2025-08-09,UP01,repeated,17,179,7,8
TRPIND2508098df1f430,2025-08-09,MP01,new,13,127,9,7
TRPSUR25080970f22f29,2025-08-09,GJ01,repeated,16,147,5,7
TRPJAI2508090d8dffac,2025-08-09,RJ01,repeated,40,517,9,9
TRPVAD25080947d4551f,2025-08-09,GJ02,repeated,6,66,6,7
TRPSUR2508093616d55a,2025-08-09,GJ01,new,9,91,7,6
TRPVAD250809ab626158,2025-08-09,GJ02,repeated,5,58,5,7
TRPSUR25080904a68689,2025-08-09,GJ01,repeated,6,67,6,7
TRPCHA250809236dcec4,2025-08-09,CH01,new,18,188,10,9
TRPKOC25080958c2e5b4,2025-08-09,KL01,new,30,361,9,9
TRPIND250809ef72448a,2025-08-09,MP01,new,11,111,7,7
TRPVAD250809920ad0ad,2025-08-09,GJ02,new,7,74,9,8
TRPVIS25080988efaa08,2025-08-09,AP01,repeated,12,135,8,10
TRPVAD2508096decc5da,2025-08-09,GJ02,new,11,106,8,7
TRPSUR2508092ca7df5a,2025-08-09,GJ01,repeated,8,83,5,5
TRPJAI250809119a880b,2025-08-09,RJ01,new,34,445,9,9
TRPKOC2508099dfb65ae,2025-08-09,KL01,new,11,152,10,10
TRPIND25080933766845,2025-08-09,MP01,new,18,167,8,9
TRPIND250809682912ad,2025-08-09,MP01,new,13,127,7,7
TRPMYS250809bd1697a4,2025-08-09,KA01,repeated,16,195,9,8
TRPJAI250809adee5418,2025-08-09,RJ01,new,16,229,9,8
TRPCOI250809abfef1a7,2025-08-09,TN01,new,19,175,10,7
TRPCOI2508096adead5b,2025-08-09,TN01,repeated,18,167,9,7
TRPLUC250809b6983279,2025-08-09,UP01,repeated,13,143,5,6
TRPSUR25080973a8959c,2025-08-09,GJ01,repeated,8,83,5,7
TRPJAI25080955b60d2d,2025-08-09,RJ01,new,16,229,8,9
TRPLUC250809a8316c86,2025-08-09,UP01,repeated,13,143,7,5
TRPLUC250809e6572296,2025-08-09,UP01,repeated,14,152,7,5
TRPSUR250809462639c6,2025-08-09,GJ01,new,8,83,8,8
TRPJAI2508099352f72c,2025-08-09,RJ01,repeated,35,457,9,9
TRPCHA2508095c720d8d,2025-08-09,CH01,new,30,296,9,9
TRPSUR2508092a9b4306,2025-08-09,GJ01,repeated,11,107,7,8
TRPLUC2508098f62819c,2025-08-09,UP01,repeated,14,152,6,7
TRPKOC250809d9222d1c,2025-08-09,KL01,new,32,383,9,10
TRPJAI2508098f02e7e2,2025-08-09,RJ01,repeated,19,265,8,9
TRPVAD25080945f5dbd5,2025-08-09,GJ02,repeated,12,114,7,5
TRPIND2508092a022748,2025-08-09,MP01,repeated,22,199,8,8
TRPLUC2508094a599e94,2025-08-09,UP01,new,8,98,7,6
TRPJAI2508094d63698a,2025-08-09,RJ01,repeated,37,481,8,8
TRPKOC250809fac10131,2025-08-09,KL01,new,20,251,10,10
TRPVIS250809d7c7345b,2025-08-09,AP01,new,18,189,9,8
TRPSUR250809a9dac7a1,2025-08-09,GJ01,repeated,7,75,5,6
TRPJAI25080979cf252b,2025-08-09,RJ01,repeated,33,433,9,8
TRPIND250809a5e55069,2025-08-09,MP01,new,24,215,10,9
TRPCHA250809a3e0db38,2025-08-09,CH01,repeated,19,197,6,6
TRPIND250809640983ca,2025-08-09,MP01,new,23,207,7,8
TRPVAD250809da444ef5,2025-08-09,GJ02,repeated,14,130,6,6
TRPJAI250809ee85c653,2025-08-09,RJ01,repeated,31,409,9,8
TRPVIS250809cf959275,2025-08-09,AP01,repeated,34,333,8,10
TRPLUC250809784d2b05,2025-08-09,UP01,repeated,8,98,7,5
TRPIND250809a3c4f1e1,2025-08-09,MP01,repeated,10,103,6,9
TRPSUR25080996583ad7,2025-08-09,GJ01,new,10,99,7,7
TRPSUR250809e3dd7243,2025-08-09,GJ01,repeated,14,131,7,7
TRPIND250809c59eb86d,2025-08-09,MP01,repeated,16,151,8,7
TRPJAI250809ff0f4877,2025-08-09,RJ01,repeated,16,229,9,10
TRPCOI250809460343e8,2025-08-09,TN01,new,19,175,9,7
TRPCHA2508095ea5d759,2025-08-09,CH01,repeated,22,224,7,7
TRPJAI250809f2943032,2025-08-09,RJ01,new,17,241,10,10
TRPCHA2508092a311a45,2025-08-09,CH01,repeated,15,161,7,6
TRPVIS25080940183179,2025-08-09,AP01,repeated,34,333,8,9
TRPJAI2508092bb63883,2025-08-09,RJ01,new,16,229,8,8
TRPLUC25080978cc0995,2025-08-09,UP01,repeated,12,134,7,5
TRPLUC2508093cbb7586,2025-08-09,UP01,repeated,15,161,7,6
TRPSUR2508090c324a13,2025-08-09,GJ01,repeated,6,67,7,7
TRPCHA2508098460adef,2025-08-09,CH01,new,16,170,7,7
TRPLUC25080954cd3c38,2025-08-09,UP01,repeated,20,206,6,6
TRPVAD2508097378d77b,2025-08-09,GJ02,new,8,82,9,8
TRPSUR2508091ba27288,2025-08-09,GJ01,repeated,13,123,7,7
TRPVAD250809c6f7b746,2025-08-09,GJ02,new,13,122,8,6
TRPSUR25080924c2682c,2025-08-09,GJ01,repeated,8,83,5,5
TRPJAI250809e1827e9e,2025-08-09,RJ01,new,45,577,9,9
TRPCHA2508099e23129a,2025-08-09,CH01,repeated,29,287,6,8
TRPMYS2508095379d512,2025-08-09,KA01,new,9,125,10,9
TRPCOI25080962fc5278,2025-08-09,TN01,new,8,87,9,7
TRPIND250809067ac523,2025-08-09,MP01,new,19,175,9,9
TRPSUR250809841b55ec,2025-08-09,GJ01,new,15,139,8,6
TRPLUC25080944f76b72,2025-08-09,UP01,new,7,89,9,7
TRPKOC250809802a3d64,2025-08-09,KL01,new,15,196,10,8
TRPJAI2508092dca524a,2025-08-09,RJ01,new,29,385,8,9
TRPIND2508090fb876fd,2025-08-09,MP01,repeated,18,167,6,7
TRPCHA250809bf06ab2b,2025-08-09,CH01,new,29,287,8,9
TRPJAI250809ea6d8865,2025-08-09,RJ01,repeated,26,349,9,10
TRPLUC25080941f5ac0c,2025-08-09,UP01,new,13,143,8,7
TRPMYS2508094518504e,2025-08-09,KA01,repeated,23,265,8,10
TRPKOC25080964eb7e94,2025-08-09,KL01,repeated,27,328,8,10
TRPLUC2508094055449f,2025-08-09,UP01,repeated,19,197,7,7
TRPVIS25080966ef0087,2025-08-09,AP01,new,17,180,9,10
TRPSUR250809587628bb,2025-08-09,GJ01,new,15,139,9,6
TRPIND2508092e3847b5,2025-08-09,MP01,repeated,15,143,9,6
TRPVAD250809f832f68f,2025-08-09,GJ02,new,9,90,9,6
TRPCOI2508095e84ad82,2025-08-09,TN01,new,20,183,10,9
TRPCOI25080979979807,2025-08-09,TN01,repeated,21,191,9,6
TRPVIS250809296df9da,2025-08-09,AP01,repeated,13,144,8,10
TRPJAI250809d6289b1e,2025-08-09,RJ01,new,27,361,8,9
TRPSUR250809709b31a6,2025-08-09,GJ01,repeated,9,91,6,6
TRPLUC2508098d9f1304,2025-08-09,UP01,repeated,17,179,6,8
TRPLUC250809d62892c3,2025-08-09,UP01,repeated,7,89,7,8
TRPSUR25080913eb1f45,2025-08-09,GJ01,repeated,16,147,5,8
TRPJAI250809a6328c0d,2025-08-09,RJ01,repeated,35,457,7,9
TRPIND25080926df87da,2025-08-09,MP01,new,22,199,8,7
TRPKOC2508090827c775,2025-08-09,KL01,new,23,284,8,9
TRPVAD250809f6d978af,2025-08-09,GJ02,new,14,130,7,6
TRPLUC25080923a091fa,2025-08-09,UP01,repeated,9,107,5,5
TRPLUC25080966303386,2025-08-09,UP01,repeated,7,89,5,5
TRPKOC250809b574a837,2025-08-09,KL01,repeated,21,262,9,10
TRPLUC25080950b4f94a,2025-08-09,UP01,repeated,6,80,7,5
TRPSUR2508097bc9688c,2025-08-09,GJ01,repeated,15,139,5,5
TRPJAI250809f64ee61e,2025-08-09,RJ01,repeated,15,217,9,10
TRPCHA250809bfa27fd2,2025-08-09,CH01,repeated,30,296,7,9
TRPKOC25080914efbf6f,2025-08-09,KL01,new,12,163,10,8
TRPVIS250809662ba5fe,2025-08-09,AP01,repeated,28,279,9,10
TRPLUC250809c080cd6f,2025-08-09,UP01,new,10,116,7,8
TRPLUC250809dca41a3e,2025-08-09,UP01,repeated,5,71,5,6
TRPVAD250809c3d90d4b,2025-08-09,GJ02,repeated,5,58,5,6
TRPVAD250809b9da2aab,2025-08-09,GJ02,new,10,98,7,7
TRPLUC25080940890d16,2025-08-09,UP01,repeated,13,143,7,7
TRPJAI25080932f68741,2025-08-09,RJ01,repeated,35,457,9,10
TRPIND250809ae5b5eeb,2025-08-09,MP01,new,24,215,9,8
TRPCOI250809eff09cd0,2025-08-09,TN01,repeated,17,159,9,7
TRPIND250809e329b006,2025-08-09,MP01,new,18,167,7,9
TRPLUC25080952d8d774,2025-08-09,UP01,repeated,19,197,5,5
TRPVAD250809eeeb7f5f,2025-08-09,GJ02,repeated,18,162,6,6
TRPJAI250809e417c644,2025-08-09,RJ01,repeated,26,349,8,8
TRPIND2508098a639baf,2025-08-09,MP01,repeated,25,223,6,6
TRPKOC250809f868c160,2025-08-09,KL01,new,19,240,10,8
TRPIND250809135a555d,2025-08-09,MP01,new,18,167,8,8
TRPLUC25080990292c68,2025-08-09,UP01,new,12,134,9,8
TRPIND25080943387d46,2025-08-09,MP01,repeated,17,159,7,6
TRPLUC250809d59d8896,2025-08-09,UP01,repeated,14,152,6,8
TRPSUR250809f51d64b3,2025-08-09,GJ01,repeated,13,123,6,7
TRPLUC250809391e7114,2025-08-09,UP01,repeated,15,161,5,5
TRPLUC250809e4241d4a,2025-08-09,UP01,repeated,5,71,5,6
TRPKOC250809d60f8123,2025-08-09,KL01,new,14,185,8,9
TRPIND250809ca091f21,2025-08-09,MP01,new,22,199,8,9
TRPLUC25080920171e83,2025-08-09,UP01,repeated,11,125,7,5
TRPKOC25080964c89264,2025-08-09,KL01,new,14,185,10,10
TRPSUR2508096ff0c921,2025-08-09,GJ01,repeated,14,131,5,7
TRPIND250809d858e938,2025-08-09,MP01,repeated,21,191,6,8
TRPLUC250809a36b980f,2025-08-09,UP01,repeated,11,125,7,6
TRPIND2508099cd0590c,2025-08-09,MP01,new,25,223,7,7
TRPCOI2508099bc6ddc3,2025-08-09,TN01,repeated,9,95,8,9
TRPCOI250809b1a0c43b,2025-08-09,TN01,repeated,11,111,9,6
TRPLUC2508099a8decda,2025-08-09,UP01,repeated,5,71,6,8
TRPIND250809d27c0ca7,2025-08-09,MP01,repeated,19,175,9,9
TRPVIS250809beca7393,2025-08-09,AP01,new,11,126,8,9
TRPSUR250809f0eadd4a,2025-08-09,GJ01,repeated,10,99,7,5
TRPSUR2508099b17c0bc,2025-08-09,GJ01,repeated,7,75,7,8
TRPKOC2508097e557ed6,2025-08-09,KL01,repeated,28,339,8,8
TRPLUC2508096b3e3d4d,2025-08-09,UP01,repeated,6,80,6,6
TRPCHA2508091beb4aed,2025-08-09,CH01,new,19,197,8,9
TRPSUR2508096dc8d3a7,2025-08-09,GJ01,repeated,6,67,5,5
TRPCHA250809a0e78d52,2025-08-09,CH01,repeated,31,305,9,8
TRPMYS25080905d3f2c6,2025-08-09,KA01,repeated,22,255,7,10
TRPVAD2508095c39ee36,2025-08-09,GJ02,repeated,10,98,7,5
TRPLUC25080941727326,2025-08-09,UP01,repeated,14,152,5,6
TRPSUR2508091d1552d4,2025-08-09,GJ01,repeated,8,83,6,5
TRPLUC2508097e8d2225,2025-08-09,UP01,repeated,18,188,6,8
TRPLUC2508097725de1c,2025-08-09,UP01,repeated,12,134,7,6
TRPLUC25080970812ab9,2025-08-09,UP01,repeated,10,116,7,8
TRPCOI250809ef4341c8,2025-08-09,TN01,repeated,13,127,8,6
TRPJAI25080955ea0569,2025-08-09,RJ01,new,39,505,10,8
TRPKOC25080993a12805,2025-08-09,KL01,new,23,284,10,10
TRPKOC2508096621b737,2025-08-09,KL01,new,27,328,10,9
TRPJAI250809902c20a2,2025-08-09,RJ01,new,37,481,8,8
TRPSUR250809ad12d671,2025-08-09,GJ01,repeated,16,147,6,5
TRPLUC250809d825616f,2025-08-09,UP01,repeated,17,179,6,5
TRPSUR2508098753773a,2025-08-09,GJ01,new,15,139,8,7
TRPKOC2508095bacd67e,2025-08-09,KL01,repeated,21,262,7,10
TRPCOI250809bf55baa6,2025-08-09,TN01,repeated,11,111,9,9
TRPJAI250809f337decb,2025-08-09,RJ01,repeated,36,469,7,10
TRPLUC2508098c8a0287,2025-08-09,UP01,repeated,17,179,5,7
TRPKOC250809b5ad18d7,2025-08-09,KL01,repeated,36,427,8,9
TRPVIS250809f4b00369,2025-08-09,AP01,repeated,27,270,9,8
TRPLUC250809310b4cdd,2025-08-09,UP01,repeated,20,206,7,7
TRPMYS250809f0204fec,2025-08-09,KA01,new,23,265,9,10
TRPKOC2508090bcb3980,2025-08-09,KL01,new,31,372,10,8
TRPLUC250809a573cca0,2025-08-09,UP01,repeated,12,134,7,7
TRPVIS250809facbda96,2025-08-09,AP01,repeated,35,342,9,10
TRPIND25080913608354,2025-08-09,MP01,new,18,167,7,9
TRPLUC250809f2a91662,2025-08-09,UP01,repeated,6,80,7,8
TRPSUR250809c3e80e8e,2025-08-09,GJ01,repeated,7,75,6,7
TRPSUR250809eee59532,2025-08-09,GJ01,repeated,12,115,7,5
TRPVAD250809bcf562a4,2025-08-09,GJ02,new,17,154,7,8
TRPKOC2508099727ba8b,2025-08-09,KL01,repeated,21,262,8,9
TRPJAI2508095483841d,2025-08-09,RJ01,new,37,481,8,8
TRPCHA25080902560102,2025-08-09,CH01,repeated,21,215,6,7
TRPKOC25080960ff05e0,2025-08-09,KL01,new,35,416,8,9
TRPVAD250809f9748ae8,2025-08-09,GJ02,repeated,11,106,6,5
TRPKOC25080904416910,2025-08-09,KL01,new,17,218,9,10
TRPCOI2508095f483937,2025-08-09,TN01,new,14,135,10,9
TRPLUC250809e6fe7148,2025-08-09,UP01,repeated,9,107,7,7
TRPKOC250809c643f494,2025-08-09,KL01,repeated,22,273,9,9
TRPIND250809955c8ded,2025-08-09,MP01,repeated,18,167,9,9
TRPIND25080968641c15,2025-08-09,MP01,new,20,183,7,8
TRPJAI25080978044920,2025-08-09,RJ01,new,24,325,9,9
TRPJAI250809c921e14b,2025-08-09,RJ01,repeated,28,373,8,9
TRPSUR25080943def404,2025-08-09,GJ01,new,15,139,8,8
TRPLUC25080950996a63,2025-08-09,UP01,new,11,125,7,7
TRPKOC250809892d1f5d,2025-08-09,KL01,new,29,350,9,8
TRPMYS2508093d790eee,2025-08-09,KA01,new,8,115,9,9
TRPLUC250809cd307e75,2025-08-09,UP01,repeated,15,161,5,5
TRPJAI250809aa24016d,2025-08-09,RJ01,new,15,217,10,8
TRPJAI250809b0e26101,2025-08-09,RJ01,new,19,265,8,9
TRPSUR2508092be48118,2025-08-09,GJ01,repeated,13,123,7,8
TRPCOI250809a7916946,2025-08-09,TN01,repeated,21,191,7,8
TRPVAD2508095559613e,2025-08-09,GJ02,new,10,98,9,7
TRPJAI25080905d6889c,2025-08-09,RJ01,new,43,553,9,9
TRPMYS25080975518adb,2025-08-09,KA01,new,14,175,8,9
TRPJAI2508099d7c3b52,2025-08-09,RJ01,repeated,24,325,8,10
TRPJAI250809b7b032b9,2025-08-09,RJ01,new,20,277,8,10
TRPIND25080988ea3001,2025-08-09,MP01,repeated,14,135,7,7
TRPVAD2508092a98f76f,2025-08-09,GJ02,new,10,98,8,7
TRPVIS2508091c15a802,2025-08-09,AP01,new,28,279,8,8
TRPLUC2508099489ed9a,2025-08-09,UP01,repeated,10,116,7,5
TRPJAI25080930d769eb,2025-08-09,RJ01,new,42,541,8,8
TRPLUC250809eadc8402,2025-08-09,UP01,repeated,15,161,7,8
TRPVIS250809f19ef3e5,2025-08-09,AP01,new,25,252,9,9
TRPLUC25080979e866eb,2025-08-09,UP01,new,16,170,8,6
TRPIND250809b8d95ee1,2025-08-09,MP01,new,13,127,8,9
TRPIND250809c668dbb2,2025-08-09,MP01,repeated,22,199,8,8
TRPKOC2508096812cfb9,2025-08-09,KL01,repeated,13,174,9,10
TRPJAI2508099b50978b,2025-08-09,RJ01,repeated,43,553,7,8
TRPCOI25080951af5f82,2025-08-09,TN01,repeated,8,87,8,7
TRPCOI2508090c259b56,2025-08-09,TN01,repeated,9,95,8,7
TRPJAI250809d0f0d549,2025-08-09,RJ01,new,25,337,9,10
TRPKOC2508095e3e4a7b,2025-08-09,KL01,new,22,273,9,9
TRPCOI25080948d07e39,2025-08-09,TN01,repeated,17,159,7,6
TRPJAI250809d2054d09,2025-08-09,RJ01,new,22,301,9,8
TRPCHA2508098cf55290,2025-08-09,CH01,repeated,21,215,8,8
TRPCHA25080900a96de3,2025-08-09,CH01,new,12,134,9,9
TRPKOC2508090efa3819,2025-08-09,KL01,new,29,350,8,10
TRPCHA250809a01cd128,2025-08-09,CH01,new,20,206,8,9
TRPKOC2508093999c735,2025-08-09,KL01,repeated,25,306,9,8
TRPCOI250809476db28a,2025-08-09,TN01,new,21,191,8,9
TRPJAI25080982cb8364,2025-08-09,RJ01,repeated,21,289,8,9
TRPJAI25080948d55cd0,2025-08-09,RJ01,new,25,337,8,8
TRPVAD2508090561c7f4,2025-08-09,GJ02,new,9,90,7,7
TRPCHA25080992d8c899,2025-08-09,CH01,new,19,197,7,8
TRPIND25080914264a77,2025-08-09,MP01,repeated,19,175,8,9
TRPCHA250809e0e0ca18,2025-08-09,CH01,new,18,188,7,8
TRPLUC250809f0d8447d,2025-08-09,UP01,repeated,12,134,6,5
TRPCOI2508093d84c7a7,2025-08-09,TN01,repeated,11,111,8,7
TRPVAD250809657e0337,2025-08-09,GJ02,repeated,16,146,5,5
TRPCHA2508093420b470,2025-08-09,CH01,repeated,31,305,7,8
TRPJAI250809acd21f33,2025-08-09,RJ01,repeated,18,253,7,10
TRPJAI250809b10af5db,2025-08-09,RJ01,new,42,541,8,10
TRPKOC2508095535e539,2025-08-09,KL01,repeated,17,218,7,10
TRPKOC25080975b68df2,2025-08-09,KL01,new,36,427,9,9
TRPIND250809e385a883,2025-08-09,MP01,repeated,19,175,6,7
TRPJAI250809beaa4969,2025-08-09,RJ01,new,26,349,9,9
TRPLUC25080966fe3912,2025-08-09,UP01,repeated,5,71,5,8
TRPJAI250809cba8f6fa,2025-08-09,RJ01,new,21,289,9,9
TRPSUR250809c1b9a743,2025-08-09,GJ01,repeated,14,131,7,5
TRPSUR250809b1b2af59,2025-08-09,GJ01,new,15,139,9,8
TRPKOC2508095d3c0305,2025-08-09,KL01,new,25,306,10,8
TRPJAI2508094e5322ca,2025-08-09,RJ01,repeated,41,529,9,9
TRPCHA250809243d2f58,2025-08-09,CH01,repeated,22,224,6,6
TRPLUC250809bf10a28d,2025-08-09,UP01,new,7,89,9,7
TRPLUC250809ed6b090c,2025-08-09,UP01,repeated,8,98,5,6
TRPIND250809f3661ada,2025-08-09,MP01,new,18,167,7,7
TRPMYS25080935b911b4,2025-08-09,KA01,new,8,115,8,9
TRPCHA250809dd83870b,2025-08-09,CH01,repeated,13,143,9,8
TRPLUC25080955796f0c,2025-08-09,UP01,repeated,6,80,5,8
TRPLUC2508090f615033,2025-08-09,UP01,new,11,125,9,6
TRPVAD250809d6560c78,2025-08-09,GJ02,new,13,122,9,6
TRPIND2508093a5f13c3,2025-08-09,MP01,new,15,143,8,8
TRPCHA25080957cf6845,2025-08-09,CH01,repeated,22,224,6,8
TRPJAI2508096c936d08,2025-08-09,RJ01,repeated,39,505,7,8
TRPVIS250809af78ce62,2025-08-09,AP01,repeated,12,135,8,10
TRPSUR2508099b2d3cb4,2025-08-09,GJ01,repeated,10,99,6,7
TRPSUR2508093188a891,2025-08-09,GJ01,repeated,17,155,6,5
TRPVIS250809a3f6855b,2025-08-09,AP01,repeated,16,171,8,9
TRPLUC250809a4b79ee7,2025-08-09,UP01,repeated,15,161,7,8
TRPIND250809fd7f459f,2025-08-09,MP01,new,13,127,8,7
TRPKOC25080987380db7,2025-08-09,KL01,new,12,163,8,8
TRPCHA2508095a88babd,2025-08-09,CH01,repeated,15,161,6,6
TRPCHA250809b11f4620,2025-08-09,CH01,new,29,287,9,7
TRPMYS25080909279d62,2025-08-09,KA01,new,12,155,8,8
TRPIND2508096ffbab7b,2025-08-09,MP01,repeated,13,127,8,8
TRPVAD2508091e064b1a,2025-08-09,GJ02,new,13,122,9,8
TRPJAI250809f49cc41a,2025-08-09,RJ01,new,31,409,9,10
TRPLUC250809c6ea6eb2,2025-08-09,UP01,new,17,179,7,8
TRPVAD250809664fcaf6,2025-08-09,GJ02,new,18,162,7,7
TRPCHA2508099158dfd2,2025-08-09,CH01,repeated,23,233,8,9
TRPCOI250809d8e69e2e,2025-08-09,TN01,new,18,167,8,8
TRPVIS250809fe9a0980,2025-08-09,AP01,new,24,243,8,10
TRPSUR2508097604595d,2025-08-09,GJ01,repeated,10,99,5,6
TRPSUR2508093e24746c,2025-08-09,GJ01,new,14,131,7,7
TRPIND250809985772fa,2025-08-09,MP01,repeated,15,143,8,8
TRPJAI2508098611b5a2,2025-08-09,RJ01,repeated,27,361,8,9
TRPIND250809ba7740c1,2025-08-09,MP01,repeated,11,111,9,6
TRPKOC250809b543b76c,2025-08-09,KL01,new,25,306,8,10
TRPIND25080909fbd704,2025-08-09,MP01,repeated,23,207,8,6
TRPIND25080989e2c49e,2025-08-09,MP01,repeated,18,167,6,7
TRPIND2508094fdaddb5,2025-08-09,MP01,repeated,12,119,7,7
TRPLUC2508099f19ed3c,2025-08-09,UP01,repeated,20,206,5,7
TRPLUC2508097a93c8f4,2025-08-09,UP01,repeated,15,161,7,5
TRPCOI250809db388b30,2025-08-09,TN01,new,13,127,8,7
TRPJAI2508097dd3d799,2025-08-09,RJ01,repeated,36,469,7,10
TRPIND2508093d58e379,2025-08-09,MP01,repeated,9,95,7,9
TRPCOI250809311be731,2025-08-09,TN01,repeated,22,199,8,6
TRPCHA250809005f9a97,2025-08-09,CH01,repeated,26,260,7,8
TRPCHA2508099cd80bf7,2025-08-09,CH01,new,31,305,7,8
TRPJAI2508093e9cc53e,2025-08-09,RJ01,new,32,421,8,10
TRPIND250809fbb49310,2025-08-09,MP01,repeated,22,199,8,8
TRPLUC250809a74913bd,2025-08-09,UP01,repeated,5,71,6,6
TRPLUC250809a876cbff,2025-08-09,UP01,repeated,18,188,6,5
TRPVIS250809058da7cd,2025-08-09,AP01,new,24,243,10,8
TRPVAD250809529f1a01,2025-08-09,GJ02,repeated,8,82,6,8
TRPLUC2508094bd66f2a,2025-08-09,UP01,repeated,5,71,7,6
TRPIND25080946d6aa6f,2025-08-09,MP01,new,24,215,7,8
TRPIND250809f45ce602,2025-08-09,MP01,repeated,17,159,7,9
TRPVIS2508093fd58e9f,2025-08-09,AP01,new,31,306,9,8
TRPLUC2508095a4013f9,2025-08-09,UP01,repeated,15,161,6,8
TRPCHA250809d9172790,2025-08-09,CH01,new,30,296,9,8
TRPCHA2508098432e840,2025-08-09,CH01,new,17,179,10,8
TRPLUC250809aa36a68c,2025-08-09,UP01,repeated,12,134,5,5
TRPCHA25080987c9cacd,2025-08-09,CH01,repeated,23,233,9,7
TRPCOI250809232ce78c,2025-08-09,TN01,new,17,159,9,8
TRPCHA2508094cc7dce7,2025-08-09,CH01,new,30,296,10,8
TRPCOI25080947d6f80f,2025-08-09,TN01,new,8,87,10,8
TRPKOC250809b07794e2,2025-08-09,KL01,new,19,240,9,9
TRPKOC2508093d09c058,2025-08-09,KL01,repeated,25,306,9,8
TRPSUR250809c52d41e0,2025-08-09,GJ01,repeated,5,59,6,6
TRPIND250809c6bafb50,2025-08-09,MP01,repeated,18,167,8,6
TRPLUC25080917df62a4,2025-08-09,UP01,repeated,13,143,6,5
TRPLUC250809025277d6,2025-08-09,UP01,repeated,9,107,5,7
TRPLUC25080904d11777,2025-08-09,UP01,repeated,13,143,7,6
TRPCHA2508095fde5548,2025-08-09,CH01,repeated,14,152,7,6
TRPCHA250809ef1df92d,2025-08-09,CH01,repeated,30,296,9,9
TRPLUC25080998c05e8d,2025-08-09,UP01,repeated,15,161,7,7
TRPIND250809b675528c,2025-08-09,MP01,repeated,19,175,6,6
TRPIND250809b3fc4fbf,2025-08-09,MP01,repeated,13,127,7,9
TRPLUC250809039aea79,2025-08-09,UP01,repeated,6,80,7,7
TRPCHA250809b8495445,2025-08-09,CH01,repeated,25,251,9,8
TRPLUC250809ad188579,2025-08-09,UP01,repeated,6,80,7,5
TRPKOC250809d2c5abc7,2025-08-09,KL01,repeated,11,152,9,9
TRPIND250809ce0ab891,2025-08-09,MP01,new,24,215,8,7
TRPJAI2508093c366bd3,2025-08-09,RJ01,repeated,29,385,7,9
TRPLUC250809d4fdc8f6,2025-08-09,UP01,repeated,10,116,7,6
TRPKOC250809fe8a356b,2025-08-09,KL01,new,22,273,10,8
TRPSUR2508090f18ff8f,2025-08-09,GJ01,repeated,5,59,6,6
TRPJAI25080954ec43bf,2025-08-09,RJ01,repeated,33,433,9,10
TRPVIS250809af44aa48,2025-08-09,AP01,new,30,297,10,8
TRPLUC2508095323ea1f,2025-08-09,UP01,repeated,17,179,6,6
TRPCOI2508094282c2e9,2025-08-09,TN01,new,11,111,9,9
TRPLUC250809ea88b5bd,2025-08-09,UP01,repeated,5,71,7,5
TRPKOC2508092ca2fdb7,2025-08-09,KL01,repeated,11,152,7,9
TRPLUC25080980758469,2025-08-09,UP01,repeated,16,170,6,5
TRPLUC250809f0926e5e,2025-08-09,UP01,new,5,71,7,6
TRPLUC2508097b4600a9,2025-08-09,UP01,new,20,206,8,6
TRPCHA2508095fe46422,2025-08-09,CH01,repeated,19,197,9,9
TRPIND250809c4ac5132,2025-08-09,MP01,repeated,9,95,8,9
TRPVIS250809990c83ee,2025-08-09,AP01,new,18,189,9,9
TRPVIS250809bb536375,2025-08-09,AP01,repeated,14,153,9,9
TRPLUC250809e57b6c19,2025-08-09,UP01,repeated,12,134,6,6
TRPKOC2508097f87056f,2025-08-09,KL01,new,26,317,10,8
TRPCHA2508098ef44e11,2025-08-09,CH01,new,12,134,8,7
TRPVIS2508096ad4ab10,2025-08-09,AP01,new,35,342,9,8
TRPKOC25080938ae7621,2025-08-09,KL01,new,22,273,9,9
TRPCHA2508099b5a72e9,2025-08-09,CH01,repeated,35,341,9,9
TRPJAI250809528bc3ea,2025-08-09,RJ01,repeated,42,541,9,10
TRPJAI250809dc5111d5,2025-08-09,RJ01,repeated,38,493,9,8
TRPKOC250809cb144af9,2025-08-09,KL01,repeated,37,438,7,10
TRPLUC250809ece8da68,2025-08-09,UP01,new,20,206,8,8
TRPCHA2508097ed1e0d0,2025-08-09,CH01,new,32,314,9,9
TRPLUC250809d392811b,2025-08-09,UP01,repeated,5,71,5,5
TRPLUC2508091fa199b3,2025-08-09,UP01,repeated,11,125,7,8
TRPLUC250809a1e950d8,2025-08-09,UP01,new,16,170,8,7
TRPCHA2508095270a6c0,2025-08-09,CH01,repeated,24,242,7,8
TRPCOI2508095b16c5d3,2025-08-09,TN01,repeated,8,87,9,8
TRPCHA25080977a26eb1,2025-08-09,CH01,new,13,143,8,9
TRPVIS2508091759cc94,2025-08-09,AP01,new,22,225,8,9
TRPVAD2508095c2527af,2025-08-09,GJ02,repeated,11,106,7,8
TRPJAI25080932805269,2025-08-09,RJ01,repeated,33,433,7,10
TRPKOC250809d98baa95,2025-08-09,KL01,new,24,295,8,8
TRPLUC2508098abab2f8,2025-08-09,UP01,repeated,18,188,6,8
TRPJAI250809c33ca382,2025-08-09,RJ01,repeated,31,409,8,9
TRPCOI250809db11c862,2025-08-09,TN01,new,13,127,10,8
TRPMYS25080965016f42,2025-08-09,KA01,new,23,265,10,9
TRPSUR2508099def451e,2025-08-09,GJ01,repeated,17,155,6,6
TRPCHA2508094fde837d,2025-08-09,CH01,repeated,29,287,6,6
TRPCHA25080918d5b37b,2025-08-09,CH01,new,33,323,9,7
TRPJAI2508095081a9c3,2025-08-09,RJ01,new,23,313,8,10
TRPJAI25080942a320fa,2025-08-09,RJ01,new,17,241,8,8
TRPVIS25080950c5ed65,2025-08-09,AP01,new,16,171,10,10
TRPMYS25080988b73ba1,2025-08-09,KA01,new,23,265,8,8
TRPKOC2508097701ca49,2025-08-09,KL01,new,14,185,9,9
TRPVAD250809c0512e0a,2025-08-09,GJ02,repeated,7,74,7,8
TRPLUC250809cc783206,2025-08-09,UP01,repeated,15,161,6,8
TRPSUR250809e709c0c4,2025-08-09,GJ01,repeated,6,67,7,8
TRPSUR250809dec716cc,2025-08-09,GJ01,new,5,59,9,6
TRPLUC250809238075a8,2025-08-09,UP01,repeated,13,143,5,7
TRPIND25080946c71f94,2025-08-09,MP01,repeated,9,95,9,7
TRPIND250809f00bdbed,2025-08-09,MP01,repeated,25,223,7,7
TRPSUR2508092d9a875b,2025-08-09,GJ01,repeated,15,139,7,8
TRPCOI2508097f87015e,2025-08-09,TN01,repeated,12,119,9,6
TRPVAD25080956fb60d3,2025-08-09,GJ02,repeated,7,74,6,7
TRPJAI2508092d0bfa11,2025-08-09,RJ01,new,41,529,10,10
TRPSUR250809069df60c,2025-08-09,GJ01,repeated,15,139,6,5
TRPLUC2508093919bd2e,2025-08-09,UP01,repeated,7,89,5,7
TRPJAI2508095ed92e4b,2025-08-09,RJ01,repeated,45,577,7,10
TRPLUC25080998a4ffc6,2025-08-09,UP01,repeated,5,71,6,8
TRPVIS250809a1e38828,2025-08-09,AP01,repeated,28,279,8,8
TRPMYS250809a242ad75,2025-08-09,KA01,repeated,22,255,7,10
TRPCHA250809a3aa8d6e,2025-08-09,CH01,new,16,170,7,8
TRPMYS25080906da747c,2025-08-09,KA01,new,12,155,8,9
TRPJAI25080946625c0b,2025-08-09,RJ01,new,33,433,9,10
TRPSUR2508093fec9db6,2025-08-09,GJ01,repeated,5,59,5,7
TRPKOC2508092cd0fdc0,2025-08-09,KL01,new,23,284,9,9
TRPKOC25080927569d02,2025-08-09,KL01,repeated,23,284,7,10
TRPJAI250809cf147cba,2025-08-09,RJ01,repeated,16,229,7,8
TRPIND25080951c0cf3c,2025-08-09,MP01,repeated,19,175,6,7
TRPLUC250809265514a7,2025-08-09,UP01,repeated,19,197,7,7
TRPIND250809629dd6a3,2025-08-09,MP01,new,19,175,8,7
TRPJAI250809980dab18,2025-08-09,RJ01,new,38,493,8,8
TRPJAI2508094cfc3e38,2025-08-09,RJ01,new,15,217,9,8
TRPIND2508090dfc10c1,2025-08-09,MP01,repeated,19,175,8,9
TRPJAI250809719c53e6,2025-08-09,RJ01,new,17,241,8,9
TRPKOC250809ad2724c3,2025-08-09,KL01,repeated,34,405,8,9
TRPSUR2508095c2716ff,2025-08-09,GJ01,repeated,13,123,7,7
TRPVIS250809e54c6d41,2025-08-09,AP01,repeated,11,126,9,10
TRPIND25080977f9291a,2025-08-09,MP01,repeated,13,127,9,8
TRPVAD250809d5919f8b,2025-08-09,GJ02,repeated,5,58,6,7
TRPLUC25080949e7f52a,2025-08-09,UP01,repeated,14,152,7,5
TRPJAI250809c09a3a0f,2025-08-09,RJ01,new,34,445,10,8
TRPVIS25080991b1b2d9,2025-08-09,AP01,new,21,216,9,9
TRPVIS250809bd6cfe73,2025-08-09,AP01,repeated,13,144,8,8
TRPVAD2508097d55bff8,2025-08-09,GJ02,repeated,17,154,6,8
TRPSUR2508098bf35cb0,2025-08-09,GJ01,repeated,16,147,6,7
TRPLUC250809876da259,2025-08-09,UP01,repeated,11,125,5,6
TRPKOC25080999b79f49,2025-08-09,KL01,new,36,427,8,8
TRPCHA250809e6e3da0e,2025-08-09,CH01,new,31,305,7,9
TRPJAI25080997cb8979,2025-08-09,RJ01,repeated,31,409,9,8
TRPSUR250809ed5ddeca,2025-08-09,GJ01,repeated,13,123,7,8
TRPCOI25080950b5b24e,2025-08-09,TN01,repeated,14,135,9,8
TRPSUR250809040a63c5,2025-08-09,GJ01,repeated,7,75,5,5
TRPKOC250809c5df77b1,2025-08-09,KL01,new,29,350,9,9
TRPJAI2508099a6bbbf4,2025-08-09,RJ01,repeated,26,349,8,10
TRPJAI250809eb9a5575,2025-08-09,RJ01,repeated,38,493,9,9
TRPIND25080998d2d5f4,2025-08-09,MP01,repeated,13,127,7,9
TRPJAI250809d1420e0f,2025-08-09,RJ01,repeated,36,469,8,9
TRPLUC250809ae7e93c7,2025-08-09,UP01,repeated,5,71,7,5
TRPCHA25080977c68e15,2025-08-09,CH01,repeated,14,152,9,7
TRPSUR250809ef05c882,2025-08-09,GJ01,repeated,7,75,5,7
TRPSUR2508091f1f50f6,2025-08-09,GJ01,repeated,7,75,7,5
TRPLUC2508099cc22e0c,2025-08-09,UP01,repeated,12,134,6,8
TRPLUC250809533e31e5,2025-08-09,UP01,new,17,179,8,6
TRPIND250809408a13fd,2025-08-09,MP01,repeated,14,135,9,7
TRPJAI2508098249b238,2025-08-09,RJ01,repeated,25,337,8,8
TRPLUC25080916f3861e,2025-08-09,UP01,repeated,13,143,6,6
TRPJAI250809546eed53,2025-08-09,RJ01,new,18,253,10,8
TRPVIS250809c315123a,2025-08-09,AP01,new,18,189,10,10
TRPLUC25080980ae824a,2025-08-09,UP01,repeated,11,125,7,7
TRPJAI250809cbbd62f3,2025-08-09,RJ01,new,44,565,9,10
TRPVIS2508094906305e,2025-08-09,AP01,repeated,25,252,8,8
TRPIND250809a19bf6fa,2025-08-09,MP01,repeated,19,175,7,8
TRPIND250809a7dee192,2025-08-09,MP01,repeated,11,111,7,9
TRPJAI25080934745015,2025-08-09,RJ01,repeated,30,397,9,10
TRPCOI2508091b5000be,2025-08-09,TN01,repeated,17,159,7,7
TRPLUC250809fe5ce921,2025-08-09,UP01,repeated,6,80,7,5
TRPCOI250809c880a7ea,2025-08-09,TN01,new,18,167,7,9
TRPKOC2508091e9e5f12,2025-08-09,KL01,repeated,37,438,9,9
TRPMYS2508098a1482d7,2025-08-09,KA01,new,13,165,10,8
TRPCHA25080944ecc8bf,2025-08-09,CH01,new,13,143,9,9
TRPKOC25080972617935,2025-08-09,KL01,new,34,405,9,10
TRPVIS2508093384547c,2025-08-09,AP01,repeated,28,279,9,10
TRPKOC25080945a59f96,2025-08-09,KL01,repeated,17,218,7,8
TRPCHA2508091908c4a9,2025-08-09,CH01,repeated,31,305,7,8
TRPLUC2508094563770f,2025-08-09,UP01,repeated,13,143,5,5
TRPCHA25080936805b0f,2025-08-09,CH01,repeated,31,305,6,6
TRPMYS250809966ce641,2025-08-09,KA01,new,19,225,10,9
TRPKOC250809535f1b0e,2025-08-09,KL01,repeated,38,449,7,10
TRPMYS250809795212c9,2025-08-09,KA01,new,12,155,8,10
TRPLUC25080945704736,2025-08-09,UP01,new,5,71,7,6
TRPCOI250809efb4dd1c,2025-08-09,TN01,new,9,95,10,9
TRPLUC25080956d1bb35,2025-08-09,UP01,repeated,14,152,5,6
TRPJAI25080970aa708f,2025-08-09,RJ01,new,27,361,9,10
TRPCHA25080996027748,2025-08-09,CH01,repeated,34,332,9,6
TRPCHA250809b0b67c04,2025-08-09,CH01,repeated,20,206,7,6
TRPCHA25080951828330,2025-08-09,CH01,new,35,341,7,8
TRPJAI25080970ba5060,2025-08-09,RJ01,new,26,349,9,10
TRPLUC2508091c1086b6,2025-08-09,UP01,repeated,20,206,5,7
TRPSUR2508092d8ccb49,2025-08-09,GJ01,repeated,12,115,7,7
TRPCOI250809f6bb74da,2025-08-09,TN01,repeated,20,183,9,6
TRPLUC250809235be971,2025-08-09,UP01,repeated,17,179,5,5
TRPVIS25080954336b4c,2025-08-09,AP01,new,24,243,10,10
TRPCHA250809852fa744,2025-08-09,CH01,repeated,22,224,8,9
TRPSUR250809ebef8bd8,2025-08-09,GJ01,new,6,67,8,7
TRPVIS2508090bb58ac9,2025-08-09,AP01,repeated,32,315,9,9
TRPSUR250809096d2099,2025-08-09,GJ01,repeated,7,75,6,5
TRPVAD250809a7b832b3,2025-08-09,GJ02,new,5,58,8,6
TRPSUR2508099d208f83,2025-08-09,GJ01,new,6,67,7,8
TRPCOI2508093d98ca63,2025-08-09,TN01,repeated,16,151,9,8
TRPIND250809d75654f4,2025-08-09,MP01,repeated,8,87,9,6
TRPVIS2508091b19fe3b,2025-08-09,AP01,new,12,135,10,10
TRPJAI2508097de4b323,2025-08-09,RJ01,new,32,421,10,8
TRPJAI25080964904db4,2025-08-09,RJ01,new,23,313,9,8
TRPSUR25080954a81476,2025-08-09,GJ01,repeated,14,131,7,7
TRPKOC25080985e14377,2025-08-09,KL01,repeated,20,251,8,10
TRPJAI250809b909055d,2025-08-09,RJ01,new,35,457,10,9
TRPJAI250809ab826e42,2025-08-09,RJ01,new,41,529,8,10
TRPCOI250809fe4ec094,2025-08-09,TN01,repeated,14,135,9,6
TRPJAI250809d082ad06,2025-08-09,RJ01,repeated,34,445,8,8
TRPCOI25080966aa6f9d,2025-08-09,TN01,repeated,13,127,7,6
TRPCHA25080998d4ab66,2025-08-09,CH01,new,14,152,10,7
TRPLUC2508099105bf28,2025-08-09,UP01,repeated,19,197,7,5
TRPVIS250809ad85ab95,2025-08-09,AP01,repeated,24,243,9,9
TRPSUR25080951679c57,2025-08-09,GJ01,new,15,139,7,7
TRPKOC250809426947b6,2025-08-09,KL01,repeated,20,251,8,10
TRPCHA25080921cdeede,2025-08-09,CH01,new,30,296,8,7
TRPKOC2508095509dec7,2025-08-09,KL01,new,36,427,10,9
TRPVAD250809dbea4ba7,2025-08-09,GJ02,repeated,14,130,7,5
TRPCHA250809487be36a,2025-08-09,CH01,repeated,27,269,6,7
TRPJAI250809a9c13077,2025-08-09,RJ01,new,24,325,9,9
TRPLUC2508097f2e14bb,2025-08-09,UP01,repeated,8,98,5,7
TRPVAD250809e4612c2e,2025-08-09,GJ02,repeated,18,162,7,8
TRPLUC25080978fe0597,2025-08-09,UP01,repeated,11,125,6,5
TRPSUR2508097605f0ac,2025-08-09,GJ01,repeated,7,75,6,5
TRPIND25080963d8827c,2025-08-09,MP01,repeated,12,119,9,7
TRPLUC250809d1dd1c40,2025-08-09,UP01,repeated,5,71,7,8
TRPSUR2508097bfcf87a,2025-08-09,GJ01,repeated,9,91,7,7
TRPVIS2508097910bd9e,2025-08-09,AP01,repeated,17,180,8,9
TRPMYS250809a4b9e4b6,2025-08-09,KA01,new,13,165,10,8
TRPIND250809a5ab7a5a,2025-08-09,MP01,repeated,25,223,6,8
TRPSUR250809e02d384c,2025-08-09,GJ01,new,12,115,8,7
TRPJAI250809bd9bc3ef,2025-08-09,RJ01,repeated,32,421,7,10
TRPVIS2508090928c378,2025-08-09,AP01,repeated,14,153,7,9
TRPJAI2508094980336e,2025-08-09,RJ01,new,34,445,10,8
TRPSUR2508093681f3a8,2025-08-09,GJ01,new,14,131,8,8
TRPIND250809808595a9,2025-08-09,MP01,new,14,135,7,9
TRPJAI25080939293395,2025-08-09,RJ01,repeated,29,385,8,8
TRPVIS250809a084edc4,2025-08-09,AP01,new,29,288,9,8
TRPVIS250809a0e51ac3,2025-08-09,AP01,repeated,25,252,9,9
TRPCHA250809dc3fba86,2025-08-09,CH01,new,19,197,10,7
TRPIND250809601c0729,2025-08-09,MP01,repeated,10,103,9,9
TRPLUC2508094d9ed8ca,2025-08-09,UP01,repeated,8,98,7,6
TRPLUC250809b8c2387a,2025-08-09,UP01,repeated,14,152,5,6
TRPCOI250809fa5d5d36,2025-08-09,TN01,new,21,191,7,8
TRPVIS250809c45cb463,2025-08-09,AP01,new,15,162,9,10
TRPIND250809c1038f37,2025-08-09,MP01,repeated,15,143,7,8
TRPIND25080970985d2c,2025-08-09,MP01,new,25,223,8,7
TRPIND2508091a60b693,2025-08-09,MP01,repeated,22,199,8,8
TRPLUC250809893aa1ff,2025-08-09,UP01,repeated,15,161,5,8
TRPMYS2508098158039c,2025-08-09,KA01,repeated,21,245,7,9
TRPIND2508098523b9f4,2025-08-09,MP01,new,24,215,9,7
TRPKOC2508093ac0fd00,2025-08-09,KL01,new,10,141,10,9
TRPIND25080951418098,2025-08-09,MP01,new,14,135,10,7
TRPLUC250809066fa27e,2025-08-09,UP01,new,12,134,9,6
TRPMYS2508093bd5e768,2025-08-09,KA01,new,21,245,9,10
TRPLUC2508099d7e3294,2025-08-09,UP01,repeated,12,134,6,6
TRPVAD2508096d06137d,2025-08-09,GJ02,repeated,18,162,6,6
TRPCHA250809e32e06ba,2025-08-09,CH01,new,34,332,7,7
TRPVAD2508093a82c3e2,2025-08-09,GJ02,repeated,17,154,7,8
TRPJAI25080956c849d1,2025-08-09,RJ01,new,17,241,8,9
TRPVAD25080945d06399,2025-08-09,GJ02,repeated,9,90,6,8
TRPCHA250809c1365022,2025-08-09,CH01,repeated,34,332,8,8
TRPSUR25080907e760b3,2025-08-09,GJ01,repeated,5,59,7,7
TRPCOI250809866bdc66,2025-08-09,TN01,repeated,11,111,9,8
TRPLUC250809d8476dbe,2025-08-09,UP01,repeated,7,89,6,5
TRPCOI2508097571276a,2025-08-09,TN01,repeated,18,167,8,6
TRPLUC25080962e5c8fc,2025-08-09,UP01,repeated,20,206,6,8
TRPLUC2508096b5db517,2025-08-09,UP01,repeated,14,152,6,7
TRPKOC250809c28a3f37,2025-08-09,KL01,repeated,13,174,7,8
TRPJAI25080957f40fd5,2025-08-09,RJ01,new,24,325,8,10
TRPJAI250809911f5791,2025-08-09,RJ01,repeated,38,493,8,10
TRPSUR25080955644b47,2025-08-09,GJ01,repeated,13,123,5,6
TRPSUR2508096bc3e66c,2025-08-09,GJ01,repeated,6,67,5,5
TRPKOC2508098707fcff,2025-08-09,KL01,new,26,317,8,9
TRPVAD250809d87caec1,2025-08-09,GJ02,new,5,58,7,8
TRPIND2508090310290c,2025-08-09,MP01,repeated,21,191,6,6
TRPVIS2508099a953781,2025-08-09,AP01,repeated,34,333,8,10
TRPSUR2508099b56091f,2025-08-09,GJ01,repeated,12,115,6,8
TRPVIS250809193fe402,2025-08-09,AP01,new,34,333,8,10
TRPSUR250809f2ea6e4e,2025-08-09,GJ01,repeated,14,131,5,5
TRPSUR250809aa3aefbe,2025-08-09,GJ01,repeated,17,155,7,8
TRPJAI250809f9fb453c,2025-08-09,RJ01,new,15,217,8,10
TRPIND2508091208eace,2025-08-09,MP01,repeated,24,215,8,9
TRPSUR25080980754673,2025-08-09,GJ01,repeated,17,155,7,5
TRPIND2508096e0a6e47,2025-08-09,MP01,new,21,191,7,9
TRPLUC25080965f46bdd,2025-08-09,UP01,repeated,15,161,6,7
TRPMYS250809523c5cba,2025-08-09,KA01,repeated,22,255,7,8
TRPCHA250809da503ae9,2025-08-09,CH01,new,17,179,7,8
TRPJAI2508097e518526,2025-08-09,RJ01,new,45,577,8,9
TRPKOC250809ff441350,2025-08-09,KL01,repeated,20,251,9,10
TRPVIS2508092290e45a,2025-08-09,AP01,repeated,20,207,8,10
TRPLUC25080925207f39,2025-08-09,UP01,repeated,10,116,6,8
TRPJAI2508093ce4cf8b,2025-08-09,RJ01,repeated,25,337,7,10
TRPLUC2508096da919af,2025-08-09,UP01,new,6,80,8,6
TRPKOC250809ab104655,2025-08-09,KL01,new,35,416,10,8
TRPCHA250809087891a6,2025-08-09,CH01,repeated,12,134,9,8
TRPCOI250809f01bd619,2025-08-09,TN01,repeated,13,127,8,6
TRPJAI250809388732af,2025-08-09,RJ01,new,22,301,9,10
TRPSUR2508097b4f12ba,2025-08-09,GJ01,repeated,9,91,5,5
TRPLUC250809472ac1e5,2025-08-09,UP01,repeated,9,107,5,7
TRPIND250809fe6c0265,2025-08-09,MP01,repeated,9,95,8,8
TRPLUC2508095e451b20,2025-08-09,UP01,repeated,15,161,7,6
TRPSUR2508099e4fcd45,2025-08-09,GJ01,repeated,8,83,7,7
TRPIND250809d9316aeb,2025-08-09,MP01,repeated,10,103,8,8
TRPVAD2508093a9dbeea,2025-08-09,GJ02,new,11,106,7,7
TRPVAD250809d124ff77,2025-08-09,GJ02,repeated,13,122,5,8
TRPKOC25080952910d5e,2025-08-09,KL01,new,25,306,10,8
TRPCOI250809111b565a,2025-08-09,TN01,repeated,18,167,8,6
TRPLUC2508095a957dad,2025-08-09,UP01,repeated,18,188,6,8
TRPJAI250809b91237e5,2025-08-09,RJ01,repeated,40,517,8,8
TRPMYS2508098f43cbe4,2025-08-09,KA01,new,20,235,8,10
TRPCHA250809356f115c,2025-08-09,CH01,repeated,22,224,6,6
TRPJAI250809a086b8e6,2025-08-09,RJ01,new,39,505,10,10
TRPSUR250809128f2e0f,2025-08-09,GJ01,repeated,5,59,5,7
TRPLUC2508093b22896b,2025-08-09,UP01,repeated,16,170,6,8
TRPSUR250809a16dd815,2025-08-09,GJ01,new,12,115,3,2
TRPVAD250809404b1512,2025-08-09,GJ02,repeated,12,114,7,8
TRPCHA250809143c122e,2025-08-09,CH01,new,15,161,9,8
TRPSUR250809d5b9e678,2025-08-09,GJ01,new,12,115,8,7
TRPIND2508094d0ea0d9,2025-08-09,MP01,new,12,119,7,8
TRPCOI250809819481e7,2025-08-09,TN01,new,20,183,10,8
TRPIND250809f6bf6805,2025-08-09,MP01,new,19,175,10,8
TRPIND250809dc00b06e,2025-08-09,MP01,repeated,23,207,8,9
TRPSUR250809ac7edfd0,2025-08-09,GJ01,repeated,8,83,7,7
TRPLUC2508095fcec9d6,2025-08-09,UP01,repeated,6,80,7,8
TRPVAD250809ec6f2674,2025-08-09,GJ02,repeated,11,106,6,5
TRPMYS25080955363df1,2025-08-09,KA01,new,9,125,8,8
TRPVIS250809b02eb617,2025-08-09,AP01,new,33,324,8,10
TRPKOC250809ac0b5b5f,2025-08-09,KL01,new,30,361,9,9
TRPSUR2508090a763333,2025-08-09,GJ01,repeated,13,123,6,7
TRPLUC250809fddc21a7,2025-08-09,UP01,repeated,8,98,6,6
TRPCHA2508098bdd305c,2025-08-09,CH01,repeated,14,152,7,9
TRPLUC2508093a3f5507,2025-08-09,UP01,new,16,170,7,8
TRPCHA250809743dd072,2025-08-09,CH01,repeated,22,224,8,8
TRPSUR25080979eb429a,2025-08-09,GJ01,repeated,5,59,5,8
TRPIND2508093f23851c,2025-08-09,MP01,new,13,127,8,9
TRPLUC250809c505024d,2025-08-09,UP01,repeated,18,188,5,7
TRPCOI250809ea15c6b0,2025-08-09,TN01,new,13,127,7,9
TRPLUC2508095fbe540b,2025-08-09,UP01,new,17,179,7,7
TRPLUC2508097b5db5e4,2025-08-09,UP01,new,6,80,8,7
TRPVAD250809d7f021cf,2025-08-09,GJ02,repeated,14,130,6,7
TRPCOI250809fca1ed7e,2025-08-09,TN01,new,10,103,8,9
TRPSUR250809d60ef38a,2025-08-09,GJ01,repeated,17,155,6,5
TRPSUR250809ba9d8ca6,2025-08-09,GJ01,new,13,123,8,7
TRPVAD25080949b95b9e,2025-08-09,GJ02,repeated,7,74,5,5
TRPLUC2508091ce1f861,2025-08-09,UP01,repeated,8,98,5,7
TRPJAI2508096480e8c6,2025-08-09,RJ01,new,31,409,9,9
TRPKOC250809e8734d00,2025-08-09,KL01,repeated,26,317,8,8
TRPIND250809bf487861,2025-08-09,MP01,repeated,16,151,6,8
TRPVAD2508093bab1997,2025-08-09,GJ02,new,15,138,7,6
TRPJAI2508096abe8e20,2025-08-09,RJ01,new,16,229,9,8
TRPLUC250809d9545fac,2025-08-09,UP01,repeated,11,125,5,7
TRPKOC250809b7ba7b35,2025-08-09,KL01,new,34,405,8,8
TRPSUR250809087e6026,2025-08-09,GJ01,repeated,10,99,5,5
TRPJAI250809dd45ad4e,2025-08-09,RJ01,repeated,29,385,7,8
TRPLUC2508090ddfa79d,2025-08-09,UP01,repeated,14,152,6,6
TRPIND2508091ffd6813,2025-08-09,MP01,new,12,119,9,7
TRPLUC250809bd0857c0,2025-08-09,UP01,new,5,71,8,7
TRPMYS250809cc590605,2025-08-09,KA01,new,13,165,9,9
TRPVAD250809f2d5571c,2025-08-09,GJ02,repeated,16,146,7,6
TRPVIS2508096416b4d4,2025-08-09,AP01,new,25,252,9,9
TRPSUR25080965505421,2025-08-09,GJ01,repeated,12,115,5,6
TRPJAI250809e229a31a,2025-08-09,RJ01,repeated,45,577,7,9
TRPKOC250809a95d77e6,2025-08-09,KL01,new,24,295,10,10
TRPSUR25080924d5c245,2025-08-09,GJ01,new,17,155,8,8
TRPCOI250809c1aeb17a,2025-08-09,TN01,new,11,111,7,7
TRPJAI2508092e422fab,2025-08-09,RJ01,repeated,27,361,9,9
TRPLUC25080976968583,2025-08-09,UP01,repeated,7,89,6,8
TRPLUC2508096544e3b1,2025-08-09,UP01,repeated,9,107,5,5
TRPVAD250809cfc3f906,2025-08-09,GJ02,new,17,154,7,7
TRPJAI250809041784b1,2025-08-09,RJ01,repeated,22,301,8,9
TRPSUR2508093a93ea48,2025-08-09,GJ01,repeated,11,107,7,6
TRPJAI250809ad7a778f,2025-08-09,RJ01,new,27,361,10,10
TRPLUC2508091cd069b2,2025-08-09,UP01,new,6,80,8,7
